# Blender 4.0.2
# www.blender.org
mtllib object.mtl
o Suzanne
v 0.439019 0.159939 0.756944
v -0.439019 0.159939 0.756944
v 0.483073 0.112847 0.684896
v -0.483073 0.112847 0.684896
v 0.527344 0.072917 0.582031
v -0.527344 0.072917 0.582031
v 0.351563 0.002604 0.615885
v -0.351563 0.002604 0.615885
v 0.351780 0.059028 0.711155
v -0.351780 0.059028 0.711155
v 0.352648 0.125868 0.774306
v -0.352648 0.125868 0.774306
v 0.269314 0.159939 0.788846
v -0.269314 0.159939 0.788846
v 0.221137 0.112847 0.731988
v -0.221137 0.112847 0.731988
v 0.175781 0.072917 0.644531
v -0.175781 0.072917 0.644531
v 0.104167 0.243490 0.653646
v -0.104167 0.243490 0.653646
v 0.167101 0.242622 0.736545
v -0.167101 0.242622 0.736545
v 0.235243 0.243273 0.791667
v -0.235243 0.243273 0.791667
v 0.269314 0.329861 0.788846
v -0.269314 0.329861 0.788846
v 0.221137 0.373698 0.731988
v -0.221137 0.373698 0.731988
v 0.175781 0.417969 0.644531
v -0.175781 0.417969 0.644531
v 0.351563 0.489583 0.615885
v -0.351563 0.489583 0.615885
v 0.351780 0.427951 0.711155
v -0.351780 0.427951 0.711155
v 0.352648 0.365017 0.774306
v -0.352648 0.365017 0.774306
v 0.439019 0.329861 0.756944
v -0.439019 0.329861 0.756945
v 0.483073 0.373698 0.684896
v -0.483073 0.373698 0.684896
v 0.527344 0.417969 0.582031
v -0.527344 0.417969 0.582031
v 0.598958 0.243490 0.567708
v -0.598958 0.243490 0.567708
v 0.537326 0.242622 0.672743
v -0.537326 0.242622 0.672743
v 0.473524 0.243273 0.749132
v -0.473524 0.243273 0.749132
v 0.449797 0.243345 0.780237
v -0.449797 0.243345 0.780237
v 0.422815 0.314381 0.786820
v -0.422815 0.314381 0.786820
v 0.352720 0.344039 0.802879
v -0.352720 0.344039 0.802879
v 0.285012 0.314381 0.815104
v -0.285012 0.314381 0.815104
v 0.256510 0.243345 0.817419
v -0.256510 0.243345 0.817419
v 0.285012 0.175637 0.815104
v -0.285012 0.175637 0.815104
v 0.352264 0.243239 0.818309
v -0.352264 0.243239 0.818309
v 0.352720 0.147135 0.802879
v -0.352720 0.147135 0.802879
v 0.422815 0.175637 0.786820
v -0.422815 0.175637 0.786820
v 0.000000 0.434028 0.735243
v 0.000000 0.353456 0.803030
v 0.000000 -0.654080 0.736979
v 0.000000 -0.301649 0.778646
v -0.000000 -0.171441 0.789497
v 0.000000 -0.762153 0.713108
v 0.000000 0.448061 0.623264
v 0.000000 0.566604 0.532907
v 0.000000 0.839844 -0.474392
v 0.000000 0.506076 -0.745660
v 0.000000 0.100260 -0.753906
v 0.000000 -0.342448 -0.289931
v 0.235026 -0.174045 0.580946
v -0.235026 -0.174045 0.580946
v 0.281033 -0.444878 0.564236
v -0.281033 -0.444879 0.564236
v 0.315104 -0.654948 0.555773
v -0.315104 -0.654948 0.555773
v 0.329861 -0.832465 0.532552
v -0.329861 -0.832465 0.532552
v 0.293620 -0.924479 0.526693
v -0.293620 -0.924479 0.526693
v 0.168403 -0.957465 0.547092
v -0.168403 -0.957465 0.547092
v 0.000000 -0.970486 0.562066
v 0.423177 -0.109375 0.550564
v -0.423177 -0.109375 0.550564
v 0.622179 -0.004123 0.522352
v -0.622179 -0.004123 0.522352
v 0.777127 0.173394 0.492188
v -0.777127 0.173394 0.492188
v 0.803603 0.382378 0.567925
v -0.803603 0.382378 0.567925
v 0.686415 0.478516 0.624132
v -0.686415 0.478516 0.624132
v 0.491753 0.588759 0.680339
v -0.491754 0.588759 0.680339
v 0.323134 0.697266 0.724175
v -0.323134 0.697266 0.724175
v 0.180122 0.662326 0.745009
v -0.180122 0.662326 0.745009
v 0.079644 0.501953 0.741754
v -0.079644 0.501953 0.741754
v 0.167535 0.406250 0.783203
v -0.167535 0.406250 0.783203
v 0.121962 0.311198 0.776476
v -0.121962 0.311198 0.776476
v 0.215929 0.065972 0.749349
v -0.215929 0.065972 0.749349
v 0.370009 0.030599 0.708333
v -0.370009 0.030599 0.708333
v 0.509115 0.079210 0.672960
v -0.509115 0.079210 0.672960
v 0.615885 0.190321 0.651910
v -0.615885 0.190321 0.651910
v 0.639540 0.300564 0.658420
v -0.639540 0.300564 0.658420
v 0.585938 0.378038 0.685981
v -0.585938 0.378038 0.685981
v 0.442491 0.445096 0.733941
v -0.442491 0.445096 0.733941
v 0.245443 0.474826 0.775174
v -0.245443 0.474826 0.775174
v 0.000000 -0.740885 0.732205
v 0.113750 -0.745313 0.722500
v -0.113750 -0.745313 0.722500
v 0.123481 -0.835504 0.699436
v -0.123481 -0.835503 0.699436
v 0.073351 -0.882596 0.685330
v -0.073351 -0.882596 0.685330
v 0.000000 -0.894097 0.680990
v 0.000000 -0.167411 0.765625
v -0.000000 -0.131629 0.751421
v 0.094401 -0.148003 0.756511
v -0.094401 -0.148003 0.756510
v 0.123481 -0.224175 0.751519
v -0.123481 -0.224175 0.751519
v 0.091250 -0.305000 0.744844
v -0.091250 -0.305000 0.744844
v 0.392361 -0.041884 0.665365
v -0.392361 -0.041884 0.665365
v 0.587240 0.050130 0.618490
v -0.587240 0.050130 0.618490
v 0.708333 0.196181 0.599392
v -0.708333 0.196181 0.599392
v 0.730469 0.349175 0.643446
v -0.730469 0.349175 0.643446
v 0.649740 0.430990 0.701172
v -0.649740 0.430990 0.701172
v 0.462457 0.533854 0.760851
v -0.462457 0.533854 0.760851
v 0.319010 0.613064 0.799913
v -0.319010 0.613064 0.799913
v 0.205729 0.584635 0.816840
v -0.205729 0.584635 0.816840
v 0.107639 0.452691 0.814019
v -0.107639 0.452691 0.814019
v 0.153291 -0.093868 0.756155
v -0.153291 -0.093868 0.756155
v 0.207465 -0.463976 0.690321
v -0.207465 -0.463976 0.690321
v 0.240234 -0.675998 0.675130
v -0.240234 -0.675998 0.675130
v 0.250217 -0.810981 0.652995
v -0.250217 -0.810981 0.652995
v 0.221354 -0.894748 0.632379
v -0.221354 -0.894748 0.632378
v 0.138238 -0.927083 0.631076
v -0.138238 -0.927083 0.631076
v 0.000000 -0.937934 0.635417
v 0.000000 0.039299 0.745028
v 0.000000 0.209635 0.764757
v 0.330512 0.486545 0.759766
v -0.330512 0.486545 0.759766
v 0.145616 0.131076 0.753906
v -0.145616 0.131076 0.753906
v 0.120443 0.214627 0.763238
v -0.120443 0.214627 0.763238
v 0.113932 -0.657335 0.728733
v -0.113932 -0.657335 0.728733
v 0.092665 -0.461589 0.739583
v -0.092665 -0.461589 0.739583
v 0.000000 -0.463108 0.746094
v 0.000000 -0.335070 0.750000
v 0.081163 -0.271918 0.781250
v -0.081163 -0.271918 0.781250
v 0.117622 -0.219618 0.789280
v -0.117622 -0.219618 0.789280
v 0.097222 -0.152561 0.782335
v -0.097222 -0.152561 0.782335
v 0.040148 -0.142795 0.782335
v -0.040148 -0.142795 0.782335
v 0.000000 -0.201231 0.820313
v 0.048828 -0.159180 0.808594
v -0.048828 -0.159180 0.808594
v 0.086589 -0.166341 0.808594
v -0.086589 -0.166341 0.808594
v 0.089410 -0.217014 0.816623
v -0.089410 -0.217014 0.816623
v 0.068685 -0.256510 0.804362
v -0.068685 -0.256510 0.804362
v 0.000000 -0.269965 0.804688
v 0.242405 -0.316406 0.562066
v -0.242405 -0.316406 0.562066
v 0.164714 -0.232639 0.702474
v -0.164714 -0.232639 0.702474
v 0.180556 -0.319879 0.690972
v -0.180556 -0.319879 0.690972
v 0.217231 -0.242839 0.569878
v -0.217231 -0.242839 0.569879
v 0.000000 -0.872396 0.678819
v 0.049262 -0.860894 0.682726
v -0.049262 -0.860894 0.682726
v 0.089410 -0.815538 0.699002
v -0.089410 -0.815538 0.699002
v 0.080512 -0.758898 0.713325
v -0.080512 -0.758898 0.713325
v 0.000000 -0.783854 0.664931
v 0.072483 -0.777995 0.665509
v -0.072483 -0.777995 0.665509
v 0.083333 -0.808919 0.660699
v -0.083333 -0.808919 0.660699
v 0.051649 -0.835069 0.647931
v -0.051649 -0.835069 0.647931
v 0.000000 -0.845052 0.646267
v 0.172743 0.221571 0.771484
v -0.172743 0.221571 0.771484
v 0.189887 0.158854 0.767578
v -0.189887 0.158854 0.767578
v 0.338542 0.427300 0.757595
v -0.338542 0.427300 0.757596
v 0.270833 0.419271 0.768012
v -0.270833 0.419271 0.768012
v 0.430990 0.400174 0.747179
v -0.430990 0.400174 0.747179
v 0.544488 0.350694 0.698134
v -0.544488 0.350695 0.698134
v 0.583984 0.284288 0.679036
v -0.583984 0.284288 0.679036
v 0.564887 0.195530 0.679905
v -0.564887 0.195530 0.679905
v 0.476997 0.107639 0.706597
v -0.476997 0.107639 0.706597
v 0.366971 0.073568 0.735243
v -0.366971 0.073568 0.735243
v 0.243707 0.108724 0.763672
v -0.243707 0.108724 0.763672
v 0.178168 0.298394 0.774523
v -0.178168 0.298394 0.774523
v 0.212023 0.373264 0.774740
v -0.212023 0.373264 0.774740
v 0.235677 0.355469 0.759115
v -0.235677 0.355469 0.759115
v 0.201823 0.295573 0.756510
v -0.201823 0.295573 0.756510
v 0.257813 0.126302 0.751302
v -0.257813 0.126302 0.751302
v 0.367188 0.097656 0.727865
v -0.367188 0.097656 0.727865
v 0.460938 0.127604 0.701823
v -0.460938 0.127604 0.701823
v 0.533854 0.207031 0.677083
v -0.533854 0.207031 0.677083
v 0.549479 0.278646 0.673177
v -0.549479 0.278646 0.673177
v 0.515625 0.335938 0.690104
v -0.515625 0.335938 0.690104
v 0.420573 0.384115 0.738281
v -0.420573 0.384115 0.738281
v 0.282552 0.393229 0.761719
v -0.282552 0.393229 0.761719
v 0.339844 0.402344 0.752604
v -0.339844 0.402344 0.752604
v 0.208333 0.173177 0.751302
v -0.208333 0.173177 0.751302
v 0.196615 0.229167 0.751302
v -0.196615 0.229167 0.751302
v 0.133854 0.502240 0.614531
v -0.133854 0.502240 0.614531
v 0.209635 0.635417 0.643229
v -0.209635 0.635417 0.643229
v 0.324219 0.661458 0.625977
v -0.324219 0.661458 0.625977
v 0.445625 0.554063 0.558906
v -0.445625 0.554063 0.558906
v 0.664279 0.466797 0.489149
v -0.664280 0.466797 0.489149
v 0.775825 0.378689 0.443576
v -0.775825 0.378689 0.443576
v 0.767795 0.181424 0.362196
v -0.767795 0.181424 0.362196
v 0.623915 0.000217 0.378255
v -0.623915 0.000217 0.378255
v 0.408958 -0.118125 0.440990
v -0.408958 -0.118125 0.440990
v 0.000000 0.842014 0.255208
v 0.000000 0.939236 -0.087240
v 0.000000 -0.168837 -0.601128
v 0.000000 -0.428385 0.111545
v 0.000000 -0.938802 0.455729
v 0.000000 -0.780382 0.365451
v 0.000000 -0.581597 0.326389
v 0.000000 -0.473524 0.267795
v 0.803385 0.224826 0.131727
v -0.803385 0.224826 0.131727
v 0.825469 0.292500 -0.050000
v -0.825469 0.292500 -0.050000
v 0.757500 0.290469 -0.409063
v -0.757500 0.290469 -0.409063
v 0.392361 0.442274 -0.654297
v -0.392361 0.442274 -0.654297
v 0.685938 -0.025000 0.074063
v -0.685938 -0.025000 0.074063
v 0.625313 -0.102500 -0.170000
v -0.625313 -0.102500 -0.170000
v 0.652561 0.011285 -0.391276
v -0.652561 0.011285 -0.391276
v 0.320457 0.085503 -0.660735
v -0.320457 0.085503 -0.660735
v 0.237196 -0.391493 0.409505
v -0.237196 -0.391493 0.409505
v 0.156250 -0.430556 0.286024
v -0.156250 -0.430556 0.286024
v 0.276042 -0.743056 0.410156
v -0.276042 -0.743056 0.410156
v 0.250000 -0.546875 0.412543
v -0.250000 -0.546875 0.412543
v 0.281901 -0.885417 0.433919
v -0.281901 -0.885417 0.433919
v 0.142795 -0.752387 0.376085
v -0.142795 -0.752387 0.376085
v 0.133464 -0.554036 0.347439
v -0.133464 -0.554036 0.347439
v 0.162109 -0.917752 0.443142
v -0.162109 -0.917752 0.443142
v 0.243854 -0.286406 0.396198
v -0.243854 -0.286406 0.396198
v 0.247251 -0.212457 0.473814
v -0.247251 -0.212457 0.473814
v 0.257921 -0.172201 0.502713
v -0.257921 -0.172201 0.502713
v 0.212448 -0.360469 0.150104
v -0.212448 -0.360469 0.150104
v 0.266059 -0.285373 -0.246745
v -0.266059 -0.285373 -0.246745
v 0.299624 -0.128472 -0.533131
v -0.299624 -0.128472 -0.533131
v 0.409071 0.785590 -0.413845
v -0.409071 0.785590 -0.413846
v 0.408854 0.885200 -0.096137
v -0.408854 0.885200 -0.096137
v 0.409505 0.794488 0.198351
v -0.409505 0.794488 0.198351
v 0.419054 0.572483 0.413411
v -0.419054 0.572483 0.413411
v 0.746962 0.410156 0.276042
v -0.746962 0.410156 0.276042
v 0.630208 0.499132 0.309028
v -0.630208 0.499132 0.309028
v 0.632813 0.672092 0.089844
v -0.632813 0.672092 0.089844
v 0.771918 0.526476 0.078993
v -0.771918 0.526476 0.078993
v 0.774523 0.571181 -0.146701
v -0.774523 0.571181 -0.146701
v 0.635417 0.737196 -0.161675
v -0.635417 0.737196 -0.161675
v 0.632378 0.640625 -0.404080
v -0.632378 0.640625 -0.404080
v 0.753906 0.521159 -0.342448
v -0.753906 0.521159 -0.342448
v 0.598307 0.342448 -0.548394
v -0.598307 0.342448 -0.548394
v 0.481823 0.019062 -0.510885
v -0.481823 0.019063 -0.510885
v 0.826719 0.356875 -0.206250
v -0.826719 0.356875 -0.206250
v 0.405260 -0.185469 0.161979
v -0.405260 -0.185469 0.161979
v 0.442491 -0.168403 -0.206163
v -0.442491 -0.168403 -0.206163
v 0.900174 0.391493 -0.267795
v -0.900174 0.391493 -0.267795
v 0.800130 -0.113715 -0.200304
v -0.800130 -0.113715 -0.200304
v 1.035156 -0.070313 -0.334852
v -1.035156 -0.070313 -0.334852
v 1.246094 0.076172 -0.425781
v -1.246094 0.076172 -0.425781
v 1.310547 0.298828 -0.434896
v -1.310547 0.298828 -0.434896
v 1.213108 0.454861 -0.419922
v -1.213108 0.454861 -0.419922
v 1.034722 0.453776 -0.340495
v -1.034722 0.453776 -0.340495
v 1.031033 0.407552 -0.309245
v -1.031033 0.407552 -0.309245
v 1.177300 0.407552 -0.389106
v -1.177300 0.407552 -0.389106
v 1.251736 0.277344 -0.413628
v -1.251736 0.277344 -0.413628
v 1.197266 0.092014 -0.400174
v -1.197266 0.092014 -0.400174
v 1.030382 -0.028212 -0.306207
v -1.030382 -0.028212 -0.306207
v 0.843316 -0.063151 -0.180773
v -0.843316 -0.063151 -0.180773
v 0.924696 0.355469 -0.242622
v -0.924696 0.355469 -0.242622
v 0.946398 0.307726 -0.294705
v -0.946398 0.307726 -0.294705
v 0.888455 -0.023872 -0.243056
v -0.888455 -0.023872 -0.243056
v 1.037543 0.005642 -0.352648
v -1.037543 0.005642 -0.352648
v 1.177300 0.101345 -0.432292
v -1.177300 0.101345 -0.432292
v 1.224392 0.246745 -0.444879
v -1.224393 0.246745 -0.444878
v 1.162760 0.347873 -0.425564
v -1.162760 0.347873 -0.425564
v 1.036458 0.348741 -0.358507
v -1.036458 0.348741 -0.358507
v 0.854167 0.287760 -0.217014
v -0.854167 0.287760 -0.217014
v 0.826389 0.173611 -0.269314
v -0.826389 0.173611 -0.269314
v 0.777778 0.098090 -0.269965
v -0.777778 0.098090 -0.269965
v 0.809896 0.069661 -0.281576
v -0.809896 0.069661 -0.281576
v 0.817491 0.024523 -0.268880
v -0.817491 0.024523 -0.268880
v 0.814236 -0.013021 -0.255208
v -0.814236 -0.013021 -0.255208
v 0.742043 0.040943 -0.081453
v -0.742043 0.040943 -0.081453
v 0.732865 -0.029271 -0.165833
v -0.732865 -0.029271 -0.165833
v 0.747865 0.054010 -0.193958
v -0.747865 0.054010 -0.193958
v 0.804905 0.199870 -0.196181
v -0.804905 0.199870 -0.196181
v 0.884115 0.247179 -0.269965
v -0.884115 0.247179 -0.269965
v 0.903646 0.224175 -0.319878
v -0.903646 0.224175 -0.319878
v 0.840169 -0.006185 -0.297526
v -0.840169 -0.006185 -0.297526
v 0.853299 0.027127 -0.312934
v -0.853299 0.027127 -0.312934
v 0.831814 0.078125 -0.313802
v -0.831814 0.078125 -0.313802
v 0.798177 0.107747 -0.308919
v -0.798177 0.107747 -0.308919
v 0.846354 0.160373 -0.314019
v -0.846354 0.160373 -0.314019
v 1.051722 0.318432 -0.401910
v -1.051722 0.318432 -0.401910
v 1.158059 0.317564 -0.453125
v -1.158059 0.317564 -0.453125
v 1.210938 0.231988 -0.465278
v -1.210938 0.231988 -0.465278
v 1.165148 0.112630 -0.452474
v -1.165148 0.112630 -0.452474
v 1.037326 0.030599 -0.390625
v -1.037326 0.030599 -0.390625
v 0.904080 -0.000868 -0.298177
v -0.904080 -0.000868 -0.298177
v 0.965929 0.279514 -0.346137
v -0.965929 0.279514 -0.346137
v 0.889974 0.115451 -0.330295
v -0.889974 0.115451 -0.330295
v 0.920790 0.060330 -0.330946
v -0.920790 0.060330 -0.330946
v 1.000000 0.113932 -0.369358
v -1.000000 0.113932 -0.369358
v 0.954210 0.174262 -0.349175
v -0.954210 0.174262 -0.349175
v 1.014106 0.231554 -0.371311
v -1.014106 0.231554 -0.371311
v 1.071398 0.175347 -0.395833
v -1.071398 0.175347 -0.395833
v 1.124674 0.223958 -0.413411
v -1.124675 0.223958 -0.413411
v 1.087529 0.274378 -0.404297
v -1.087529 0.274378 -0.404297
v 1.035807 0.355903 -0.450087
v -1.035807 0.355903 -0.450087
v 1.235388 0.379774 -0.507017
v -1.235388 0.379774 -0.507017
v 1.324436 0.286784 -0.494900
v -1.324436 0.286784 -0.494900
v 1.263166 0.131727 -0.503762
v -1.263166 0.131727 -0.503762
v 1.040148 0.012587 -0.445747
v -1.040148 0.012587 -0.445747
v 0.814019 -0.025825 -0.343967
v -0.814019 -0.025825 -0.343967
v 0.866103 0.299262 -0.375000
v -0.866102 0.299262 -0.375000
v 0.501356 0.242866 0.716797
v 0.464654 0.197862 0.751248
v 0.458035 0.139079 0.726617
v 0.523058 0.172363 0.676053
v -0.523058 0.172363 0.676053
v -0.458035 0.139079 0.726617
v -0.464654 0.197862 0.751248
v -0.501356 0.242866 0.716797
v 0.569770 0.242893 0.621853
v 0.506185 0.091092 0.635417
v 0.580241 0.150879 0.571452
v -0.580241 0.150879 0.571452
v -0.506185 0.091092 0.635417
v -0.569770 0.242893 0.621853
v 0.422716 0.073242 0.697456
v 0.351590 0.028212 0.665880
v 0.446777 0.021159 0.597982
v -0.446777 0.021159 0.597982
v -0.351590 0.028212 0.665880
v -0.422716 0.073242 0.697456
v 0.399251 0.134847 0.765137
v 0.352214 0.096354 0.747694
v -0.352214 0.096354 0.747694
v -0.399251 0.134847 0.765137
v 0.307237 0.134847 0.782796
v 0.248318 0.139079 0.764811
v 0.281087 0.073242 0.723362
v -0.281087 0.073242 0.723362
v -0.248318 0.139079 0.764811
v -0.307237 0.134847 0.782796
v 0.197076 0.091092 0.690620
v 0.256348 0.021159 0.632161
v -0.256348 0.021159 0.632161
v -0.197076 0.091092 0.690620
v 0.181342 0.172363 0.735813
v 0.133518 0.242893 0.697211
v 0.122884 0.150879 0.651530
v -0.122884 0.150879 0.651530
v -0.133518 0.242893 0.697211
v -0.181342 0.172363 0.735813
v 0.244222 0.197862 0.791314
v 0.205566 0.242866 0.768175
v -0.205566 0.242866 0.768175
v -0.244222 0.197862 0.791314
v 0.244222 0.289903 0.791314
v 0.248318 0.348687 0.764811
v 0.181342 0.313368 0.735813
v -0.181342 0.313368 0.735813
v -0.248318 0.348687 0.764811
v -0.244222 0.289903 0.791314
v 0.197076 0.396810 0.690620
v 0.122884 0.337565 0.651530
v -0.122884 0.337565 0.651530
v -0.197076 0.396810 0.690620
v 0.281087 0.413683 0.723362
v 0.351590 0.460395 0.665880
v 0.256348 0.470866 0.632161
v -0.256348 0.470866 0.632161
v -0.351590 0.460395 0.665880
v -0.281087 0.413683 0.723362
v 0.307237 0.355903 0.782796
v 0.352214 0.392090 0.747694
v -0.352214 0.392090 0.747694
v -0.307237 0.355903 0.782796
v 0.399251 0.355903 0.765137
v 0.458035 0.348687 0.726617
v 0.422716 0.413683 0.697456
v -0.422716 0.413683 0.697456
v -0.458035 0.348687 0.726617
v -0.399251 0.355903 0.765137
v 0.506185 0.396810 0.635417
v 0.446777 0.470866 0.597982
v -0.446777 0.470866 0.597982
v -0.506185 0.396810 0.635417
v 0.523058 0.313368 0.676053
v 0.580241 0.337565 0.571452
v -0.580241 0.337565 0.571452
v -0.523058 0.313368 0.676053
v 0.464654 0.289903 0.751248
v -0.464654 0.289903 0.751248
v 0.462095 0.243444 0.767343
v 0.431460 0.322718 0.774514
v 0.444182 0.281901 0.781404
v -0.444182 0.281901 0.781404
v -0.431460 0.322718 0.774513
v -0.462095 0.243444 0.767343
v 0.352819 0.355234 0.791386
v 0.391158 0.337475 0.794090
v -0.391159 0.337475 0.794090
v -0.352819 0.355234 0.791386
v 0.277299 0.322718 0.804986
v 0.315430 0.337475 0.810068
v -0.315430 0.337475 0.810068
v -0.277299 0.322718 0.804986
v 0.246040 0.243444 0.807581
v 0.263003 0.281901 0.817057
v -0.263003 0.281901 0.817057
v -0.246040 0.243444 0.807581
v 0.277299 0.167924 0.804986
v 0.263003 0.206055 0.817057
v -0.263003 0.206055 0.817057
v -0.277299 0.167924 0.804986
v 0.352819 0.136665 0.791386
v 0.315430 0.153628 0.810068
v -0.315430 0.153628 0.810068
v -0.352819 0.136665 0.791386
v 0.431460 0.167924 0.774514
v 0.391159 0.153628 0.794090
v -0.391159 0.153628 0.794090
v -0.431460 0.167924 0.774514
v 0.444182 0.206055 0.781404
v -0.444182 0.206055 0.781404
v 0.417707 0.243141 0.796767
v 0.399450 0.197315 0.801297
v -0.417707 0.243141 0.796767
v -0.399450 0.197315 0.801297
v 0.352476 0.178001 0.812292
v -0.352476 0.178001 0.812292
v 0.306668 0.197315 0.820566
v -0.306668 0.197315 0.820566
v 0.287354 0.243141 0.822320
v -0.287354 0.243141 0.822320
v 0.306668 0.290939 0.820566
v -0.306668 0.290939 0.820566
v 0.352476 0.311085 0.812292
v -0.352476 0.311085 0.812292
v 0.399450 0.290939 0.801297
v -0.399450 0.290939 0.801297
v 0.086480 -0.966580 0.557590
v 0.159424 -0.946994 0.592584
v 0.073432 -0.934788 0.633898
v -0.000000 -0.958279 0.602810
v -0.073432 -0.934787 0.633898
v -0.159424 -0.946994 0.592584
v -0.086480 -0.966580 0.557590
v 0.240370 -0.945204 0.535102
v 0.266032 -0.917833 0.582872
v 0.187527 -0.915717 0.629612
v -0.187527 -0.915717 0.629612
v -0.266032 -0.917833 0.582872
v -0.240370 -0.945204 0.535102
v 0.321587 -0.888563 0.525960
v 0.303467 -0.836779 0.597900
v 0.241564 -0.858724 0.641141
v -0.241564 -0.858724 0.641140
v -0.303467 -0.836779 0.597901
v -0.321588 -0.888563 0.525960
v 0.326226 -0.753310 0.544244
v 0.292074 -0.678087 0.623101
v 0.249295 -0.753744 0.664551
v -0.249295 -0.753744 0.664551
v -0.292074 -0.678087 0.623101
v -0.326226 -0.753310 0.544244
v 0.299615 -0.545682 0.562364
v 0.256863 -0.460775 0.634847
v 0.224908 -0.571208 0.684353
v -0.224908 -0.571208 0.684353
v -0.256863 -0.460775 0.634847
v -0.299615 -0.545682 0.562364
v 0.208736 -0.149290 0.665062
v 0.315186 -0.143338 0.568197
v 0.409559 -0.082872 0.611464
v 0.276213 -0.067246 0.707379
v -0.276213 -0.067246 0.707379
v -0.409559 -0.082872 0.611464
v -0.315186 -0.143338 0.568197
v -0.208736 -0.149291 0.665062
v 0.526666 -0.064480 0.537923
v 0.613091 0.019911 0.574246
v 0.497450 -0.003364 0.637533
v -0.497450 -0.003364 0.637533
v -0.613091 0.019911 0.574246
v -0.526666 -0.064480 0.537923
v 0.710070 0.074870 0.498888
v 0.752577 0.185357 0.549045
v 0.659017 0.117703 0.602919
v -0.659017 0.117703 0.602919
v -0.752577 0.185357 0.549045
v -0.710070 0.074870 0.498888
v 0.809408 0.285780 0.523139
v 0.776720 0.370741 0.613824
v 0.731608 0.279107 0.615804
v -0.731608 0.279107 0.615804
v -0.776720 0.370741 0.613824
v -0.809408 0.285780 0.523139
v 0.760471 0.439155 0.599691
v 0.674832 0.460368 0.674452
v 0.705729 0.393907 0.671983
v -0.705729 0.393907 0.671983
v -0.674832 0.460368 0.674452
v -0.760471 0.439155 0.599691
v 0.591119 0.527941 0.651828
v 0.478651 0.570991 0.733860
v 0.559923 0.479492 0.732069
v -0.559923 0.479492 0.732069
v -0.478651 0.570991 0.733860
v -0.591119 0.527941 0.651828
v 0.403130 0.652452 0.704861
v 0.319038 0.668674 0.776449
v 0.383328 0.582330 0.783474
v -0.383328 0.582330 0.783474
v -0.319038 0.668674 0.776449
v -0.403130 0.652452 0.704861
v 0.247477 0.702176 0.737847
v 0.187880 0.634874 0.795329
v 0.260417 0.615533 0.810981
v -0.260417 0.615533 0.810981
v -0.187880 0.634874 0.795329
v -0.247477 0.702176 0.737847
v 0.125244 0.584012 0.745416
v 0.086887 0.482124 0.791151
v 0.154894 0.522244 0.817627
v -0.154894 0.522244 0.817627
v -0.086887 0.482123 0.791151
v -0.125244 0.584012 0.745416
v 0.038764 0.450494 0.737359
v -0.000000 0.410198 0.782401
v 0.061944 0.399104 0.807711
v -0.061944 0.399104 0.807711
v -0.038764 0.450494 0.737359
v 0.136936 0.427192 0.803657
v 0.204454 0.446072 0.780735
v 0.226318 0.526476 0.801053
v -0.226318 0.526476 0.801053
v -0.204454 0.446072 0.780735
v -0.136936 0.427192 0.803657
v 0.286838 0.488336 0.768039
v 0.323866 0.546143 0.784804
v -0.323866 0.546143 0.784804
v -0.286838 0.488336 0.768039
v 0.380317 0.470947 0.749702
v 0.450521 0.487603 0.751302
v -0.450521 0.487603 0.751302
v -0.380317 0.470947 0.749702
v 0.518202 0.412950 0.710205
v 0.617350 0.401910 0.697320
v -0.617350 0.401910 0.697320
v -0.518202 0.412950 0.710205
v 0.624864 0.342150 0.669027
v 0.681993 0.322917 0.653944
v -0.681993 0.322917 0.653944
v -0.624864 0.342150 0.669027
v 0.637885 0.248861 0.652073
v 0.659180 0.195285 0.631510
v -0.659180 0.195285 0.631510
v -0.637885 0.248861 0.652072
v 0.569824 0.130859 0.659749
v 0.547201 0.067925 0.649713
v -0.547201 0.067925 0.649713
v -0.569824 0.130859 0.659749
v 0.443387 0.044000 0.688775
v 0.378499 -0.002387 0.693685
v -0.378499 -0.002387 0.693685
v -0.443386 0.044000 0.688775
v 0.288086 0.040880 0.731527
v 0.186885 0.005590 0.755652
v -0.186885 0.005590 0.755651
v -0.288086 0.040880 0.731527
v 0.170681 0.096408 0.754313
v 0.089274 0.094936 0.748690
v 0.080060 -0.023837 0.759618
v -0.080060 -0.023837 0.759618
v -0.089274 0.094936 0.748690
v -0.170681 0.096408 0.754313
v 0.139214 0.360189 0.781386
v 0.072361 0.325644 0.790241
v -0.072361 0.325644 0.790241
v -0.139214 0.360189 0.781386
v 0.116726 0.262017 0.770101
v 0.000000 0.274511 0.782998
v 0.066325 0.211236 0.763265
v -0.066325 0.211236 0.763265
v -0.116726 0.262017 0.770101
v 0.000000 0.141309 0.750060
v 0.129937 0.170654 0.757026
v -0.129937 0.170654 0.757026
v 0.105062 -0.903456 0.663574
v 0.037977 -0.891520 0.682021
v 0.000000 -0.914551 0.662598
v -0.037977 -0.891520 0.682020
v -0.105062 -0.903456 0.663574
v 0.168593 -0.863254 0.672825
v 0.103217 -0.865153 0.691162
v -0.103217 -0.865153 0.691162
v -0.168593 -0.863254 0.672824
v 0.184592 -0.775513 0.694359
v 0.129647 -0.792508 0.709889
v -0.129647 -0.792508 0.709889
v -0.184592 -0.775513 0.694359
v 0.149333 -0.462864 0.723660
v 0.103461 -0.565158 0.734809
v 0.177572 -0.666178 0.709663
v -0.177572 -0.666179 0.709663
v -0.103461 -0.565158 0.734809
v -0.149333 -0.462864 0.723660
v 0.117386 -0.712159 0.724877
v -0.117386 -0.712159 0.724877
v 0.088290 -0.375465 0.740570
v 0.043300 -0.327329 0.749467
v 0.000000 -0.384928 0.746582
v 0.043810 -0.462267 0.745280
v -0.043810 -0.462267 0.745280
v -0.043300 -0.327329 0.749467
v -0.088290 -0.375465 0.740570
v 0.055257 -0.654161 0.735948
v -0.000000 -0.562500 0.742025
v -0.055257 -0.654161 0.735948
v 0.000000 -0.711480 0.734429
v 0.054262 -0.736464 0.731414
v -0.054262 -0.736464 0.731414
v 0.115566 -0.260462 0.747582
v 0.119005 -0.221490 0.769748
v 0.106391 -0.248454 0.786160
v 0.082254 -0.281105 0.763627
v -0.082254 -0.281105 0.763627
v -0.106391 -0.248454 0.786160
v -0.119005 -0.221490 0.769748
v -0.115566 -0.260462 0.747582
v 0.117079 -0.184218 0.755398
v 0.095242 -0.152805 0.765110
v 0.114258 -0.183729 0.786784
v -0.114258 -0.183729 0.786784
v -0.095242 -0.152805 0.765110
v -0.117079 -0.184218 0.755398
v 0.054782 -0.126551 0.753359
v 0.028795 -0.142542 0.764481
v 0.069417 -0.138482 0.780545
v -0.069417 -0.138482 0.780545
v -0.028795 -0.142542 0.764481
v -0.054782 -0.126551 0.753359
v 0.000000 -0.160093 0.760589
v 0.000000 -0.170247 0.772135
v 0.017714 -0.160373 0.786811
v -0.017714 -0.160373 0.786811
v 0.000000 -0.312012 0.762370
v 0.043837 -0.292399 0.778971
v -0.043837 -0.292399 0.778971
v 0.000000 -0.289225 0.792643
v 0.076622 -0.263310 0.795454
v 0.040992 -0.264544 0.804636
v -0.040992 -0.264544 0.804636
v -0.076622 -0.263310 0.795454
v -0.000000 -0.177786 0.806707
v 0.033856 -0.176123 0.814812
v 0.045371 -0.148837 0.798524
v -0.045371 -0.148837 0.798524
v -0.033856 -0.176123 0.814812
v 0.068127 -0.160174 0.809450
v 0.094073 -0.157740 0.798524
v -0.094073 -0.157740 0.798524
v -0.068127 -0.160174 0.809450
v 0.090722 -0.187960 0.814366
v 0.109863 -0.218642 0.805718
v -0.109863 -0.218642 0.805718
v -0.090722 -0.187960 0.814366
v 0.080556 -0.240619 0.811432
v -0.080556 -0.240619 0.811432
v 0.052775 -0.212738 0.820894
v -0.052775 -0.212738 0.820894
v 0.000000 -0.241940 0.815605
v -0.000000 -0.067368 0.748360
v 0.103999 -0.128335 0.761687
v -0.103999 -0.128335 0.761687
v 0.139052 -0.227512 0.734972
v 0.153017 -0.179116 0.726314
v -0.153017 -0.179116 0.726314
v -0.139052 -0.227512 0.734972
v 0.136833 -0.313467 0.725257
v 0.173041 -0.275119 0.692247
v -0.173041 -0.275119 0.692247
v -0.136833 -0.313467 0.725257
v 0.192057 -0.380208 0.691705
v -0.192057 -0.380208 0.691705
v 0.260742 -0.369575 0.563151
v 0.219862 -0.321723 0.632216
v -0.219862 -0.321723 0.632216
v -0.260742 -0.369575 0.563151
v 0.228841 -0.276937 0.563856
v 0.195204 -0.239610 0.640490
v -0.195204 -0.239610 0.640490
v -0.228841 -0.276937 0.563856
v 0.209852 -0.207872 0.578912
v -0.209852 -0.207872 0.578912
v 0.087736 -0.753012 0.724524
v 0.000000 -0.755263 0.726563
v 0.046197 -0.757514 0.713949
v -0.046197 -0.757514 0.713949
v -0.087736 -0.753012 0.724524
v 0.098877 -0.821126 0.708008
v 0.093994 -0.782254 0.707791
v -0.093994 -0.782254 0.707791
v -0.098877 -0.821126 0.708008
v 0.055854 -0.869303 0.691515
v 0.072510 -0.842855 0.689806
v -0.072510 -0.842855 0.689806
v -0.055854 -0.869303 0.691515
v 0.000000 -0.880968 0.686578
v 0.024712 -0.869982 0.679471
v -0.024712 -0.869982 0.679471
v 0.000000 -0.863119 0.660753
v 0.047770 -0.852132 0.663402
v 0.026964 -0.842340 0.646638
v -0.026964 -0.842339 0.646638
v -0.047770 -0.852132 0.663402
v 0.085907 -0.811881 0.677369
v 0.071639 -0.823545 0.651694
v -0.071639 -0.823545 0.651694
v -0.085907 -0.811881 0.677369
v 0.077718 -0.764377 0.690421
v 0.085473 -0.790654 0.661853
v -0.085473 -0.790654 0.661853
v -0.077718 -0.764377 0.690421
v 0.000000 -0.768446 0.689833
v 0.041287 -0.779704 0.665817
v -0.041287 -0.779704 0.665817
v 0.000000 -0.813965 0.648275
v 0.061523 -0.805691 0.649333
v -0.061523 -0.805691 0.649333
v 0.153836 0.218099 0.768501
v 0.175727 0.150011 0.762451
v 0.178630 0.188178 0.769043
v -0.178630 0.188178 0.769043
v -0.175727 0.150011 0.762451
v -0.153836 0.218099 0.768501
v 0.156169 0.302762 0.773953
v 0.172282 0.258843 0.773329
v -0.172282 0.258843 0.773329
v -0.156169 0.302762 0.773953
v 0.192952 0.387967 0.775798
v 0.191352 0.337864 0.775201
v -0.191352 0.337864 0.775201
v -0.192952 0.387967 0.775798
v 0.233724 0.096056 0.755534
v 0.208496 0.133057 0.767578
v -0.208496 0.133057 0.767578
v -0.233724 0.096056 0.755534
v 0.367025 0.055501 0.723904
v 0.301432 0.085775 0.751329
v -0.301432 0.085775 0.751329
v -0.367025 0.055501 0.723904
v 0.487522 0.093180 0.693441
v 0.424832 0.081245 0.720758
v -0.424832 0.081245 0.720757
v -0.487522 0.093180 0.693441
v 0.585585 0.190809 0.668918
v 0.526720 0.148248 0.691379
v -0.526720 0.148248 0.691379
v -0.585585 0.190809 0.668918
v 0.607530 0.288927 0.669135
v 0.582574 0.242106 0.676704
v -0.582574 0.242106 0.676704
v -0.607530 0.288927 0.669135
v 0.562202 0.361599 0.689616
v 0.573676 0.320096 0.684353
v -0.573676 0.320095 0.684353
v -0.562202 0.361599 0.689616
v 0.436334 0.416694 0.736898
v 0.491564 0.377550 0.723633
v -0.491564 0.377550 0.723633
v -0.436334 0.416694 0.736898
v 0.335585 0.448703 0.753635
v 0.379883 0.417399 0.755968
v -0.379883 0.417399 0.755968
v -0.335585 0.448703 0.753635
v 0.260335 0.440375 0.766629
v 0.303223 0.428087 0.761990
v -0.303223 0.428087 0.761990
v -0.260335 0.440375 0.766629
v 0.239556 0.400825 0.772434
v -0.239556 0.400825 0.772434
v 0.277669 0.404785 0.766412
v 0.225396 0.363064 0.768880
v 0.258138 0.377767 0.761393
v -0.258138 0.377767 0.761393
v -0.225396 0.363064 0.768880
v -0.277669 0.404785 0.766412
v 0.339681 0.413276 0.757134
v 0.309245 0.401204 0.757650
v -0.309245 0.401204 0.757650
v -0.339681 0.413276 0.757134
v 0.425781 0.390517 0.746718
v 0.376302 0.397135 0.748861
v -0.376302 0.397135 0.748861
v -0.425781 0.390517 0.746718
v 0.529487 0.342665 0.697456
v 0.471517 0.362467 0.714681
v -0.471517 0.362467 0.714681
v -0.529487 0.342665 0.697456
v 0.565511 0.281304 0.679281
v 0.540365 0.308268 0.677246
v -0.540365 0.308268 0.677246
v -0.565511 0.281304 0.679281
v 0.548476 0.201199 0.681342
v 0.548503 0.245280 0.672689
v -0.548503 0.245280 0.672689
v -0.548476 0.201199 0.681342
v 0.468804 0.118761 0.707791
v 0.502279 0.164876 0.687988
v -0.502279 0.164876 0.687988
v -0.468804 0.118761 0.707791
v 0.367160 0.086833 0.735135
v 0.416992 0.104329 0.714844
v -0.416992 0.104329 0.714844
v -0.367160 0.086833 0.735135
v 0.251166 0.117757 0.761149
v 0.309570 0.107096 0.741537
v -0.309570 0.107096 0.741537
v -0.251166 0.117757 0.761149
v 0.199680 0.166016 0.762614
v 0.225260 0.148763 0.753255
v -0.225260 0.148763 0.753255
v -0.199680 0.166016 0.762614
v 0.192030 0.296414 0.768039
v 0.215820 0.327474 0.757813
v -0.215820 0.327474 0.757813
v -0.192030 0.296414 0.768039
v 0.185818 0.225288 0.764567
v 0.196289 0.261882 0.753906
v -0.196289 0.261882 0.753906
v -0.185818 0.225288 0.764567
v 0.200033 0.199707 0.750326
v -0.200033 0.199707 0.750326
v -0.000000 0.438386 0.675673
v 0.090738 0.502255 0.679807
v 0.048995 0.458757 0.623451
v -0.048995 0.458757 0.623451
v -0.090738 0.502255 0.679807
v 0.188874 0.657249 0.685140
v 0.185040 0.577115 0.630477
v -0.185040 0.577115 0.630477
v -0.188874 0.657249 0.685140
v 0.327697 0.689205 0.664414
v 0.266490 0.654885 0.628294
v -0.266490 0.654885 0.628295
v -0.327697 0.689205 0.664414
v 0.490532 0.581079 0.618404
v 0.369838 0.618360 0.602181
v -0.369838 0.618360 0.602181
v -0.490532 0.581079 0.618404
v 0.681044 0.477051 0.562012
v 0.574476 0.508257 0.518944
v -0.574476 0.508257 0.518944
v -0.681044 0.477051 0.562012
v 0.798503 0.382243 0.511203
v 0.732259 0.431369 0.469618
v -0.732259 0.431369 0.469618
v -0.798503 0.382243 0.511203
v 0.774170 0.172282 0.437364
v 0.789632 0.288764 0.399061
v -0.789632 0.288764 0.399061
v -0.774170 0.172282 0.437364
v 0.619141 -0.005371 0.464627
v 0.708143 0.082275 0.359158
v -0.708143 0.082275 0.359158
v -0.619141 -0.005371 0.464627
v 0.426048 -0.111362 0.500414
v 0.528040 -0.062711 0.403472
v -0.528040 -0.062711 0.403472
v -0.426048 -0.111362 0.500414
v 0.067952 -0.573107 0.332275
v 0.000000 -0.514703 0.301812
v 0.085449 -0.460178 0.268446
v 0.142660 -0.480496 0.320882
v -0.142660 -0.480496 0.320882
v -0.085449 -0.460178 0.268446
v -0.067952 -0.573107 0.332275
v 0.071072 -0.771674 0.369059
v 0.000000 -0.676107 0.343316
v 0.134630 -0.649143 0.361925
v -0.134630 -0.649143 0.361925
v -0.071072 -0.771674 0.369059
v 0.081299 -0.932265 0.452203
v 0.000000 -0.873101 0.404405
v 0.152859 -0.847439 0.402696
v -0.152859 -0.847439 0.402696
v -0.081299 -0.932265 0.452203
v 0.168267 -0.951687 0.494385
v 0.000000 -0.968153 0.511014
v -0.168267 -0.951687 0.494385
v 0.297704 -0.910123 0.469745
v 0.237021 -0.901212 0.433368
v -0.237021 -0.901212 0.433368
v -0.297704 -0.910123 0.469745
v 0.318414 -0.788249 0.464030
v 0.285877 -0.831089 0.417661
v -0.285877 -0.831089 0.417661
v -0.318414 -0.788249 0.464030
v 0.296224 -0.598470 0.479438
v 0.262044 -0.644152 0.410455
v -0.262044 -0.644152 0.410455
v -0.296224 -0.598470 0.479438
v 0.213976 -0.735270 0.384901
v 0.194417 -0.537028 0.370877
v -0.194417 -0.537028 0.370877
v -0.213976 -0.735270 0.384901
v 0.202989 -0.401096 0.336941
v 0.242540 -0.460558 0.411838
v -0.242540 -0.460558 0.411838
v -0.202989 -0.401096 0.336941
v 0.268880 -0.413629 0.487440
v -0.268880 -0.413629 0.487440
v 0.241671 -0.302922 0.492069
v 0.252513 -0.240557 0.441998
v 0.224564 -0.235623 0.514251
v -0.224564 -0.235623 0.514251
v -0.252513 -0.240557 0.441998
v -0.241671 -0.302922 0.492069
v 0.232932 -0.340750 0.406656
v -0.232932 -0.340750 0.406656
v 0.246408 -0.177480 0.527377
v 0.241118 -0.190473 0.493333
v -0.241118 -0.190473 0.493333
v -0.246408 -0.177480 0.527377
v 0.313356 -0.148515 0.489019
v -0.313357 -0.148515 0.489019
v 0.000000 -0.051541 -0.694770
v 0.174335 0.095486 -0.722729
v 0.302626 -0.036296 -0.614149
v 0.162941 -0.158746 -0.576353
v -0.162941 -0.158746 -0.576353
v -0.302626 -0.036296 -0.614149
v -0.174334 0.095486 -0.722729
v 0.000000 -0.266059 -0.467828
v 0.287996 -0.213840 -0.409985
v 0.142144 -0.327013 -0.275092
v -0.142144 -0.327013 -0.275092
v -0.287996 -0.213840 -0.409984
v 0.000000 -0.395182 -0.076009
v 0.238980 -0.332279 -0.052839
v 0.108573 -0.411733 0.114971
v -0.108573 -0.411733 0.114971
v -0.238980 -0.332279 -0.052839
v 0.000000 -0.449653 0.217339
v 0.171163 -0.399404 0.242788
v -0.171163 -0.399404 0.242788
v 0.234653 -0.324261 0.283142
v -0.234653 -0.324261 0.283142
v 0.781359 0.198242 0.249240
v 0.652072 -0.006337 0.244161
v 0.768825 0.102902 0.099752
v -0.768825 0.102902 0.099752
v -0.652072 -0.006337 0.244161
v -0.781359 0.198242 0.249240
v 0.000000 0.295519 -0.778266
v 0.213596 0.486708 -0.715034
v 0.357169 0.250543 -0.681957
v -0.357169 0.250543 -0.681957
v -0.213596 0.486708 -0.715034
v 0.000000 0.916016 0.094238
v 0.221598 0.830051 0.240777
v 0.408936 0.863770 0.058187
v 0.221029 0.926297 -0.085422
v -0.221029 0.926297 -0.085422
v -0.408936 0.863770 0.058187
v -0.221598 0.830051 0.240777
v 0.000000 0.917698 -0.283095
v 0.408881 0.865099 -0.256131
v 0.221544 0.826715 -0.449897
v -0.221544 0.826715 -0.449897
v -0.408881 0.865099 -0.256131
v 0.000000 0.696560 -0.637858
v 0.407308 0.633952 -0.556858
v -0.407308 0.633952 -0.556858
v 0.644233 0.465468 0.404460
v 0.754801 0.383274 0.364366
v 0.694119 0.461317 0.298231
v -0.694119 0.461317 0.298231
v -0.754801 0.383274 0.364366
v -0.644233 0.465468 0.404460
v 0.628581 0.581950 0.204156
v 0.757243 0.466200 0.181098
v 0.709771 0.605387 0.085069
v -0.709771 0.605387 0.085069
v -0.757243 0.466200 0.181098
v -0.628581 0.581950 0.204156
v 0.635091 0.724501 -0.033393
v 0.776801 0.563477 -0.030924
v 0.715305 0.660617 -0.155735
v -0.715305 0.660617 -0.155735
v -0.776801 0.563477 -0.030924
v -0.635091 0.724501 -0.033393
v 0.635037 0.714220 -0.288981
v 0.768467 0.551491 -0.260986
v 0.709331 0.571782 -0.377374
v -0.709331 0.571782 -0.377374
v -0.768467 0.551491 -0.260986
v -0.635037 0.714220 -0.288981
v 0.760505 0.426538 -0.377108
v 0.676744 0.304273 -0.487514
v 0.623562 0.506673 -0.494548
v -0.623562 0.506673 -0.494548
v -0.676744 0.304273 -0.487514
v -0.760505 0.426538 -0.377108
v 0.512994 0.391059 -0.600044
v 0.539361 0.717828 -0.406440
v -0.539361 0.717828 -0.406440
v -0.512994 0.391059 -0.600043
v 0.540690 0.816569 -0.132324
v -0.540690 0.816569 -0.132324
v 0.540446 0.738010 0.136122
v -0.540446 0.738010 0.136122
v 0.411675 0.678684 0.317193
v 0.545708 0.538249 0.351535
v -0.545709 0.538249 0.351535
v -0.411675 0.678684 0.317193
v 0.433566 0.530826 0.489118
v -0.433566 0.530826 0.489118
v -0.000000 0.716542 0.395399
v 0.235130 0.589742 0.473158
v -0.235130 0.589742 0.473158
v 0.282537 0.539374 0.575229
v -0.282537 0.539374 0.575229
v 0.108633 0.512475 0.575030
v -0.108633 0.512475 0.575030
v 0.000000 0.486417 0.590088
v 0.789985 0.330349 0.205756
v -0.789985 0.330349 0.205756
v 0.817860 0.261058 0.041852
v 0.813818 0.423303 0.028153
v -0.813818 0.423303 0.028153
v -0.817860 0.261058 0.041852
v 0.828772 0.349030 -0.119958
v 0.805806 0.457859 -0.169039
v -0.805806 0.457859 -0.169039
v -0.828772 0.349030 -0.119958
v 0.806308 0.352328 -0.305045
v -0.806308 0.352328 -0.305045
v 0.307366 -0.276005 0.129492
v 0.360541 -0.226644 -0.224094
v 0.430293 -0.190620 -0.034945
v -0.430293 -0.190620 -0.034945
v -0.360541 -0.226644 -0.224094
v -0.307366 -0.276005 0.129492
v 0.637655 -0.084141 -0.054912
v 0.550699 -0.107208 0.115755
v 0.530138 -0.126753 -0.188287
v -0.530138 -0.126753 -0.188287
v -0.550699 -0.107208 0.115755
v -0.637655 -0.084141 -0.054912
v 0.424266 -0.138150 0.316964
v -0.424266 -0.138150 0.316964
v 0.312364 -0.171068 0.445935
v 0.306987 -0.234928 0.298853
v -0.306987 -0.234928 0.298853
v -0.312364 -0.171068 0.445935
v 0.701375 0.139193 -0.432962
v 0.574620 0.025146 -0.443816
v 0.549279 0.181247 -0.556103
v -0.549279 0.181247 -0.556103
v -0.574620 0.025146 -0.443816
v -0.701375 0.139193 -0.432962
v 0.417832 0.069567 -0.600803
v -0.417832 0.069567 -0.600803
v 0.622559 -0.072351 -0.294881
v 0.461334 -0.100016 -0.365700
v -0.461334 -0.100016 -0.365700
v -0.622559 -0.072351 -0.294881
v 0.394028 -0.075033 -0.510376
v -0.394028 -0.075033 -0.510376
v 1.032634 0.437256 -0.310710
v 0.959147 0.425971 -0.298692
v 0.912679 0.379015 -0.240560
v 0.971517 0.384440 -0.270643
v -0.971517 0.384440 -0.270643
v -0.912679 0.379015 -0.240560
v -0.959147 0.425971 -0.298692
v -1.032634 0.437256 -0.310710
v 1.125217 0.469537 -0.385579
v 1.105143 0.420247 -0.352919
v 1.195285 0.437880 -0.393609
v -1.195285 0.437880 -0.393609
v -1.105143 0.420247 -0.352919
v -1.125217 0.469537 -0.385579
v 1.278836 0.394504 -0.433024
v 1.228923 0.357096 -0.407471
v 1.281711 0.291748 -0.416124
v -1.281711 0.291748 -0.416124
v -1.228923 0.357096 -0.407471
v -1.278836 0.394504 -0.433024
v 1.300049 0.185547 -0.435710
v 1.241184 0.182888 -0.413737
v 1.221436 0.083523 -0.403537
v -1.221436 0.083523 -0.403537
v -1.241184 0.182888 -0.413737
v -1.300049 0.185547 -0.435710
v 1.152344 -0.010498 -0.392931
v 1.123183 0.020671 -0.364176
v 1.031630 -0.052355 -0.306695
v -1.031630 -0.052355 -0.306695
v -1.123183 0.020671 -0.364176
v -1.152344 -0.010498 -0.392931
v 0.913005 -0.103570 -0.258789
v 0.932455 -0.055366 -0.234701
v 0.817247 -0.092909 -0.172635
v -0.817247 -0.092909 -0.172635
v -0.932454 -0.055366 -0.234701
v -0.913005 -0.103570 -0.258789
v 1.032905 -0.007704 -0.325033
v 0.958035 -0.015951 -0.289307
v 0.869303 -0.039198 -0.208740
v -0.869303 -0.039198 -0.208740
v -0.958035 -0.015951 -0.289307
v -1.032905 -0.007704 -0.325033
v 1.182075 0.098389 -0.412164
v 1.114746 0.044623 -0.402317
v -1.114746 0.044623 -0.402317
v -1.182075 0.098389 -0.412164
v 1.231879 0.260824 -0.425184
v 1.214762 0.172906 -0.444119
v -1.214762 0.172906 -0.444119
v -1.231879 0.260824 -0.425184
v 1.166043 0.374702 -0.402615
v 1.206109 0.308702 -0.440348
v -1.206109 0.308702 -0.440348
v -1.166043 0.374702 -0.402615
v 1.032362 0.375298 -0.329074
v 1.100586 0.358073 -0.395861
v -1.100586 0.358073 -0.395861
v -1.032362 0.375298 -0.329074
v 0.936524 0.329481 -0.264431
v 0.985650 0.331082 -0.322862
v -0.985650 0.331082 -0.322862
v -0.936524 0.329481 -0.264431
v 0.733787 0.016047 -0.022830
v 0.689592 -0.070129 -0.140469
v 0.718188 -0.012106 -0.118053
v -0.718188 -0.012106 -0.118053
v -0.689592 -0.070129 -0.140469
v -0.733787 0.016047 -0.022830
v 0.706517 -0.107399 -0.185872
v 0.775267 -0.054265 -0.167971
v -0.775267 -0.054265 -0.167971
v -0.706517 -0.107399 -0.185872
v 0.786348 0.147524 -0.062690
v -0.786348 0.147524 -0.062690
v 0.856045 0.357476 -0.247761
v 0.843119 0.314860 -0.200343
v 0.885444 0.322591 -0.226888
v -0.885444 0.322591 -0.226888
v -0.843119 0.314860 -0.200343
v -0.856045 0.357476 -0.247761
v 0.839301 -0.022190 -0.239041
v 0.781104 -0.017350 -0.214796
v -0.781104 -0.017350 -0.214796
v -0.839301 -0.022190 -0.239041
v 0.811876 0.002414 -0.264730
v 0.780430 0.031715 -0.235542
v 0.738369 0.007248 -0.181629
v -0.738369 0.007248 -0.181629
v -0.780430 0.031715 -0.235542
v -0.811876 0.002414 -0.264730
v 0.790377 0.079754 -0.274723
v 0.766075 0.082378 -0.238019
v 0.816527 0.051298 -0.274587
v -0.816527 0.051298 -0.274587
v -0.766076 0.082378 -0.238019
v -0.790377 0.079754 -0.274723
v 0.794271 0.132107 -0.269070
v 0.812799 0.181939 -0.237874
v 0.771546 0.129289 -0.189643
v -0.771546 0.129289 -0.189643
v -0.812798 0.181939 -0.237874
v -0.794271 0.132107 -0.269070
v 0.869629 0.264621 -0.242025
v 0.830431 0.250407 -0.206435
v 0.856391 0.212267 -0.268582
v -0.856391 0.212267 -0.268582
v -0.830431 0.250407 -0.206434
v -0.869629 0.264621 -0.242025
v 0.913384 0.279324 -0.277615
v -0.913384 0.279324 -0.277615
v 0.812340 0.232860 -0.138324
v -0.812340 0.232860 -0.138324
v 0.740802 0.053018 -0.134472
v -0.740803 0.053018 -0.134472
v 0.953885 0.293620 -0.323269
v 0.892415 0.236654 -0.296875
v 0.932916 0.253391 -0.329346
v -0.932916 0.253391 -0.329346
v -0.892415 0.236654 -0.296875
v -0.953885 0.293620 -0.323269
v 0.835558 0.169189 -0.295085
v 0.875977 0.193088 -0.315565
v -0.875977 0.193088 -0.315565
v -0.835558 0.169189 -0.295085
v 0.786380 0.104518 -0.295009
v 0.815189 0.128240 -0.312547
v -0.815189 0.128240 -0.312547
v -0.786380 0.104518 -0.295009
v 0.818263 0.072932 -0.296981
v 0.809519 0.095322 -0.312520
v -0.809519 0.095322 -0.312520
v -0.818263 0.072932 -0.296981
v 0.837267 0.022569 -0.295383
v 0.848823 0.053684 -0.314182
v -0.848823 0.053684 -0.314182
v -0.837267 0.022569 -0.295383
v 0.829805 -0.010515 -0.284293
v 0.845268 0.005531 -0.307812
v -0.845268 0.005531 -0.307812
v -0.829805 -0.010515 -0.284293
v 0.897407 -0.014811 -0.273221
v 0.859794 -0.006147 -0.292010
v -0.859794 -0.006147 -0.292010
v -0.897407 -0.014811 -0.273221
v 1.042761 0.332420 -0.385579
v 1.004648 0.301306 -0.371338
v -1.004648 0.301306 -0.371338
v -1.042761 0.332420 -0.385579
v 1.164614 0.331715 -0.447239
v 1.106825 0.327908 -0.432292
v -1.106825 0.327908 -0.432292
v -1.164614 0.331715 -0.447239
v 1.224826 0.238064 -0.463867
v 1.195050 0.283538 -0.462945
v -1.195050 0.283538 -0.462945
v -1.224826 0.238064 -0.463867
v 1.178548 0.102431 -0.450928
v 1.200819 0.171495 -0.462864
v -1.200819 0.171495 -0.462864
v -1.178548 0.102431 -0.450928
v 1.041097 0.013319 -0.378065
v 1.107341 0.064779 -0.429606
v -1.107341 0.064779 -0.429606
v -1.041097 0.013319 -0.378065
v 0.966309 0.010064 -0.338053
v -0.966309 0.010064 -0.338053
v 0.857313 0.092556 -0.323676
v 0.882406 0.040229 -0.321696
v 0.910916 0.089355 -0.333632
v -0.910916 0.089355 -0.333632
v -0.882406 0.040229 -0.321696
v -0.857314 0.092556 -0.323676
v 0.922906 0.143636 -0.338840
v 0.960802 0.085259 -0.348769
v 0.978163 0.147352 -0.358371
v -0.978163 0.147352 -0.358371
v -0.960802 0.085259 -0.348769
v -0.922906 0.143636 -0.338840
v 0.983833 0.204536 -0.360080
v 1.037245 0.145047 -0.385200
v 1.038032 0.205160 -0.379096
v -1.038032 0.205160 -0.379096
v -1.037245 0.145047 -0.385200
v -0.983833 0.204536 -0.360080
v 1.047861 0.253671 -0.384060
v 1.101570 0.202231 -0.403783
v 1.107968 0.246240 -0.406292
v -1.107967 0.246240 -0.406292
v -1.101570 0.202231 -0.403783
v -1.047861 0.253671 -0.384060
v 1.065511 0.298584 -0.404378
v 0.988227 0.257731 -0.361654
v -0.988227 0.257731 -0.361654
v -1.065511 0.298584 -0.404378
v 0.926568 0.201660 -0.337050
v -0.926568 0.201660 -0.337050
v 0.865967 0.140923 -0.324680
v -0.865967 0.140923 -0.324680
v 0.915120 0.026964 -0.318386
v -0.915121 0.026964 -0.318387
v 1.021756 0.069336 -0.384060
v -1.021756 0.069336 -0.384060
v 1.121853 0.140489 -0.427327
v -1.121853 0.140489 -0.427328
v 1.167190 0.226116 -0.439428
v -1.167190 0.226116 -0.439428
v 1.130507 0.296902 -0.433729
v -1.130507 0.296902 -0.433729
v 1.038710 -0.063856 -0.391032
v 0.799425 -0.103868 -0.269694
v 0.919759 -0.018256 -0.386312
v -0.919759 -0.018256 -0.386312
v -0.799425 -0.103868 -0.269694
v -1.038710 -0.063856 -0.391032
v 1.261900 0.080187 -0.465314
v 1.162914 0.063938 -0.486364
v -1.162914 0.063938 -0.486364
v -1.261900 0.080187 -0.465314
v 1.325935 0.295174 -0.467527
v 1.316929 0.212057 -0.502927
v -1.316929 0.212057 -0.502927
v -1.325935 0.295174 -0.467527
v 1.225007 0.444173 -0.465477
v 1.299432 0.344639 -0.505653
v -1.299432 0.344639 -0.505654
v -1.225007 0.444173 -0.465477
v 1.035183 0.440077 -0.397163
v 1.140345 0.378092 -0.487314
v -1.140345 0.378092 -0.487314
v -1.035184 0.440077 -0.397163
v 0.885824 0.377848 -0.324490
v 0.942329 0.328966 -0.405382
v -0.942329 0.328966 -0.405382
v -0.885824 0.377848 -0.324490
v 1.038303 0.182780 -0.467936
v 0.839410 0.136719 -0.382840
v -0.839410 0.136719 -0.382840
v -1.038303 0.182780 -0.467936
v 1.249566 0.252577 -0.520861
v -1.249566 0.252577 -0.520860
v 0.807793 0.272250 -0.377447
v -0.807793 0.272250 -0.377447
v 0.728244 -0.011095 -0.350694
v -0.728244 -0.011095 -0.350694
v 0.490041 0.186537 0.719489
v -0.490041 0.186537 0.719489
v 0.553073 0.160645 0.625482
v -0.553074 0.160645 0.625482
v 0.435225 0.044820 0.649906
v -0.435225 0.044820 0.649906
v 0.409326 0.107615 0.736657
v -0.409326 0.107615 0.736657
v 0.295831 0.107615 0.757728
v -0.295831 0.107615 0.757728
v 0.267985 0.044820 0.680183
v -0.267985 0.044820 0.680183
v 0.150211 0.160645 0.695879
v -0.150211 0.160645 0.695879
v 0.216831 0.186537 0.767734
v -0.216831 0.186537 0.767734
v 0.216831 0.299957 0.767734
v -0.216831 0.299957 0.767734
v 0.150211 0.325935 0.695879
v -0.150211 0.325935 0.695879
v 0.267985 0.443698 0.680183
v -0.267985 0.443699 0.680183
v 0.295831 0.380744 0.757728
v -0.295831 0.380744 0.757728
v 0.409326 0.380744 0.736657
v -0.409326 0.380744 0.736657
v 0.435225 0.443698 0.649906
v -0.435225 0.443699 0.649906
v 0.553073 0.325935 0.625482
v -0.553073 0.325935 0.625481
v 0.490041 0.299957 0.719489
v -0.490041 0.299957 0.719489
v 0.454486 0.286075 0.769157
v -0.454486 0.286075 0.769157
v 0.395371 0.346926 0.782428
v -0.395371 0.346926 0.782428
v 0.311598 0.346926 0.799389
v -0.311598 0.346926 0.799389
v 0.254199 0.286075 0.807248
v -0.254199 0.286075 0.807248
v 0.254199 0.202223 0.807248
v -0.254199 0.202223 0.807248
v 0.311598 0.144824 0.799389
v -0.311598 0.144824 0.799389
v 0.395371 0.144824 0.782428
v -0.395371 0.144824 0.782428
v 0.454486 0.202223 0.769157
v -0.454486 0.202223 0.769157
v 0.422494 0.214486 0.793859
v -0.422494 0.214486 0.793859
v 0.381936 0.174040 0.803802
v -0.381936 0.174040 0.803802
v 0.323853 0.174040 0.816225
v -0.323853 0.174040 0.816225
v 0.283407 0.214486 0.821614
v -0.283407 0.214486 0.821615
v 0.283407 0.272710 0.821615
v -0.283407 0.272710 0.821615
v 0.323853 0.315489 0.816225
v -0.323853 0.315489 0.816225
v 0.381936 0.315489 0.803802
v -0.381936 0.315489 0.803803
v 0.422494 0.272710 0.793859
v -0.422494 0.272710 0.793859
v 0.083466 -0.954895 0.599620
v -0.083466 -0.954895 0.599620
v 0.221273 -0.936290 0.585592
v -0.221273 -0.936290 0.585592
v 0.292562 -0.885708 0.587538
v -0.292562 -0.885708 0.587538
v 0.302226 -0.768521 0.610938
v -0.302226 -0.768521 0.610938
v 0.276076 -0.567773 0.631304
v -0.276076 -0.567773 0.631304
v 0.295484 -0.115736 0.642072
v -0.295484 -0.115736 0.642072
v 0.517541 -0.038876 0.591207
v -0.517541 -0.038876 0.591207
v 0.694146 0.094872 0.554169
v -0.694146 0.094872 0.554169
v 0.780457 0.285516 0.574741
v -0.780457 0.285516 0.574741
v 0.741747 0.421882 0.646203
v -0.741747 0.421882 0.646203
v 0.579671 0.510939 0.704603
v -0.579671 0.510939 0.704603
v 0.392802 0.629445 0.758063
v -0.392802 0.629446 0.758064
v 0.250315 0.672221 0.789002
v -0.250315 0.672221 0.789001
v 0.134016 0.561011 0.795417
v -0.134016 0.561011 0.795417
v 0.043345 0.429640 0.785332
v -0.043345 0.429640 0.785332
v 0.180050 0.481635 0.804287
v -0.180050 0.481635 0.804287
v 0.273790 0.548140 0.794607
v -0.273790 0.548140 0.794607
v 0.380001 0.523933 0.770993
v -0.380001 0.523933 0.770993
v 0.538025 0.444197 0.725023
v -0.538025 0.444197 0.725023
v 0.663761 0.365262 0.673547
v -0.663761 0.365261 0.673547
v 0.681257 0.263994 0.638526
v -0.681257 0.263994 0.638526
v 0.612651 0.127323 0.636410
v -0.612651 0.127323 0.636410
v 0.469045 0.023512 0.667803
v -0.469045 0.023512 0.667803
v 0.278078 -0.008243 0.728331
v -0.278078 -0.008243 0.728331
v 0.126433 0.044161 0.756531
v -0.126433 0.044161 0.756531
v 0.099575 0.376184 0.798777
v -0.099575 0.376184 0.798777
v 0.064185 0.269098 0.777106
v -0.064185 0.269098 0.777106
v 0.073018 0.153129 0.751911
v -0.073018 0.153129 0.751911
v 0.055613 -0.911699 0.662659
v -0.055613 -0.911699 0.662659
v 0.143155 -0.889113 0.666501
v -0.143155 -0.889113 0.666501
v 0.181429 -0.822323 0.683162
v -0.181429 -0.822323 0.683162
v 0.163971 -0.568682 0.717679
v -0.163971 -0.568682 0.717678
v 0.184159 -0.730225 0.702409
v -0.184159 -0.730225 0.702409
v 0.042190 -0.381135 0.745845
v -0.042190 -0.381135 0.745845
v 0.049554 -0.563076 0.741123
v -0.049554 -0.563076 0.741123
v 0.056704 -0.709154 0.733286
v -0.056704 -0.709154 0.733286
v 0.107932 -0.253500 0.767214
v -0.107932 -0.253500 0.767214
v 0.114855 -0.184421 0.768273
v -0.114855 -0.184421 0.768273
v 0.062276 -0.138042 0.763376
v -0.062276 -0.138042 0.763376
v 0.010488 -0.160480 0.768974
v -0.010488 -0.160480 0.768974
v 0.043889 -0.302908 0.762474
v -0.043889 -0.302908 0.762474
v 0.041939 -0.280865 0.792963
v -0.041939 -0.280865 0.792963
v 0.022556 -0.165962 0.803512
v -0.022556 -0.165962 0.803512
v 0.071031 -0.144960 0.796838
v -0.071031 -0.144960 0.796838
v 0.107679 -0.186123 0.803347
v -0.107679 -0.186123 0.803347
v 0.099407 -0.243606 0.801515
v -0.099407 -0.243606 0.801515
v 0.061994 -0.183869 0.818119
v -0.061994 -0.183869 0.818119
v 0.045519 -0.241289 0.815105
v -0.045519 -0.241289 0.815105
v 0.057840 -0.086147 0.755838
v -0.057840 -0.086147 0.755838
v 0.128620 -0.179667 0.750233
v -0.128620 -0.179667 0.750233
v 0.139633 -0.268207 0.727148
v -0.139633 -0.268207 0.727148
v 0.139840 -0.376985 0.725219
v -0.139840 -0.376985 0.725219
v 0.237081 -0.379429 0.634213
v -0.237081 -0.379428 0.634213
v 0.207096 -0.278907 0.632599
v -0.207096 -0.278907 0.632599
v 0.185647 -0.194688 0.657297
v -0.185647 -0.194688 0.657297
v 0.049291 -0.750197 0.726772
v -0.049291 -0.750197 0.726772
v 0.103148 -0.782484 0.717433
v -0.103148 -0.782484 0.717433
v 0.081109 -0.850769 0.698744
v -0.081109 -0.850769 0.698744
v 0.028283 -0.878513 0.687642
v -0.028283 -0.878513 0.687642
v 0.024038 -0.860708 0.661125
v -0.024038 -0.860708 0.661125
v 0.069962 -0.835803 0.669020
v -0.069962 -0.835803 0.669020
v 0.090552 -0.783635 0.685093
v -0.090552 -0.783635 0.685093
v 0.044627 -0.764052 0.690842
v -0.044627 -0.764052 0.690842
v 0.034058 -0.810489 0.648895
v -0.034058 -0.810489 0.648895
v 0.075754 -0.805564 0.649704
v -0.075754 -0.805564 0.649704
v 0.162228 0.181695 0.765038
v -0.162228 0.181695 0.765038
v 0.151299 0.258894 0.771481
v -0.151299 0.258894 0.771481
v 0.169922 0.347449 0.775872
v -0.169922 0.347449 0.775872
v 0.196018 0.122494 0.761037
v -0.196018 0.122494 0.761037
v 0.295980 0.069970 0.741570
v -0.295980 0.069970 0.741570
v 0.430122 0.063751 0.708052
v -0.430122 0.063751 0.708052
v 0.542769 0.138343 0.679145
v -0.542769 0.138343 0.679145
v 0.605804 0.242401 0.666280
v -0.605804 0.242401 0.666280
v 0.595435 0.328142 0.675520
v -0.595435 0.328142 0.675520
v 0.503174 0.391232 0.713776
v -0.503174 0.391232 0.713776
v 0.380547 0.436727 0.748450
v -0.380547 0.436727 0.748450
v 0.296719 0.450124 0.759735
v -0.296719 0.450124 0.759735
v 0.224508 0.419461 0.772454
v -0.224508 0.419461 0.772454
v 0.250078 0.387851 0.768633
v -0.250078 0.387851 0.768633
v 0.306966 0.413171 0.761366
v -0.306966 0.413171 0.761366
v 0.378337 0.405589 0.755548
v -0.378337 0.405589 0.755547
v 0.481286 0.368808 0.723002
v -0.481286 0.368808 0.723002
v 0.556064 0.313897 0.683994
v -0.556064 0.313897 0.683994
v 0.564358 0.243479 0.677646
v -0.564358 0.243479 0.677646
v 0.514001 0.157060 0.692868
v -0.514001 0.157060 0.692868
v 0.420902 0.094181 0.721442
v -0.420902 0.094181 0.721442
v 0.305745 0.097168 0.750085
v -0.305745 0.097168 0.750085
v 0.217367 0.140940 0.763835
v -0.217367 0.140940 0.763835
v 0.205499 0.331702 0.768714
v -0.205499 0.331702 0.768714
v 0.185964 0.260098 0.766527
v -0.185964 0.260098 0.766527
v 0.190094 0.193932 0.762858
v -0.190094 0.193932 0.762858
v 0.043606 0.453352 0.677093
v -0.043606 0.453352 0.677093
v 0.137575 0.582376 0.684231
v -0.137575 0.582376 0.684231
v 0.254262 0.694391 0.677066
v -0.254262 0.694391 0.677066
v 0.404027 0.644248 0.644554
v -0.404027 0.644248 0.644554
v 0.588823 0.523528 0.588971
v -0.588823 0.523528 0.588971
v 0.754218 0.438955 0.540036
v -0.754218 0.438955 0.540036
v 0.805776 0.285197 0.468363
v -0.805776 0.285197 0.468363
v 0.706635 0.073476 0.441973
v -0.706635 0.073476 0.441973
v 0.526385 -0.065442 0.483498
v -0.526385 -0.065442 0.483498
v 0.075328 -0.504039 0.305132
v -0.075328 -0.504039 0.305132
v 0.067244 -0.667792 0.349264
v -0.067244 -0.667792 0.349264
v 0.076236 -0.865092 0.404232
v -0.076236 -0.865092 0.404233
v 0.085181 -0.963125 0.506168
v -0.085181 -0.963125 0.506168
v 0.244266 -0.936729 0.480406
v -0.244266 -0.936729 0.480406
v 0.319113 -0.860920 0.463197
v -0.319113 -0.860920 0.463197
v 0.308946 -0.697937 0.471083
v -0.308946 -0.697937 0.471083
v 0.201257 -0.632792 0.377797
v -0.201257 -0.632792 0.377797
v 0.227200 -0.830694 0.401816
v -0.227200 -0.830694 0.401816
v 0.196649 -0.458635 0.356177
v -0.196649 -0.458635 0.356177
v 0.282979 -0.499498 0.484751
v -0.282979 -0.499498 0.484751
v 0.233118 -0.266116 0.502304
v -0.233118 -0.266116 0.502304
v 0.253903 -0.350128 0.488991
v -0.253903 -0.350127 0.488991
v 0.219944 -0.206557 0.524375
v -0.219944 -0.206557 0.524375
v 0.322432 -0.147040 0.517925
v -0.322432 -0.147040 0.517925
v 0.165880 -0.047906 -0.666301
v -0.165880 -0.047906 -0.666301
v 0.155384 -0.252370 -0.447129
v -0.155384 -0.252370 -0.447129
v 0.125203 -0.378636 -0.068659
v -0.125203 -0.378636 -0.068659
v 0.095147 -0.434554 0.217911
v -0.095147 -0.434554 0.217911
v 0.210631 -0.362224 0.315757
v -0.210631 -0.362224 0.315757
v 0.735134 0.090335 0.232339
v -0.735134 0.090335 0.232339
v 0.194060 0.281515 -0.746737
v -0.194060 0.281514 -0.746737
v 0.221100 0.903198 0.086985
v -0.221100 0.903198 0.086985
v 0.221093 0.905528 -0.269185
v -0.221093 0.905528 -0.269185
v 0.221324 0.679193 -0.608568
v -0.221324 0.679192 -0.608568
v 0.707960 0.431959 0.389194
v -0.707960 0.431959 0.389194
v 0.698558 0.530250 0.196350
v -0.698558 0.530250 0.196350
v 0.714939 0.650316 -0.033369
v -0.714939 0.650316 -0.033369
v 0.713998 0.637622 -0.275835
v -0.713998 0.637622 -0.275835
v 0.701191 0.452734 -0.447765
v -0.701191 0.452734 -0.447765
v 0.534071 0.571838 -0.523393
v -0.534071 0.571838 -0.523393
v 0.540524 0.795315 -0.272485
v -0.540524 0.795315 -0.272485
v 0.540660 0.799425 0.006395
v -0.540660 0.799425 0.006395
v 0.540738 0.633409 0.250960
v -0.540738 0.633409 0.250960
v 0.558380 0.501942 0.440154
v -0.558380 0.501942 0.440154
v 0.223789 0.707947 0.371260
v -0.223789 0.707947 0.371260
v 0.279076 0.594031 0.600035
v -0.279076 0.594031 0.600035
v 0.264055 0.533733 0.535880
v -0.264055 0.533733 0.535880
v 0.043831 0.482234 0.594812
v -0.043831 0.482234 0.594812
v 0.783878 0.301693 0.305827
v -0.783878 0.301693 0.305827
v 0.803067 0.376510 0.115901
v -0.803067 0.376510 0.115901
v 0.813537 0.453482 -0.065614
v -0.813537 0.453482 -0.065614
v 0.792182 0.441368 -0.278844
v -0.792182 0.441368 -0.278844
v 0.335332 -0.263090 -0.042816
v -0.335332 -0.263090 -0.042816
v 0.539466 -0.131719 -0.039594
v -0.539466 -0.131719 -0.039594
v 0.542417 -0.078372 0.273223
v -0.542417 -0.078372 0.273223
v 0.320816 -0.194374 0.377783
v -0.320816 -0.194374 0.377783
v 0.280628 -0.279938 0.242705
v -0.280628 -0.279938 0.242705
v 0.286245 -0.166731 0.477754
v -0.286245 -0.166731 0.477755
v 0.627542 0.156363 -0.492076
v -0.627542 0.156363 -0.492076
v 0.468543 0.215902 -0.618937
v -0.468543 0.215902 -0.618937
v 0.541211 -0.073111 -0.331983
v -0.541211 -0.073111 -0.331983
v 0.383582 -0.156565 -0.385386
v -0.383582 -0.156565 -0.385386
v 0.380666 -0.019135 -0.579610
v -0.380666 -0.019135 -0.579610
v 0.965332 0.411116 -0.270264
v -0.965332 0.411116 -0.270264
v 1.114977 0.451860 -0.356411
v -1.114977 0.451860 -0.356411
v 1.254327 0.381304 -0.411092
v -1.254327 0.381304 -0.411092
v 1.270840 0.185703 -0.416484
v -1.270840 0.185703 -0.416484
v 1.137224 0.002981 -0.367038
v -1.137224 0.002981 -0.367038
v 0.920197 -0.083160 -0.230876
v -0.920197 -0.083160 -0.230876
v 0.946455 -0.031742 -0.258128
v -0.946455 -0.031742 -0.258128
v 1.115618 0.035506 -0.378893
v -1.115618 0.035506 -0.378893
v 1.221788 0.178141 -0.424981
v -1.221788 0.178141 -0.424981
v 1.212216 0.330539 -0.419515
v -1.212216 0.330539 -0.419515
v 1.100179 0.386047 -0.369537
v -1.100179 0.386047 -0.369537
v 0.978533 0.355309 -0.292145
v -0.978533 0.355309 -0.292145
v 0.693917 -0.044363 -0.083945
v -0.693917 -0.044363 -0.083945
v 0.736002 -0.086328 -0.155783
v -0.736002 -0.086328 -0.155783
v 0.786423 0.128939 0.006842
v -0.786423 0.128939 0.006842
v 0.871194 0.344740 -0.221652
v -0.871194 0.344740 -0.221652
v 0.812723 -0.033223 -0.201427
v -0.812724 -0.033223 -0.201427
v 0.775182 0.004718 -0.225624
v -0.775182 0.004718 -0.225624
v 0.786391 0.059641 -0.253464
v -0.786391 0.059641 -0.253464
v 0.780888 0.128708 -0.235181
v -0.780888 0.128708 -0.235181
v 0.842017 0.226902 -0.239614
v -0.842017 0.226902 -0.239614
v 0.900696 0.298872 -0.248793
v -0.900696 0.298872 -0.248793
v 0.829524 0.285890 -0.167210
v -0.829525 0.285890 -0.167210
v 0.776391 0.140687 -0.129827
v -0.776391 0.140687 -0.129827
v 0.726315 0.010103 -0.144003
v -0.726315 0.010103 -0.144003
v 0.921217 0.266846 -0.305545
v -0.921217 0.266846 -0.305545
v 0.865167 0.204173 -0.294576
v -0.865167 0.204173 -0.294576
v 0.803637 0.133104 -0.295256
v -0.803637 0.133104 -0.295256
v 0.796292 0.087965 -0.296048
v -0.796292 0.087965 -0.296048
v 0.833621 0.049341 -0.296281
v -0.833621 0.049341 -0.296281
v 0.830491 0.002020 -0.293275
v -0.830491 0.002020 -0.293275
v 0.851281 -0.015924 -0.269400
v -0.851281 -0.015924 -0.269400
v 0.992867 0.315682 -0.351240
v -0.992867 0.315682 -0.351240
v 1.104784 0.341302 -0.420414
v -1.104784 0.341302 -0.420414
v 1.206761 0.295466 -0.460324
v -1.206761 0.295466 -0.460324
v 1.215461 0.169271 -0.462250
v -1.215461 0.169271 -0.462250
v 1.116811 0.049503 -0.423876
v -1.116811 0.049503 -0.423876
v 0.964054 -0.006595 -0.317739
v -0.964054 -0.006595 -0.317739
v 0.876095 0.067440 -0.324995
v -0.876095 0.067440 -0.324995
v 0.945608 0.116869 -0.345351
v -0.945608 0.116869 -0.345350
v 1.008433 0.177975 -0.369771
v -1.008433 0.177975 -0.369771
v 1.069495 0.226727 -0.388269
v -1.069495 0.226727 -0.388269
v 1.024601 0.279867 -0.380605
v -1.024601 0.279867 -0.380605
v 0.956207 0.231191 -0.347409
v -0.956207 0.231191 -0.347409
v 0.897040 0.171058 -0.329664
v -0.897041 0.171058 -0.329664
v 0.834039 0.113681 -0.320677
v -0.834039 0.113681 -0.320677
v 0.872938 0.013695 -0.310290
v -0.872938 0.013695 -0.310290
v 0.966475 0.044935 -0.347510
v -0.966475 0.044935 -0.347510
v 1.075691 0.101729 -0.411055
v -1.075691 0.101729 -0.411055
v 1.154072 0.183041 -0.435866
v -1.154072 0.183041 -0.435866
v 1.156218 0.265839 -0.437955
v -1.156218 0.265839 -0.437955
v 1.102712 0.311813 -0.426885
v -1.102712 0.311813 -0.426885
v 0.913177 -0.096832 -0.321604
v -0.913178 -0.096832 -0.321604
v 1.162332 -0.004612 -0.440722
v -1.162332 -0.004612 -0.440722
v 1.317280 0.186125 -0.469587
v -1.317280 0.186125 -0.469587
v 1.293320 0.387019 -0.470767
v -1.293320 0.387019 -0.470767
v 1.132316 0.456662 -0.438396
v -1.132316 0.456662 -0.438396
v 0.951796 0.412666 -0.354672
v -0.951796 0.412666 -0.354672
v 0.930637 0.154439 -0.417382
v -0.930637 0.154439 -0.417382
v 1.152805 0.218970 -0.504459
v -1.152805 0.218970 -0.504459
v 1.300265 0.271792 -0.518747
v -1.300265 0.271792 -0.518747
v 0.837139 0.343399 -0.314129
v -0.837139 0.343399 -0.314129
v 0.767063 0.131054 -0.391162
v -0.767063 0.131054 -0.391162
v 0.705187 -0.089275 -0.267168
v -0.705187 -0.089275 -0.267168
vn 0.7891 -0.0000 0.6142
vn 0.7437 -0.2496 0.6202
vn 0.7252 -0.2419 0.6446
vn 0.7695 -0.0000 0.6386
vn 0.6034 -0.4829 0.6347
vn 0.5914 -0.4600 0.6623
vn 0.7252 -0.2418 0.6446
vn 0.7252 -0.2418 0.6447
vn 0.5913 -0.4600 0.6623
vn 0.6258 -0.5091 0.5909
vn 0.7682 -0.2677 0.5816
vn 0.8151 -0.0000 0.5793
vn -0.6258 -0.5091 0.5909
vn -0.5913 -0.4600 0.6623
vn -0.7252 -0.2419 0.6447
vn -0.7682 -0.2677 0.5816
vn -0.5914 -0.4600 0.6623
vn -0.6034 -0.4829 0.6347
vn -0.7437 -0.2496 0.6202
vn -0.7252 -0.2418 0.6446
vn -0.7252 -0.2419 0.6446
vn -0.7891 -0.0000 0.6142
vn -0.7695 -0.0000 0.6386
vn -0.8151 -0.0000 0.5793
vn 0.8130 -0.2968 0.5009
vn 0.8641 -0.0000 0.5034
vn 0.7681 -0.2677 0.5816
vn 0.6568 -0.5660 0.4983
vn 0.6653 -0.5863 0.4622
vn 0.8276 -0.3072 0.4698
vn 0.8130 -0.2968 0.5010
vn 0.8804 -0.0000 0.4742
vn -0.6653 -0.5863 0.4622
vn -0.6568 -0.5660 0.4983
vn -0.8130 -0.2968 0.5010
vn -0.8276 -0.3072 0.4698
vn -0.7681 -0.2677 0.5816
vn -0.8130 -0.2968 0.5009
vn -0.8641 -0.0000 0.5034
vn -0.8804 -0.0000 0.4742
vn 0.4006 -0.6870 0.6063
vn 0.4077 -0.7663 0.4966
vn 0.1146 -0.7698 0.6279
vn 0.0913 -0.8580 0.5054
vn 0.0821 -0.8856 0.4571
vn 0.4073 -0.7927 0.4535
vn 0.4073 -0.7928 0.4535
vn -0.0821 -0.8856 0.4571
vn -0.0913 -0.8580 0.5054
vn -0.4077 -0.7663 0.4966
vn -0.4073 -0.7927 0.4535
vn -0.1146 -0.7698 0.6279
vn -0.4006 -0.6870 0.6063
vn -0.4073 -0.7928 0.4535
vn 0.3892 -0.6480 0.6547
vn 0.3859 -0.6144 0.6882
vn 0.1278 -0.7243 0.6775
vn 0.1326 -0.6848 0.7166
vn 0.1327 -0.6848 0.7166
vn 0.5914 -0.4601 0.6623
vn -0.1327 -0.6848 0.7166
vn -0.3859 -0.6144 0.6882
vn -0.1326 -0.6848 0.7166
vn -0.1278 -0.7243 0.6775
vn -0.3892 -0.6480 0.6547
vn -0.5914 -0.4601 0.6623
vn -0.1666 -0.6944 0.7000
vn -0.1479 -0.6546 0.7413
vn -0.4428 -0.5367 0.7183
vn -0.4063 -0.5042 0.7620
vn -0.4712 -0.5632 0.6789
vn -0.1958 -0.7323 0.6522
vn 0.4712 -0.5632 0.6789
vn 0.4063 -0.5042 0.7620
vn 0.1479 -0.6546 0.7413
vn 0.1958 -0.7323 0.6522
vn 0.4428 -0.5367 0.7183
vn 0.1666 -0.6944 0.7000
vn -0.2449 -0.8131 0.5280
vn -0.5394 -0.6276 0.5614
vn -0.2450 -0.8131 0.5280
vn -0.5393 -0.6276 0.5614
vn -0.5605 -0.6489 0.5145
vn -0.2603 -0.8384 0.4789
vn 0.5605 -0.6489 0.5145
vn 0.5394 -0.6276 0.5614
vn 0.2450 -0.8131 0.5280
vn 0.2603 -0.8384 0.4789
vn 0.2449 -0.8131 0.5280
vn -0.6515 -0.2977 0.6978
vn -0.7359 -0.3354 0.5882
vn -0.7095 -0.0000 0.7047
vn -0.8003 -0.0000 0.5996
vn -0.8305 -0.0000 0.5571
vn -0.7634 -0.3482 0.5440
vn 0.8305 -0.0000 0.5571
vn 0.8003 -0.0000 0.5996
vn 0.7359 -0.3354 0.5882
vn 0.7634 -0.3482 0.5440
vn 0.7095 -0.0000 0.7047
vn 0.6515 -0.2977 0.6978
vn -0.6289 -0.2823 0.7245
vn -0.5766 -0.2642 0.7731
vn -0.6289 -0.2823 0.7244
vn -0.6910 -0.0000 0.7228
vn -0.6314 -0.0000 0.7755
vn 0.6314 -0.0000 0.7755
vn 0.5766 -0.2642 0.7731
vn 0.6910 -0.0000 0.7228
vn 0.6289 -0.2823 0.7244
vn 0.6289 -0.2823 0.7245
vn -0.6405 0.2774 0.7161
vn -0.5838 0.2618 0.7685
vn -0.4692 0.5384 0.6999
vn -0.4226 0.5071 0.7512
vn -0.5838 0.2618 0.7686
vn -0.4744 0.5580 0.6809
vn -0.6525 0.2943 0.6983
vn 0.4744 0.5580 0.6809
vn 0.4226 0.5071 0.7512
vn 0.5838 0.2618 0.7686
vn 0.6525 0.2943 0.6983
vn 0.4692 0.5384 0.6999
vn 0.6405 0.2774 0.7161
vn 0.5838 0.2618 0.7685
vn -0.7323 0.3291 0.5962
vn -0.5336 0.6132 0.5825
vn -0.7323 0.3290 0.5962
vn -0.5336 0.6131 0.5825
vn -0.5528 0.6311 0.5442
vn -0.7586 0.3404 0.5556
vn 0.5528 0.6311 0.5442
vn 0.5336 0.6131 0.5825
vn 0.7323 0.3290 0.5962
vn 0.7586 0.3404 0.5556
vn 0.5336 0.6132 0.5825
vn 0.7323 0.3291 0.5962
vn -0.1973 0.7294 0.6550
vn -0.2363 0.7943 0.5596
vn -0.1973 0.7295 0.6550
vn 0.1151 0.7677 0.6304
vn 0.0974 0.8365 0.5392
vn 0.0907 0.8588 0.5043
vn -0.2488 0.8153 0.5229
vn -0.2363 0.7944 0.5596
vn -0.0907 0.8588 0.5043
vn -0.0974 0.8365 0.5392
vn 0.2363 0.7943 0.5596
vn 0.2488 0.8153 0.5229
vn -0.1151 0.7677 0.6304
vn 0.1973 0.7295 0.6550
vn 0.1973 0.7294 0.6550
vn 0.2363 0.7944 0.5596
vn -0.1887 0.7163 0.6718
vn -0.1617 0.6704 0.7242
vn -0.1887 0.7163 0.6717
vn 0.1217 0.7539 0.6457
vn 0.1290 0.7053 0.6971
vn -0.1290 0.7053 0.6971
vn 0.1617 0.6704 0.7242
vn -0.1217 0.7539 0.6457
vn 0.1887 0.7163 0.6717
vn 0.1887 0.7163 0.6718
vn 0.3992 0.6689 0.6271
vn 0.3924 0.6290 0.6711
vn 0.6204 0.4847 0.6165
vn 0.6019 0.4624 0.6510
vn 0.3924 0.6291 0.6711
vn 0.6288 0.5041 0.5921
vn 0.4027 0.6839 0.6084
vn 0.1150 0.7677 0.6304
vn -0.6288 0.5041 0.5921
vn -0.6019 0.4624 0.6510
vn -0.3924 0.6291 0.6711
vn -0.4027 0.6839 0.6084
vn -0.6204 0.4847 0.6165
vn -0.3992 0.6689 0.6271
vn -0.3924 0.6290 0.6711
vn -0.1150 0.7677 0.6304
vn 0.4091 0.7464 0.5249
vn 0.6560 0.5512 0.5156
vn 0.6643 0.5675 0.4866
vn 0.4095 0.7675 0.4932
vn 0.4090 0.7464 0.5249
vn 0.0906 0.8587 0.5043
vn -0.6643 0.5675 0.4866
vn -0.6560 0.5512 0.5156
vn -0.4091 0.7464 0.5249
vn -0.4095 0.7675 0.4932
vn -0.4090 0.7464 0.5249
vn -0.0906 0.8587 0.5043
vn 0.7690 0.2646 0.5819
vn 0.8112 0.2909 0.5074
vn 0.8251 0.2998 0.4789
vn 0.6561 0.5512 0.5156
vn 0.8112 0.2908 0.5074
vn 0.6643 0.5674 0.4866
vn -0.8112 0.2909 0.5074
vn -0.8251 0.2998 0.4789
vn -0.7690 0.2646 0.5819
vn -0.8112 0.2908 0.5074
vn -0.6561 0.5512 0.5156
vn -0.6643 0.5674 0.4866
vn 0.7515 0.2453 0.6124
vn 0.7301 0.2397 0.6399
vn 0.6019 0.4625 0.6510
vn 0.7301 0.2397 0.6400
vn -0.7301 0.2397 0.6400
vn -0.7515 0.2453 0.6124
vn -0.7301 0.2397 0.6399
vn -0.6019 0.4625 0.6510
vn 0.7692 0.2464 0.5896
vn 0.8062 -0.0000 0.5916
vn 0.6404 0.4994 0.5835
vn 0.4883 0.2806 0.8264
vn 0.5589 0.1381 0.8177
vn 0.5851 -0.0000 0.8109
vn -0.4883 0.2806 0.8264
vn -0.6404 0.4994 0.5835
vn -0.7692 0.2464 0.5896
vn -0.5589 0.1381 0.8177
vn -0.8062 -0.0000 0.5916
vn -0.5851 -0.0000 0.8109
vn 0.4118 0.7061 0.5760
vn 0.6404 0.4993 0.5835
vn 0.1217 0.7539 0.6456
vn 0.1143 0.8081 0.5778
vn 0.1812 0.4682 0.8648
vn 0.3581 0.3986 0.8443
vn 0.4883 0.2806 0.8263
vn -0.1812 0.4682 0.8648
vn -0.1143 0.8081 0.5778
vn -0.4118 0.7061 0.5760
vn -0.3581 0.3986 0.8443
vn -0.1217 0.7539 0.6456
vn -0.6404 0.4993 0.5835
vn -0.4883 0.2806 0.8263
vn -0.1887 0.7164 0.6717
vn -0.2229 0.7676 0.6009
vn -0.5260 0.5782 0.6237
vn -0.2292 0.3322 0.9149
vn -0.0305 0.4412 0.8969
vn 0.1143 0.8081 0.5779
vn 0.2292 0.3322 0.9149
vn 0.5260 0.5782 0.6237
vn 0.2229 0.7676 0.6009
vn 0.0305 0.4412 0.8969
vn 0.1887 0.7164 0.6717
vn -0.1144 0.8081 0.5778
vn -0.1143 0.8081 0.5779
vn -0.7164 0.3037 0.6280
vn -0.7806 -0.0000 0.6251
vn -0.7164 0.3038 0.6280
vn -0.3976 -0.0000 0.9176
vn -0.3491 0.1699 0.9216
vn -0.7165 0.3038 0.6280
vn -0.2291 0.3322 0.9149
vn 0.3976 -0.0000 0.9176
vn 0.7806 -0.0000 0.6251
vn 0.7164 0.3038 0.6280
vn 0.3491 0.1699 0.9216
vn 0.7164 0.3037 0.6280
vn 0.7164 0.3037 0.6281
vn 0.7165 0.3038 0.6280
vn 0.2291 0.3322 0.9149
vn -0.7094 -0.3150 0.6305
vn -0.5067 -0.5919 0.6268
vn -0.5068 -0.5919 0.6268
vn -0.2307 -0.3525 0.9069
vn -0.3504 -0.1787 0.9194
vn -0.7095 -0.3150 0.6305
vn -0.3505 -0.1787 0.9194
vn 0.2307 -0.3525 0.9069
vn 0.5068 -0.5919 0.6268
vn 0.7094 -0.3150 0.6305
vn 0.3504 -0.1787 0.9194
vn 0.5067 -0.5919 0.6268
vn 0.4427 -0.5367 0.7183
vn 0.3505 -0.1787 0.9194
vn 0.7095 -0.3150 0.6305
vn -0.4427 -0.5367 0.7183
vn -0.2098 -0.7671 0.6062
vn 0.1156 -0.8028 0.5850
vn 0.1783 -0.4931 0.8515
vn -0.0352 -0.4651 0.8845
vn -0.1783 -0.4931 0.8515
vn -0.1156 -0.8028 0.5850
vn 0.2098 -0.7671 0.6062
vn 0.0352 -0.4651 0.8845
vn 0.4026 -0.7066 0.5819
vn 0.6033 -0.4829 0.6347
vn 0.6266 -0.5121 0.5875
vn 0.6265 -0.5121 0.5875
vn 0.4878 -0.2981 0.8205
vn 0.3580 -0.4205 0.8337
vn -0.4878 -0.2981 0.8205
vn -0.6265 -0.5121 0.5875
vn -0.4026 -0.7066 0.5819
vn -0.3580 -0.4205 0.8337
vn -0.6266 -0.5121 0.5875
vn -0.6033 -0.4829 0.6347
vn 0.7644 -0.2557 0.5918
vn 0.7644 -0.2557 0.5919
vn 0.7644 -0.2556 0.5918
vn 0.5852 -0.0000 0.8109
vn 0.5594 -0.1452 0.8161
vn 0.6265 -0.5122 0.5875
vn -0.5852 -0.0000 0.8109
vn -0.7644 -0.2556 0.5918
vn -0.5594 -0.1452 0.8161
vn -0.7644 -0.2557 0.5919
vn -0.7644 -0.2557 0.5918
vn -0.6265 -0.5122 0.5875
vn 0.1978 -0.0000 0.9802
vn 0.3287 -0.1040 0.9387
vn 0.3848 -0.0628 0.9209
vn 0.3700 -0.0000 0.9290
vn -0.3848 -0.0629 0.9209
vn -0.3700 -0.0000 0.9290
vn -0.3287 -0.1040 0.9387
vn -0.3848 -0.0628 0.9209
vn -0.1978 -0.0000 0.9802
vn 0.2896 -0.1740 0.9412
vn 0.2026 -0.1592 0.9662
vn 0.2897 -0.1739 0.9412
vn -0.2897 -0.1739 0.9412
vn -0.2026 -0.1592 0.9662
vn -0.2896 -0.1740 0.9412
vn 0.0438 -0.1008 0.9939
vn 0.1009 -0.1800 0.9785
vn 0.1008 -0.1800 0.9785
vn 0.2027 -0.1592 0.9662
vn -0.1009 -0.1800 0.9785
vn -0.0438 -0.1008 0.9939
vn -0.1008 -0.1800 0.9785
vn -0.0193 -0.0000 0.9998
vn -0.0420 -0.0543 0.9976
vn 0.0437 -0.1008 0.9939
vn 0.0420 -0.0543 0.9976
vn -0.0437 -0.1008 0.9939
vn 0.0193 -0.0000 0.9998
vn 0.0435 0.0960 0.9944
vn -0.0420 0.0519 0.9978
vn -0.2291 0.3322 0.9150
vn -0.3490 0.1699 0.9216
vn -0.3976 -0.0000 0.9175
vn 0.3490 0.1699 0.9216
vn 0.0420 0.0519 0.9978
vn 0.2291 0.3322 0.9150
vn -0.0435 0.0960 0.9944
vn 0.2029 0.1515 0.9674
vn 0.1020 0.1708 0.9800
vn 0.1811 0.4682 0.8649
vn -0.1020 0.1708 0.9800
vn -0.1811 0.4682 0.8649
vn -0.2029 0.1515 0.9674
vn 0.3290 0.0990 0.9391
vn 0.2892 0.1650 0.9429
vn 0.3581 0.3985 0.8444
vn 0.1811 0.4682 0.8648
vn 0.3581 0.3986 0.8444
vn -0.1811 0.4682 0.8648
vn -0.3581 0.3986 0.8444
vn -0.2892 0.1650 0.9429
vn -0.3290 0.0990 0.9391
vn -0.3581 0.3985 0.8444
vn 0.3848 0.0601 0.9211
vn 0.3848 0.0601 0.9210
vn -0.3848 0.0601 0.9211
vn -0.3848 0.0601 0.9210
vn 0.1497 -0.9871 0.0566
vn 0.1661 -0.9088 0.3828
vn 0.0921 -0.9171 0.3879
vn 0.0868 -0.9928 0.0830
vn 0.1661 -0.9088 0.3829
vn 0.1597 -0.7829 0.6014
vn 0.0851 -0.8090 0.5816
vn -0.0000 -0.8156 0.5787
vn -0.0000 -0.9192 0.3939
vn -0.0000 -0.9953 0.0968
vn -0.0851 -0.8090 0.5816
vn -0.0921 -0.9171 0.3879
vn -0.1597 -0.7829 0.6014
vn -0.1661 -0.9088 0.3829
vn -0.1661 -0.9088 0.3828
vn -0.1497 -0.9871 0.0566
vn -0.0868 -0.9928 0.0830
vn 0.6179 -0.7816 0.0851
vn 0.5083 -0.6825 0.5252
vn 0.2867 -0.8598 0.4226
vn 0.2761 -0.9599 0.0487
vn 0.5083 -0.6825 0.5251
vn 0.3992 -0.5227 0.7533
vn 0.2672 -0.6950 0.6676
vn 0.2672 -0.6950 0.6675
vn 0.1597 -0.7829 0.6013
vn 0.2762 -0.9599 0.0487
vn -0.1597 -0.7829 0.6013
vn -0.2672 -0.6950 0.6675
vn -0.2867 -0.8598 0.4226
vn -0.2672 -0.6950 0.6676
vn -0.3992 -0.5227 0.7533
vn -0.5083 -0.6825 0.5251
vn -0.5083 -0.6825 0.5252
vn -0.6179 -0.7816 0.0851
vn -0.2761 -0.9599 0.0487
vn -0.2762 -0.9599 0.0487
vn 0.9948 -0.0321 0.0963
vn 0.8159 -0.1593 0.5559
vn 0.7123 -0.3956 0.5798
vn 0.9391 -0.3244 0.1136
vn 0.5595 -0.2093 0.8019
vn 0.4919 -0.3523 0.7962
vn 0.4920 -0.3523 0.7961
vn 0.9391 -0.3243 0.1137
vn 0.6179 -0.7817 0.0851
vn -0.4920 -0.3523 0.7961
vn -0.7123 -0.3956 0.5798
vn -0.4919 -0.3523 0.7962
vn -0.5595 -0.2093 0.8019
vn -0.8159 -0.1593 0.5559
vn -0.9948 -0.0321 0.0963
vn -0.9391 -0.3244 0.1136
vn -0.9391 -0.3243 0.1137
vn -0.6179 -0.7817 0.0851
vn 0.9880 0.1173 0.1006
vn 0.8453 0.0566 0.5312
vn 0.8472 -0.0177 0.5310
vn 0.9933 0.0748 0.0877
vn 0.6116 -0.0017 0.7911
vn 0.6027 -0.0818 0.7938
vn 0.5595 -0.2093 0.8020
vn 0.8159 -0.1593 0.5558
vn 0.9933 0.0747 0.0877
vn -0.5595 -0.2093 0.8020
vn -0.6027 -0.0818 0.7938
vn -0.8472 -0.0177 0.5310
vn -0.6116 -0.0017 0.7911
vn -0.8453 0.0566 0.5312
vn -0.9880 0.1173 0.1006
vn -0.9933 0.0748 0.0877
vn -0.9933 0.0747 0.0877
vn 0.9670 0.2028 0.1542
vn 0.8409 0.1595 0.5172
vn 0.8401 0.1044 0.5322
vn 0.9807 0.1495 0.1260
vn 0.6359 0.0847 0.7671
vn 0.6165 0.0424 0.7862
vn 0.6116 -0.0016 0.7911
vn 0.8401 0.1044 0.5323
vn -0.6116 -0.0016 0.7911
vn -0.6165 0.0424 0.7862
vn -0.8401 0.1044 0.5322
vn -0.6359 0.0847 0.7671
vn -0.8409 0.1595 0.5172
vn -0.9670 0.2028 0.1542
vn -0.9807 0.1495 0.1260
vn -0.8401 0.1044 0.5323
vn 0.5427 -0.7827 0.3047
vn 0.3670 -0.8820 0.2958
vn 0.3852 -0.7518 0.5352
vn 0.5595 -0.6336 0.5344
vn 0.3782 -0.8817 0.2821
vn 0.3812 -0.7495 0.5412
vn 0.3853 -0.7518 0.5352
vn 0.3805 -0.5760 0.7235
vn 0.3823 -0.5105 0.7702
vn 0.5594 -0.6336 0.5344
vn 0.3569 -0.2867 0.8891
vn -0.3805 -0.5760 0.7235
vn -0.3812 -0.7495 0.5412
vn -0.3852 -0.7518 0.5352
vn -0.3823 -0.5105 0.7702
vn -0.3782 -0.8817 0.2821
vn -0.3670 -0.8820 0.2958
vn -0.3853 -0.7518 0.5352
vn -0.5427 -0.7827 0.3047
vn -0.5595 -0.6336 0.5344
vn -0.5594 -0.6336 0.5344
vn -0.3569 -0.2867 0.8891
vn 0.4832 -0.8388 0.2510
vn 0.4545 -0.6985 0.5528
vn 0.6207 -0.7537 0.2160
vn 0.5759 -0.6088 0.5457
vn 0.4545 -0.6984 0.5528
vn 0.5071 -0.4725 0.7209
vn 0.4243 -0.5549 0.7156
vn -0.5071 -0.4725 0.7209
vn -0.5759 -0.6088 0.5457
vn -0.4545 -0.6984 0.5528
vn -0.4243 -0.5549 0.7156
vn -0.6207 -0.7537 0.2160
vn -0.4832 -0.8388 0.2510
vn -0.4545 -0.6985 0.5528
vn 0.7560 -0.6226 0.2021
vn 0.6818 -0.4973 0.5365
vn 0.7560 -0.6226 0.2022
vn 0.8768 -0.4339 0.2074
vn 0.7352 -0.3957 0.5503
vn 0.5974 -0.3321 0.7300
vn 0.5776 -0.3849 0.7198
vn -0.5974 -0.3321 0.7300
vn -0.7352 -0.3957 0.5503
vn -0.6818 -0.4973 0.5365
vn -0.5776 -0.3849 0.7198
vn -0.8768 -0.4339 0.2074
vn -0.7560 -0.6226 0.2022
vn -0.7560 -0.6226 0.2021
vn 0.9579 -0.1941 0.2115
vn 0.7550 -0.2988 0.5837
vn 0.9579 -0.1941 0.2116
vn 0.9568 0.1997 0.2115
vn 0.7633 -0.1057 0.6374
vn 0.7632 -0.1057 0.6374
vn 0.5168 -0.2637 0.8145
vn 0.5688 -0.3048 0.7639
vn 0.5688 -0.3048 0.7640
vn 0.5973 -0.3321 0.7300
vn -0.5168 -0.2637 0.8145
vn -0.7632 -0.1057 0.6374
vn -0.7550 -0.2988 0.5837
vn -0.5688 -0.3048 0.7640
vn -0.7633 -0.1057 0.6374
vn -0.9568 0.1997 0.2115
vn -0.9579 -0.1941 0.2116
vn -0.9579 -0.1941 0.2115
vn -0.5973 -0.3321 0.7300
vn 0.6797 0.7092 0.1874
vn 0.6681 0.3191 0.6722
vn 0.6796 0.7092 0.1874
vn 0.5009 0.8512 0.1566
vn 0.5382 0.5735 0.6176
vn 0.3741 0.0175 0.9272
vn 0.4447 -0.1358 0.8853
vn -0.3741 0.0175 0.9272
vn -0.5382 0.5735 0.6176
vn -0.6681 0.3191 0.6722
vn -0.4447 -0.1358 0.8853
vn -0.5009 0.8512 0.1566
vn -0.6797 0.7092 0.1874
vn 0.5151 0.8458 0.1391
vn 0.5251 0.6121 0.5913
vn 0.5686 0.8109 0.1384
vn 0.5457 0.5884 0.5967
vn 0.5456 0.5884 0.5967
vn 0.3381 0.0979 0.9360
vn 0.3448 0.0837 0.9349
vn 0.3448 0.0836 0.9349
vn 0.3740 0.0175 0.9272
vn -0.3381 0.0979 0.9360
vn -0.5457 0.5884 0.5967
vn -0.5251 0.6121 0.5913
vn -0.3448 0.0837 0.9349
vn -0.5686 0.8109 0.1384
vn -0.5151 0.8458 0.1391
vn -0.3448 0.0836 0.9349
vn -0.3740 0.0175 0.9272
vn 0.5624 0.8116 0.1581
vn 0.5229 0.5801 0.6245
vn 0.3343 0.9243 0.1842
vn 0.3425 0.6365 0.6910
vn 0.3424 0.6366 0.6910
vn 0.2454 0.1007 0.9642
vn 0.3184 0.0987 0.9428
vn 0.5229 0.5801 0.6246
vn 0.3382 0.0979 0.9360
vn -0.2454 0.1007 0.9642
vn -0.3424 0.6366 0.6910
vn -0.5229 0.5801 0.6245
vn -0.3184 0.0987 0.9428
vn -0.3425 0.6366 0.6910
vn -0.3343 0.9243 0.1842
vn -0.5624 0.8116 0.1581
vn -0.5229 0.5801 0.6246
vn -0.3382 0.0979 0.9360
vn 0.3343 0.9243 0.1841
vn -0.2079 0.9614 0.1805
vn -0.0561 0.6570 0.7518
vn 0.3425 0.6366 0.6910
vn -0.2079 0.9613 0.1805
vn -0.6838 0.7184 0.1280
vn -0.4651 0.5342 0.7059
vn -0.0561 0.6569 0.7518
vn -0.0135 0.0777 0.9969
vn 0.1224 0.0948 0.9879
vn 0.1224 0.0949 0.9879
vn 0.2453 0.1007 0.9642
vn 0.0135 0.0777 0.9969
vn 0.4651 0.5342 0.7059
vn 0.0561 0.6569 0.7518
vn -0.1224 0.0948 0.9879
vn 0.6838 0.7184 0.1280
vn 0.2079 0.9613 0.1805
vn 0.0561 0.6570 0.7518
vn 0.2079 0.9614 0.1805
vn -0.3343 0.9243 0.1841
vn -0.1224 0.0949 0.9879
vn -0.2453 0.1007 0.9642
vn -0.6838 0.7184 0.1281
vn -0.8418 0.5338 0.0803
vn -0.6621 0.4229 0.6187
vn -0.8277 0.5549 0.0836
vn -0.6907 0.4301 0.5814
vn -0.6620 0.4229 0.6187
vn -0.6907 0.4301 0.5813
vn -0.1843 0.0590 0.9811
vn -0.1260 0.0640 0.9900
vn 0.1843 0.0590 0.9811
vn 0.6907 0.4301 0.5813
vn 0.6620 0.4229 0.6187
vn 0.1260 0.0640 0.9900
vn 0.6907 0.4301 0.5814
vn 0.8277 0.5549 0.0836
vn 0.8418 0.5338 0.0803
vn 0.6621 0.4229 0.6187
vn 0.6838 0.7184 0.1281
vn -0.6287 0.7614 0.1583
vn -0.5297 0.5450 0.6499
vn -0.0000 0.9720 0.2351
vn -0.0000 0.6500 0.7599
vn -0.0000 -0.0830 0.9966
vn -0.1310 0.0474 0.9902
vn 0.5297 0.5450 0.6499
vn 0.1310 0.0474 0.9902
vn 0.6287 0.7614 0.1583
vn 0.2957 -0.2322 0.9266
vn 0.3181 -0.2490 0.9148
vn 0.2881 -0.2402 0.9270
vn 0.2587 -0.2431 0.9349
vn 0.2856 -0.2671 0.9204
vn 0.2654 -0.2498 0.9312
vn 0.2881 -0.2401 0.9270
vn -0.1843 0.0591 0.9811
vn -0.2653 -0.2498 0.9312
vn -0.2881 -0.2402 0.9270
vn -0.2654 -0.2498 0.9312
vn -0.2856 -0.2671 0.9204
vn -0.3181 -0.2490 0.9148
vn -0.2881 -0.2401 0.9270
vn -0.2957 -0.2322 0.9266
vn -0.2587 -0.2431 0.9349
vn 0.1843 0.0591 0.9811
vn 0.2100 -0.2874 0.9345
vn 0.2059 -0.2682 0.9411
vn 0.2653 -0.2498 0.9312
vn 0.1287 -0.2877 0.9490
vn 0.1431 -0.2819 0.9487
vn -0.0135 0.0778 0.9969
vn -0.2453 0.1008 0.9642
vn -0.1431 -0.2819 0.9487
vn -0.2059 -0.2682 0.9411
vn -0.1287 -0.2877 0.9490
vn -0.2100 -0.2874 0.9345
vn 0.1485 -0.2655 0.9526
vn 0.1153 -0.3147 0.9422
vn 0.1139 -0.2905 0.9501
vn 0.1126 -0.2625 0.9583
vn 0.3185 0.0987 0.9428
vn 0.1287 -0.2876 0.9490
vn -0.1139 -0.2905 0.9501
vn -0.3185 0.0987 0.9428
vn -0.1153 -0.3147 0.9422
vn -0.1485 -0.2655 0.9526
vn -0.1126 -0.2625 0.9583
vn -0.1287 -0.2876 0.9490
vn 0.1502 -0.3402 0.9283
vn 0.1378 -0.3771 0.9159
vn 0.1190 -0.3547 0.9274
vn 0.1593 -0.3164 0.9352
vn 0.3449 0.0837 0.9349
vn 0.1190 -0.3548 0.9274
vn 0.1592 -0.3164 0.9352
vn -0.1190 -0.3548 0.9274
vn -0.3449 0.0837 0.9349
vn -0.1378 -0.3771 0.9159
vn -0.1190 -0.3547 0.9274
vn -0.1502 -0.3402 0.9283
vn -0.1593 -0.3164 0.9352
vn -0.1592 -0.3164 0.9352
vn 0.2750 -0.1795 0.9446
vn 0.3111 -0.2778 0.9089
vn 0.2044 -0.3444 0.9163
vn 0.1831 -0.2671 0.9461
vn 0.4447 -0.1357 0.8853
vn 0.1377 -0.3771 0.9159
vn -0.4447 -0.1357 0.8853
vn -0.2044 -0.3444 0.9163
vn -0.3111 -0.2778 0.9089
vn -0.2750 -0.1795 0.9446
vn -0.1831 -0.2671 0.9461
vn -0.1377 -0.3771 0.9159
vn 0.4430 -0.2116 0.8712
vn 0.4759 -0.2577 0.8409
vn 0.4137 -0.2458 0.8766
vn 0.3748 -0.1652 0.9123
vn 0.4138 -0.2458 0.8766
vn 0.2749 -0.1795 0.9446
vn -0.4138 -0.2458 0.8766
vn -0.5688 -0.3048 0.7639
vn -0.4759 -0.2577 0.8409
vn -0.4137 -0.2458 0.8766
vn -0.4430 -0.2116 0.8712
vn -0.3748 -0.1652 0.9123
vn -0.2749 -0.1795 0.9446
vn 0.4389 -0.3628 0.8220
vn 0.4442 -0.3657 0.8179
vn 0.4798 -0.2986 0.8250
vn 0.4617 -0.2839 0.8404
vn 0.5777 -0.3849 0.7198
vn 0.4798 -0.2987 0.8250
vn -0.4798 -0.2986 0.8250
vn -0.5777 -0.3849 0.7198
vn -0.4442 -0.3657 0.8179
vn -0.4798 -0.2987 0.8250
vn -0.4389 -0.3628 0.8220
vn -0.4617 -0.2839 0.8404
vn 0.2774 -0.3561 0.8923
vn 0.3446 -0.3673 0.8639
vn 0.3873 -0.4207 0.8204
vn 0.3657 -0.4203 0.8304
vn 0.4243 -0.5550 0.7156
vn 0.3873 -0.4206 0.8204
vn -0.3873 -0.4207 0.8204
vn -0.4243 -0.5550 0.7156
vn -0.3446 -0.3673 0.8639
vn -0.2774 -0.3561 0.8923
vn -0.3657 -0.4203 0.8304
vn -0.3873 -0.4206 0.8204
vn 0.1348 -0.0991 0.9859
vn 0.1915 -0.0749 0.9786
vn 0.3203 -0.2204 0.9213
vn 0.2257 -0.2139 0.9504
vn 0.3204 -0.2204 0.9213
vn -0.3203 -0.2204 0.9213
vn -0.1915 -0.0749 0.9786
vn -0.3204 -0.2204 0.9213
vn -0.1348 -0.0991 0.9859
vn -0.2257 -0.2139 0.9504
vn -0.0181 -0.0265 0.9995
vn -0.0158 0.0458 0.9988
vn -0.0181 -0.0264 0.9995
vn -0.0941 -0.0525 0.9942
vn -0.0573 0.0136 0.9983
vn 0.0001 0.0241 0.9997
vn -0.0521 0.0370 0.9980
vn -0.0000 0.0240 0.9997
vn 0.0573 0.0136 0.9983
vn 0.0158 0.0458 0.9988
vn 0.0521 0.0370 0.9980
vn 0.0941 -0.0525 0.9942
vn 0.0181 -0.0264 0.9995
vn 0.0181 -0.0265 0.9995
vn 0.1884 -0.2359 0.9533
vn 0.2271 -0.2039 0.9523
vn -0.1311 0.0474 0.9902
vn -0.0000 -0.0829 0.9966
vn 0.1280 -0.2262 0.9656
vn 0.1431 -0.1738 0.9743
vn 0.1311 0.0474 0.9902
vn -0.1884 -0.2359 0.9533
vn -0.1280 -0.2262 0.9656
vn -0.2271 -0.2039 0.9523
vn -0.1431 -0.1738 0.9743
vn 0.0792 -0.2261 0.9709
vn 0.0527 -0.1633 0.9852
vn -0.0000 -0.2466 0.9691
vn 0.0791 -0.2261 0.9709
vn -0.0000 -0.2255 0.9742
vn 0.0277 -0.2074 0.9779
vn -0.0286 -0.1657 0.9858
vn -0.0791 -0.2261 0.9709
vn -0.0277 -0.2074 0.9779
vn -0.0792 -0.2261 0.9709
vn -0.0527 -0.1633 0.9852
vn 0.0286 -0.1657 0.9858
vn -0.0121 -0.1167 0.9931
vn -0.0000 -0.1123 0.9937
vn -0.0771 -0.1341 0.9880
vn -0.0000 -0.1122 0.9937
vn 0.0771 -0.1341 0.9880
vn 0.0121 -0.1167 0.9931
vn 0.1000 -0.5464 0.8315
vn 0.0476 -0.5922 0.8044
vn 0.0729 -0.7196 0.6905
vn 0.1437 -0.6726 0.7259
vn -0.0000 -0.6050 0.7962
vn -0.0000 -0.7320 0.6813
vn -0.0729 -0.7196 0.6905
vn -0.0476 -0.5922 0.8044
vn -0.1000 -0.5464 0.8315
vn -0.1437 -0.6726 0.7259
vn 0.2455 -0.3406 0.9076
vn 0.1708 -0.4575 0.8727
vn 0.2360 -0.5625 0.7924
vn 0.3266 -0.4100 0.8516
vn 0.2361 -0.5624 0.7924
vn 0.2360 -0.5624 0.7924
vn -0.2360 -0.5624 0.7924
vn -0.1708 -0.4575 0.8727
vn -0.2361 -0.5624 0.7924
vn -0.2360 -0.5625 0.7924
vn -0.2455 -0.3406 0.9076
vn -0.3266 -0.4100 0.8516
vn 0.2452 -0.1557 0.9569
vn 0.2798 -0.2352 0.9308
vn 0.3704 -0.2839 0.8844
vn 0.3852 -0.1919 0.9027
vn -0.3704 -0.2839 0.8844
vn -0.2798 -0.2352 0.9308
vn -0.2452 -0.1557 0.9569
vn -0.3852 -0.1919 0.9027
vn 0.3984 0.0189 0.9170
vn 0.3893 -0.0071 0.9211
vn 0.2026 -0.0130 0.9792
vn 0.2022 -0.0336 0.9788
vn 0.2089 -0.0496 0.9767
vn 0.3929 -0.0367 0.9189
vn 0.6116 -0.0016 0.7912
vn -0.2089 -0.0496 0.9767
vn -0.2022 -0.0336 0.9788
vn -0.3893 -0.0071 0.9211
vn -0.3928 -0.0367 0.9189
vn -0.2026 -0.0130 0.9792
vn -0.3984 0.0189 0.9170
vn -0.3929 -0.0367 0.9189
vn -0.6116 -0.0016 0.7912
vn 0.3956 -0.0996 0.9130
vn 0.2246 -0.0822 0.9710
vn 0.3955 -0.0996 0.9130
vn 0.3928 -0.0367 0.9189
vn -0.3956 -0.0996 0.9130
vn -0.3955 -0.0996 0.9130
vn -0.2246 -0.0822 0.9710
vn 0.3306 -0.1766 0.9271
vn 0.1228 -0.2105 0.9699
vn 0.0749 -0.0310 0.9967
vn 0.2197 -0.0185 0.9754
vn 0.1227 -0.2105 0.9699
vn -0.0000 -0.2120 0.9773
vn -0.0000 -0.0307 0.9995
vn -0.0000 -0.0306 0.9995
vn -0.0000 -0.0261 0.9997
vn 0.0703 -0.0237 0.9972
vn -0.0749 -0.0310 0.9967
vn -0.0703 -0.0237 0.9972
vn -0.1227 -0.2104 0.9699
vn -0.1228 -0.2105 0.9699
vn -0.3306 -0.1766 0.9271
vn -0.2197 -0.0185 0.9754
vn 0.2090 -0.0496 0.9767
vn 0.0698 -0.0450 0.9965
vn 0.0716 -0.0517 0.9961
vn -0.0000 -0.0480 0.9988
vn -0.0000 -0.0516 0.9987
vn -0.0698 -0.0450 0.9965
vn -0.2090 -0.0496 0.9767
vn -0.0716 -0.0517 0.9961
vn -0.0000 -0.1648 0.9863
vn 0.0759 -0.1430 0.9868
vn 0.0777 -0.0597 0.9952
vn -0.0000 -0.0550 0.9985
vn -0.0777 -0.0597 0.9952
vn -0.0759 -0.1430 0.9868
vn 0.8001 -0.1152 0.5887
vn 0.9760 -0.1041 0.1911
vn 0.7752 -0.4729 0.4189
vn 0.6170 -0.2704 0.7391
vn 0.9761 -0.1040 0.1911
vn 0.9602 -0.1200 0.2522
vn 0.7492 -0.5584 0.3562
vn 0.7752 -0.4730 0.4189
vn 0.7751 -0.4729 0.4189
vn 0.4771 -0.7374 0.4781
vn 0.4778 -0.6055 0.6365
vn 0.6169 -0.2704 0.7391
vn 0.7751 -0.4730 0.4189
vn 0.3307 -0.1766 0.9271
vn -0.4771 -0.7374 0.4781
vn -0.7492 -0.5584 0.3562
vn -0.7751 -0.4729 0.4189
vn -0.4778 -0.6055 0.6365
vn -0.9602 -0.1200 0.2522
vn -0.9761 -0.1040 0.1911
vn -0.7752 -0.4730 0.4189
vn -0.7752 -0.4729 0.4189
vn -0.9760 -0.1041 0.1911
vn -0.8001 -0.1152 0.5887
vn -0.6170 -0.2704 0.7391
vn -0.6169 -0.2704 0.7391
vn -0.3307 -0.1766 0.9271
vn 0.1276 0.1368 0.9824
vn 0.6838 0.7220 0.1053
vn 0.9497 0.3014 0.0856
vn 0.6970 0.0923 0.7111
vn 0.6926 0.7105 0.1248
vn 0.9359 0.3001 0.1842
vn 0.9360 0.3001 0.1842
vn 0.6967 0.0947 0.7111
vn 0.9761 -0.1041 0.1910
vn -0.9360 0.3001 0.1842
vn -0.9497 0.3014 0.0856
vn -0.9359 0.3001 0.1842
vn -0.6926 0.7105 0.1248
vn -0.6838 0.7220 0.1053
vn -0.1275 0.1368 0.9824
vn -0.6969 0.0923 0.7112
vn -0.9761 -0.1041 0.1910
vn -0.6970 0.0923 0.7111
vn -0.0000 0.1840 0.9829
vn -0.2953 0.7578 0.5818
vn 0.1250 0.9165 0.3799
vn -0.0777 0.1350 0.9878
vn -0.3455 0.8877 0.3045
vn 0.1619 0.9726 0.1668
vn 0.1249 0.9165 0.3799
vn 0.1249 0.9166 0.3799
vn 0.1619 0.9726 0.1667
vn -0.0776 0.1350 0.9878
vn 0.6838 0.7221 0.1053
vn 0.1275 0.1368 0.9823
vn -0.1619 0.9726 0.1667
vn -0.1249 0.9166 0.3799
vn -0.1619 0.9726 0.1668
vn 0.3455 0.8877 0.3045
vn 0.2953 0.7578 0.5818
vn -0.1249 0.9165 0.3799
vn -0.1250 0.9165 0.3799
vn 0.0777 0.1350 0.9878
vn -0.6838 0.7221 0.1053
vn 0.0776 0.1350 0.9878
vn -0.1275 0.1368 0.9823
vn -0.0000 0.7509 0.6604
vn 0.0034 0.9537 0.3006
vn -0.5285 0.6605 0.5333
vn -0.0000 0.4630 0.8864
vn -0.0000 0.9555 0.2949
vn -0.0000 0.9529 0.3031
vn -0.5224 0.7888 0.3240
vn -0.2954 0.7578 0.5818
vn 0.5224 0.7888 0.3240
vn 0.5285 0.6605 0.5333
vn 0.2954 0.7578 0.5818
vn -0.0000 0.9555 0.2950
vn 0.2431 -0.6336 0.7345
vn -0.0000 -0.6492 0.7607
vn 0.2431 -0.6336 0.7344
vn 0.2693 -0.7812 0.5632
vn -0.0000 -0.8027 0.5963
vn -0.2431 -0.6336 0.7344
vn -0.2693 -0.7812 0.5632
vn -0.2431 -0.6336 0.7345
vn -0.1227 -0.2105 0.9699
vn -0.0000 -0.8027 0.5964
vn 0.1928 -0.6639 0.7225
vn -0.0000 -0.6541 0.7564
vn 0.3526 -0.6681 0.6553
vn 0.3526 -0.6680 0.6553
vn 0.2052 -0.5381 0.8175
vn 0.0965 -0.4822 0.8707
vn 0.1929 -0.6639 0.7225
vn -0.0000 -0.4600 0.8879
vn -0.2052 -0.5381 0.8175
vn -0.3526 -0.6680 0.6553
vn -0.1928 -0.6639 0.7225
vn -0.0965 -0.4822 0.8707
vn -0.3526 -0.6681 0.6553
vn -0.1928 -0.6639 0.7226
vn -0.0000 0.9530 0.3031
vn -0.0000 0.7062 0.7080
vn -0.3593 0.6843 0.6346
vn -0.0000 0.0906 0.9959
vn -0.1038 0.3507 0.9307
vn -0.3592 0.6843 0.6346
vn -0.1085 0.5201 0.8472
vn -0.2577 0.7724 0.5806
vn 0.1085 0.5201 0.8472
vn 0.1038 0.3507 0.9307
vn 0.3593 0.6843 0.6346
vn 0.2577 0.7724 0.5806
vn -0.0000 0.0905 0.9959
vn 0.3592 0.6843 0.6346
vn 0.1466 0.8167 0.5581
vn 0.0914 0.4595 0.8835
vn 0.1466 0.8168 0.5580
vn 0.1465 0.8168 0.5580
vn 0.0914 0.4595 0.8834
vn 0.3093 0.4078 0.8591
vn 0.5659 0.6032 0.5620
vn -0.3093 0.4078 0.8591
vn -0.0914 0.4595 0.8834
vn -0.1465 0.8168 0.5580
vn -0.5659 0.6032 0.5620
vn -0.0914 0.4595 0.8835
vn -0.1466 0.8168 0.5580
vn -0.1465 0.8168 0.5581
vn 0.7352 0.2486 0.6307
vn 0.3038 0.1677 0.9379
vn 0.7351 0.2486 0.6307
vn 0.3039 0.1677 0.9378
vn 0.2568 -0.1003 0.9612
vn 0.7028 -0.1267 0.7000
vn 0.7029 -0.1267 0.7000
vn -0.2568 -0.1003 0.9612
vn -0.3039 0.1677 0.9378
vn -0.7351 0.2486 0.6307
vn -0.7028 -0.1267 0.7000
vn -0.3038 0.1677 0.9379
vn -0.7352 0.2486 0.6307
vn -0.7029 -0.1267 0.7000
vn 0.5375 -0.5141 0.6684
vn 0.2108 -0.3709 0.9044
vn 0.5375 -0.5142 0.6684
vn 0.2109 -0.3710 0.9044
vn -0.2109 -0.3709 0.9044
vn -0.5375 -0.5142 0.6684
vn -0.2108 -0.3709 0.9044
vn -0.5375 -0.5141 0.6684
vn 0.0360 -0.0437 0.9984
vn 0.0569 0.1873 0.9807
vn 0.3094 0.4078 0.8591
vn -0.3094 0.4078 0.8591
vn -0.0569 0.1873 0.9807
vn -0.0360 -0.0437 0.9984
vn -0.0359 -0.0437 0.9984
vn -0.0000 -0.2474 0.9689
vn 0.0398 -0.2740 0.9609
vn 0.0398 -0.2741 0.9609
vn 0.2108 -0.3710 0.9044
vn -0.0398 -0.2740 0.9609
vn -0.2108 -0.3710 0.9044
vn -0.0398 -0.2741 0.9609
vn -0.2109 -0.3710 0.9044
vn -0.0925 0.0057 0.9957
vn -0.0000 0.0142 0.9999
vn 0.1275 0.1368 0.9824
vn 0.1183 -0.0692 0.9906
vn 0.1182 -0.0692 0.9906
vn 0.3569 -0.2867 0.8890
vn -0.0000 0.0141 0.9999
vn -0.3569 -0.2867 0.8890
vn -0.1182 -0.0692 0.9906
vn 0.0925 0.0057 0.9957
vn -0.1183 -0.0692 0.9906
vn 0.6970 0.0922 0.7111
vn 0.5233 -0.1365 0.8412
vn 0.7099 -0.0942 0.6980
vn 0.5232 -0.1365 0.8412
vn 0.8461 0.0086 0.5330
vn 0.7518 -0.1799 0.6343
vn -0.8461 0.0086 0.5330
vn -0.7099 -0.0942 0.6980
vn -0.5232 -0.1365 0.8412
vn -0.7518 -0.1799 0.6343
vn -0.5233 -0.1365 0.8412
vn -0.6970 0.0922 0.7112
vn 0.6351 -0.0902 0.7672
vn 0.5103 -0.0156 0.8599
vn 0.5103 -0.0155 0.8599
vn 0.7362 0.1329 0.6636
vn 0.8059 0.0810 0.5864
vn 0.6351 -0.0902 0.7671
vn 0.8059 0.0810 0.5865
vn 0.8461 0.0087 0.5330
vn -0.7362 0.1329 0.6636
vn -0.5103 -0.0155 0.8599
vn -0.6351 -0.0902 0.7672
vn -0.8059 0.0810 0.5864
vn -0.5103 -0.0156 0.8599
vn -0.8059 0.0810 0.5865
vn -0.6351 -0.0902 0.7671
vn 0.4326 0.0310 0.9010
vn 0.2197 -0.0186 0.9754
vn 0.3984 0.0190 0.9170
vn 0.4327 0.0310 0.9010
vn 0.6756 0.1279 0.7261
vn -0.4326 0.0310 0.9010
vn -0.6756 0.1279 0.7261
vn -0.2197 -0.0186 0.9754
vn -0.4327 0.0310 0.9010
vn 0.9475 0.2674 0.1757
vn 0.8477 0.2224 0.4815
vn 0.8409 0.1595 0.5171
vn 0.9474 0.2674 0.1757
vn 0.9380 0.2893 0.1907
vn 0.8657 0.2467 0.4356
vn 0.8477 0.2224 0.4816
vn 0.7362 0.1329 0.6635
vn 0.8477 0.2223 0.4815
vn -0.7362 0.1329 0.6635
vn -0.8657 0.2467 0.4356
vn -0.8477 0.2224 0.4816
vn -0.9380 0.2893 0.1907
vn -0.9474 0.2674 0.1757
vn -0.8477 0.2224 0.4815
vn -0.9475 0.2674 0.1757
vn -0.8409 0.1595 0.5171
vn -0.8477 0.2223 0.4815
vn 0.9408 0.2654 0.2109
vn 0.8948 0.2099 0.3940
vn 0.9550 0.1852 0.2318
vn 0.9219 0.1169 0.3693
vn 0.9219 0.1168 0.3693
vn -0.9219 0.1168 0.3693
vn -0.8948 0.2099 0.3940
vn -0.9219 0.1169 0.3693
vn -0.9550 0.1852 0.2318
vn -0.9408 0.2654 0.2109
vn 0.8655 -0.2210 0.4494
vn 0.9153 -0.2822 0.2873
vn 0.7518 -0.1800 0.6343
vn 0.9550 0.1852 0.2317
vn -0.7518 -0.1800 0.6343
vn -0.8655 -0.2210 0.4494
vn -0.9153 -0.2822 0.2873
vn -0.9550 0.1852 0.2317
vn 0.0514 -0.6131 0.7883
vn -0.0211 -0.4212 0.9067
vn -0.0000 -0.6489 0.7609
vn 0.0515 -0.6131 0.7883
vn -0.0000 -0.6489 0.7608
vn -0.0000 -0.9382 0.3462
vn 0.0409 -0.9369 0.3473
vn -0.3659 -0.8411 0.3984
vn -0.0000 -0.9382 0.3461
vn -0.0514 -0.6131 0.7883
vn -0.0409 -0.9369 0.3473
vn -0.0515 -0.6131 0.7883
vn 0.0211 -0.4212 0.9067
vn 0.3659 -0.8411 0.3984
vn -0.0854 -0.2586 0.9622
vn -0.1243 -0.2168 0.9683
vn -0.0210 -0.4212 0.9067
vn -0.3658 -0.8411 0.3983
vn -0.8795 -0.2420 0.4099
vn -0.0854 -0.2585 0.9622
vn -0.8749 0.1891 0.4458
vn 0.3658 -0.8411 0.3983
vn 0.0854 -0.2586 0.9622
vn 0.8795 -0.2420 0.4099
vn 0.0210 -0.4212 0.9067
vn 0.1243 -0.2168 0.9683
vn 0.0854 -0.2585 0.9622
vn 0.8749 0.1891 0.4458
vn -0.1575 -0.1789 0.9712
vn -0.1510 -0.0995 0.9835
vn -0.1243 -0.2169 0.9683
vn -0.8749 0.1892 0.4459
vn -0.7177 0.4698 0.5139
vn -0.1511 -0.0995 0.9835
vn -0.4879 0.6713 0.5580
vn 0.8749 0.1892 0.4459
vn 0.1243 -0.2169 0.9683
vn 0.1575 -0.1789 0.9712
vn 0.7177 0.4698 0.5139
vn 0.1510 -0.0995 0.9835
vn 0.1511 -0.0995 0.9835
vn 0.4879 0.6713 0.5580
vn 0.0477 -0.5922 0.8043
vn -0.0860 -0.0087 0.9963
vn -0.0000 0.0277 0.9996
vn -0.2255 0.7875 0.5735
vn -0.0000 0.8188 0.5740
vn 0.0860 -0.0088 0.9963
vn 0.2255 0.7875 0.5735
vn 0.0860 -0.0087 0.9963
vn -0.0477 -0.5922 0.8043
vn -0.2026 0.7624 0.6145
vn -0.0000 0.7637 0.6456
vn -0.4650 0.7298 0.5012
vn -0.2026 0.7625 0.6145
vn -0.2585 0.3558 0.8981
vn -0.0826 0.2400 0.9672
vn -0.0000 0.2125 0.9772
vn 0.2585 0.3558 0.8981
vn 0.4650 0.7298 0.5012
vn 0.2026 0.7625 0.6145
vn 0.0826 0.2400 0.9672
vn 0.2026 0.7624 0.6145
vn -0.7177 0.4699 0.5139
vn -0.7330 0.5924 0.3342
vn -0.8749 0.1891 0.4459
vn -0.9323 0.2963 0.2072
vn -0.9125 0.2784 0.2997
vn -0.6475 0.4459 0.6180
vn 0.9125 0.2784 0.2997
vn 0.9323 0.2963 0.2072
vn 0.7330 0.5924 0.3342
vn 0.6475 0.4459 0.6180
vn 0.8749 0.1891 0.4459
vn 0.7177 0.4699 0.5139
vn -0.9349 -0.2523 0.2497
vn -0.3658 -0.8411 0.3984
vn -0.3106 -0.8676 0.3883
vn -0.3106 -0.8676 0.3884
vn -0.1204 -0.6957 0.7082
vn -0.7501 -0.3271 0.5747
vn 0.1204 -0.6957 0.7082
vn 0.3106 -0.8676 0.3884
vn 0.9349 -0.2523 0.2497
vn 0.7501 -0.3271 0.5747
vn 0.3658 -0.8411 0.3984
vn 0.9337 -0.2526 0.2538
vn 0.9321 0.2958 0.2091
vn 0.0486 -0.9151 0.4002
vn -0.0000 -0.9131 0.4076
vn 0.0486 -0.9152 0.4002
vn -0.0000 -0.6881 0.7256
vn 0.0482 -0.6946 0.7177
vn -0.1203 -0.6957 0.7082
vn -0.0486 -0.9152 0.4002
vn -0.0482 -0.6946 0.7177
vn -0.0486 -0.9151 0.4002
vn 0.1203 -0.6957 0.7082
vn -0.0000 -0.3158 0.9488
vn 0.0178 -0.3159 0.9486
vn 0.0482 -0.6947 0.7177
vn -0.0826 0.2400 0.9673
vn 0.0178 -0.3160 0.9486
vn -0.0283 -0.2975 0.9543
vn -0.0282 -0.2976 0.9543
vn -0.0178 -0.3160 0.9486
vn 0.0283 -0.2975 0.9543
vn 0.0826 0.2400 0.9673
vn -0.0178 -0.3159 0.9486
vn -0.0482 -0.6947 0.7177
vn -0.3248 -0.1640 0.9315
vn -0.7501 -0.3272 0.5747
vn -0.2586 0.3558 0.8981
vn -0.3247 -0.1640 0.9315
vn -0.3247 -0.1641 0.9315
vn 0.3247 -0.1640 0.9315
vn 0.2586 0.3558 0.8981
vn 0.0283 -0.2976 0.9543
vn 0.7501 -0.3272 0.5747
vn 0.3248 -0.1640 0.9315
vn 0.0282 -0.2976 0.9543
vn -0.1771 -0.1468 0.9732
vn -0.1310 -0.1196 0.9841
vn -0.1911 -0.1546 0.9693
vn -0.0006 -0.0414 0.9991
vn 0.0774 -0.0535 0.9956
vn 0.1173 -0.0616 0.9912
vn 0.0006 -0.0414 0.9991
vn 0.1911 -0.1546 0.9693
vn 0.1771 -0.1468 0.9732
vn -0.0774 -0.0535 0.9956
vn 0.1310 -0.1196 0.9841
vn -0.1173 -0.0617 0.9912
vn 0.1432 -0.1738 0.9743
vn -0.0597 -0.0861 0.9945
vn 0.0175 -0.0744 0.9971
vn 0.1316 -0.0614 0.9894
vn 0.0175 -0.0743 0.9971
vn 0.1406 -0.0707 0.9875
vn -0.1173 -0.0616 0.9912
vn 0.0597 -0.0861 0.9945
vn -0.1316 -0.0614 0.9894
vn -0.1432 -0.1738 0.9743
vn -0.0175 -0.0744 0.9971
vn -0.1317 -0.0614 0.9894
vn -0.0175 -0.0743 0.9971
vn -0.1406 -0.0707 0.9875
vn 0.0833 -0.0755 0.9937
vn 0.1344 -0.0708 0.9884
vn 0.0832 -0.0755 0.9937
vn 0.1447 -0.0795 0.9863
vn 0.1353 -0.0651 0.9887
vn -0.0832 -0.0755 0.9937
vn -0.1447 -0.0795 0.9863
vn -0.0833 -0.0755 0.9937
vn -0.1344 -0.0708 0.9884
vn -0.1353 -0.0651 0.9887
vn -0.0941 -0.0526 0.9942
vn -0.0180 -0.0264 0.9995
vn -0.1193 -0.2222 0.9677
vn 0.0100 -0.3364 0.9417
vn 0.0324 -0.2749 0.9609
vn -0.0337 -0.1302 0.9909
vn -0.0337 -0.1301 0.9909
vn -0.0324 -0.2749 0.9609
vn -0.0100 -0.3364 0.9417
vn 0.1193 -0.2222 0.9677
vn 0.0337 -0.1302 0.9909
vn 0.0941 -0.0526 0.9942
vn 0.1349 -0.0991 0.9859
vn 0.2257 -0.2140 0.9504
vn 0.1037 -0.4296 0.8971
vn 0.2091 -0.4958 0.8429
vn 0.2091 -0.4959 0.8429
vn 0.2135 -0.3416 0.9153
vn 0.1178 -0.3388 0.9335
vn 0.1177 -0.3388 0.9335
vn 0.0324 -0.2748 0.9610
vn -0.2135 -0.3416 0.9153
vn -0.2091 -0.4959 0.8429
vn -0.1037 -0.4295 0.8971
vn -0.1178 -0.3388 0.9335
vn -0.2091 -0.4958 0.8429
vn -0.2233 -0.2135 0.9511
vn -0.1037 -0.4296 0.8971
vn -0.2257 -0.2140 0.9504
vn -0.1349 -0.0991 0.9859
vn -0.1177 -0.3388 0.9335
vn -0.0324 -0.2748 0.9610
vn 0.3598 -0.4846 0.7973
vn 0.2091 -0.4959 0.8428
vn 0.4626 -0.3956 0.7934
vn 0.3883 -0.2121 0.8968
vn 0.3241 -0.2997 0.8973
vn 0.2135 -0.3417 0.9152
vn -0.3884 -0.2121 0.8968
vn -0.4626 -0.3956 0.7934
vn -0.3598 -0.4846 0.7973
vn -0.3241 -0.2997 0.8973
vn -0.2135 -0.3417 0.9152
vn 0.4872 -0.2899 0.8238
vn 0.4650 -0.1875 0.8652
vn 0.3244 -0.0590 0.9441
vn 0.3767 -0.1156 0.9191
vn 0.3884 -0.2121 0.8968
vn -0.3244 -0.0590 0.9441
vn -0.4650 -0.1875 0.8652
vn -0.4872 -0.2899 0.8238
vn -0.3767 -0.1156 0.9191
vn -0.4430 -0.2115 0.8712
vn 0.4193 -0.1133 0.9007
vn 0.3679 -0.0787 0.9265
vn 0.4194 -0.1133 0.9007
vn 0.4193 -0.1132 0.9007
vn 0.2567 -0.0669 0.9642
vn 0.2786 -0.0549 0.9588
vn 0.3244 -0.0589 0.9441
vn -0.2567 -0.0669 0.9642
vn -0.3679 -0.0787 0.9265
vn -0.4193 -0.1132 0.9007
vn -0.2786 -0.0549 0.9588
vn -0.4194 -0.1133 0.9007
vn -0.4193 -0.1133 0.9007
vn 0.3312 -0.0810 0.9401
vn 0.3449 -0.0570 0.9369
vn 0.3311 -0.0810 0.9401
vn 0.3370 -0.1201 0.9338
vn 0.2699 -0.1077 0.9568
vn 0.2700 -0.1077 0.9568
vn -0.3370 -0.1201 0.9338
vn -0.3449 -0.0570 0.9369
vn -0.3312 -0.0810 0.9401
vn -0.2699 -0.1077 0.9568
vn -0.3311 -0.0810 0.9401
vn -0.2700 -0.1077 0.9568
vn -0.2568 -0.0669 0.9642
vn 0.3632 0.0508 0.9303
vn 0.1485 -0.2654 0.9526
vn 0.3146 0.1341 0.9397
vn 0.3632 0.0507 0.9303
vn 0.3308 0.1667 0.9289
vn 0.3859 0.0058 0.9225
vn 0.3858 0.0058 0.9225
vn -0.3308 0.1667 0.9289
vn -0.3146 0.1341 0.9397
vn -0.3632 0.0508 0.9303
vn -0.3858 0.0058 0.9225
vn -0.1485 -0.2654 0.9526
vn -0.3632 0.0507 0.9303
vn 0.1127 -0.2625 0.9583
vn 0.2051 0.0983 0.9738
vn 0.1485 -0.0015 0.9889
vn 0.1485 -0.0014 0.9889
vn 0.1208 0.1344 0.9835
vn 0.1884 0.2021 0.9611
vn -0.1208 0.1344 0.9835
vn -0.1485 -0.0014 0.9889
vn -0.2051 0.0983 0.9738
vn -0.1884 0.2021 0.9611
vn -0.1485 -0.0015 0.9889
vn -0.1127 -0.2625 0.9583
vn 0.1774 -0.0472 0.9830
vn 0.1893 -0.0517 0.9806
vn 0.1773 -0.0472 0.9830
vn 0.1893 -0.0518 0.9806
vn 0.1398 0.0531 0.9888
vn 0.1482 0.0923 0.9846
vn 0.1482 0.0922 0.9847
vn -0.1398 0.0531 0.9888
vn -0.1893 -0.0517 0.9806
vn -0.1774 -0.0472 0.9830
vn -0.1482 0.0923 0.9846
vn -0.1773 -0.0472 0.9830
vn -0.1482 0.0922 0.9847
vn 0.1696 -0.0589 0.9838
vn 0.1241 -0.0132 0.9922
vn 0.1397 0.0531 0.9888
vn -0.1696 -0.0589 0.9838
vn -0.1241 -0.0132 0.9922
vn -0.2853 -0.2672 0.9204
vn -0.1397 0.0531 0.9888
vn 0.2514 -0.2456 0.9362
vn 0.2032 -0.1640 0.9653
vn 0.1240 -0.0132 0.9922
vn 0.3590 -0.2800 0.8903
vn 0.2515 -0.2456 0.9362
vn 0.4621 -0.3958 0.7936
vn 0.3188 -0.3836 0.8667
vn 0.2408 -0.3093 0.9200
vn -0.4621 -0.3958 0.7936
vn -0.3590 -0.2800 0.8903
vn -0.2514 -0.2456 0.9362
vn -0.3188 -0.3836 0.8667
vn -0.1240 -0.0132 0.9922
vn -0.2515 -0.2456 0.9362
vn -0.2032 -0.1640 0.9653
vn -0.2408 -0.3093 0.9200
vn 0.1692 -0.1364 0.9761
vn 0.0697 -0.2039 0.9765
vn 0.1866 -0.2939 0.9374
vn 0.0561 -0.4180 0.9067
vn -0.1692 -0.1364 0.9761
vn -0.1866 -0.2939 0.9375
vn -0.0697 -0.2039 0.9765
vn -0.0561 -0.4180 0.9067
vn 0.0302 -0.3357 0.9415
vn 0.0898 -0.5013 0.8606
vn 0.1884 0.2022 0.9611
vn 0.0303 -0.3357 0.9415
vn 0.0697 -0.2038 0.9765
vn -0.0460 -0.6150 0.7872
vn 0.0898 -0.5014 0.8606
vn -0.0459 -0.6150 0.7872
vn -0.0483 -0.7467 0.6634
vn -0.0697 -0.2038 0.9765
vn -0.0302 -0.3357 0.9415
vn 0.0460 -0.6150 0.7872
vn -0.0303 -0.3357 0.9415
vn -0.0898 -0.5014 0.8606
vn 0.0459 -0.6150 0.7872
vn 0.0483 -0.7467 0.6634
vn 0.1029 -0.5801 0.8080
vn 0.0381 -0.5254 0.8500
vn -0.0433 -0.7538 0.6557
vn -0.1012 -0.6528 0.7508
vn -0.1029 -0.5801 0.8080
vn 0.0433 -0.7538 0.6557
vn -0.3859 0.0058 0.9225
vn -0.0381 -0.5254 0.8500
vn 0.1012 -0.6528 0.7508
vn 0.2568 -0.0669 0.9642
vn -0.0758 -0.3205 0.9442
vn -0.1311 -0.1061 0.9857
vn -0.1012 -0.6527 0.7508
vn -0.2388 -0.4026 0.8837
vn -0.0757 -0.3205 0.9442
vn -0.3230 -0.1199 0.9388
vn 0.1012 -0.6527 0.7508
vn 0.0758 -0.3205 0.9442
vn 0.2388 -0.4026 0.8837
vn 0.1311 -0.1061 0.9857
vn 0.0758 -0.3204 0.9442
vn 0.3230 -0.1199 0.9388
vn 0.3245 -0.0590 0.9441
vn -0.0981 0.0439 0.9942
vn -0.0231 0.1785 0.9837
vn -0.0980 0.0439 0.9942
vn -0.2824 0.0932 0.9547
vn -0.1870 0.2770 0.9425
vn 0.0981 0.0439 0.9942
vn 0.2824 0.0932 0.9547
vn -0.3245 -0.0590 0.9441
vn 0.0231 0.1784 0.9837
vn 0.0231 0.1785 0.9837
vn 0.1870 0.2770 0.9425
vn 0.0427 0.2553 0.9659
vn 0.0924 0.2829 0.9547
vn 0.3766 -0.1156 0.9191
vn -0.0230 0.1785 0.9837
vn -0.1225 0.4014 0.9077
vn 0.0924 0.2828 0.9547
vn -0.0722 0.4926 0.8673
vn 0.1870 0.2769 0.9425
vn 0.0230 0.1785 0.9837
vn -0.0427 0.2553 0.9659
vn 0.1225 0.4014 0.9077
vn -0.3766 -0.1156 0.9191
vn -0.3883 -0.2121 0.8968
vn -0.0924 0.2829 0.9547
vn -0.0924 0.2828 0.9547
vn 0.0722 0.4926 0.8673
vn 0.2135 -0.3417 0.9153
vn 0.1598 0.2866 0.9446
vn 0.2379 0.2861 0.9282
vn 0.1598 0.2867 0.9446
vn 0.0498 0.5522 0.8323
vn 0.2140 0.5570 0.8025
vn -0.1598 0.2867 0.9446
vn -0.0498 0.5522 0.8323
vn -0.1598 0.2866 0.9446
vn -0.2135 -0.3417 0.9153
vn -0.2379 0.2861 0.9282
vn -0.2140 0.5570 0.8025
vn 0.2866 0.3055 0.9080
vn 0.3158 0.3477 0.8828
vn 0.2866 0.3056 0.9080
vn 0.3172 0.5503 0.7724
vn 0.3158 0.3478 0.8828
vn 0.3833 0.5458 0.7451
vn -0.2866 0.3056 0.9080
vn -0.3172 0.5503 0.7724
vn -0.2866 0.3055 0.9080
vn -0.3158 0.3477 0.8828
vn -0.3158 0.3478 0.8828
vn -0.3833 0.5458 0.7451
vn 0.3763 0.3611 0.8532
vn 0.5040 0.2639 0.8224
vn 0.0324 -0.2748 0.9609
vn 0.3763 0.3611 0.8533
vn 0.4803 0.4930 0.7254
vn 0.6296 0.3387 0.6992
vn -0.3763 0.3611 0.8533
vn -0.4803 0.4930 0.7254
vn -0.0324 -0.2748 0.9609
vn -0.3763 0.3611 0.8532
vn -0.5040 0.2639 0.8224
vn -0.6296 0.3387 0.6992
vn 0.1353 -0.0650 0.9887
vn 0.4742 -0.2516 0.8437
vn 0.5676 -0.1801 0.8034
vn 0.7215 -0.2303 0.6529
vn 0.6092 -0.3394 0.7167
vn 0.3591 -0.2800 0.8903
vn -0.7215 -0.2303 0.6529
vn -0.5676 -0.1801 0.8034
vn -0.4742 -0.2516 0.8437
vn -0.6092 -0.3394 0.7167
vn -0.5676 -0.1801 0.8033
vn -0.3590 -0.2801 0.8903
vn -0.6093 -0.3394 0.7167
vn -0.3591 -0.2800 0.8903
vn 0.6222 -0.0891 0.7778
vn 0.1173 -0.0617 0.9912
vn 0.6366 -0.0018 0.7712
vn 0.7732 0.0117 0.6341
vn 0.7714 -0.1011 0.6283
vn 0.5676 -0.1801 0.8033
vn 0.6222 -0.0892 0.7778
vn 0.7714 -0.1012 0.6283
vn -0.7732 0.0117 0.6341
vn -0.6365 -0.0018 0.7712
vn -0.6222 -0.0891 0.7778
vn -0.7714 -0.1011 0.6283
vn -0.6366 -0.0018 0.7712
vn -0.6222 -0.0892 0.7778
vn 0.6067 0.1109 0.7872
vn 0.6365 -0.0018 0.7713
vn 0.5041 0.2639 0.8224
vn 0.7371 0.1490 0.6592
vn 0.6365 -0.0018 0.7712
vn -0.6297 0.3387 0.6992
vn -0.6067 0.1109 0.7872
vn -0.7371 0.1490 0.6592
vn -0.5425 0.8378 -0.0618
vn -0.0000 0.9963 0.0859
vn -0.7366 0.6146 -0.2821
vn -0.4841 0.7991 -0.3564
vn -0.3921 0.8922 0.2240
vn -0.0000 0.9111 0.4122
vn 0.4841 0.7991 -0.3564
vn 0.7366 0.6146 -0.2821
vn 0.5425 0.8378 -0.0618
vn 0.3921 0.8922 0.2240
vn -0.7716 0.5144 -0.3742
vn -0.6525 0.6555 -0.3802
vn -0.4921 0.4814 -0.7254
vn -0.5060 0.4315 -0.7469
vn 0.4921 0.4814 -0.7254
vn 0.6525 0.6555 -0.3802
vn 0.7716 0.5144 -0.3742
vn 0.5060 0.4315 -0.7469
vn -0.2637 0.8881 -0.3764
vn 0.2244 0.9081 -0.3537
vn -0.2637 0.8881 -0.3765
vn 0.2244 0.9081 -0.3536
vn 0.0428 0.6469 -0.7613
vn -0.2450 0.5458 -0.8013
vn -0.4921 0.4814 -0.7253
vn -0.0428 0.6469 -0.7613
vn -0.2244 0.9081 -0.3536
vn 0.2637 0.8881 -0.3765
vn 0.2450 0.5458 -0.8013
vn -0.2244 0.9081 -0.3537
vn 0.2637 0.8881 -0.3764
vn 0.4921 0.4814 -0.7253
vn 0.4343 0.8201 -0.3727
vn 0.4055 0.8508 -0.3344
vn 0.4343 0.8200 -0.3727
vn 0.4054 0.8508 -0.3344
vn 0.1186 0.8600 -0.4963
vn 0.0828 0.5856 -0.8064
vn 0.4344 0.8200 -0.3726
vn 0.0428 0.6469 -0.7614
vn -0.1191 0.8602 -0.4958
vn -0.4054 0.8508 -0.3344
vn -0.4343 0.8201 -0.3726
vn -0.0828 0.5856 -0.8064
vn -0.4055 0.8508 -0.3344
vn -0.4343 0.8200 -0.3727
vn -0.4343 0.8201 -0.3727
vn -0.4344 0.8200 -0.3726
vn -0.0428 0.6469 -0.7614
vn 0.5686 0.8109 0.1385
vn 0.3848 0.8950 -0.2257
vn 0.4055 0.8508 -0.3343
vn 0.5151 0.8457 0.1391
vn 0.4100 0.8990 -0.1538
vn 0.3848 0.8950 -0.2258
vn 0.3875 0.9052 -0.1746
vn 0.2937 0.9210 -0.2561
vn 0.1191 0.8602 -0.4958
vn -0.3875 0.9052 -0.1746
vn -0.4100 0.8990 -0.1538
vn -0.3848 0.8950 -0.2257
vn -0.2937 0.9210 -0.2561
vn -0.5151 0.8457 0.1391
vn -0.3848 0.8950 -0.2258
vn -0.5686 0.8109 0.1385
vn -0.4055 0.8508 -0.3343
vn 0.5720 0.8030 -0.1672
vn 0.8936 0.4054 -0.1928
vn 0.8599 0.4670 -0.2062
vn 0.5522 0.8103 -0.1962
vn -0.8599 0.4670 -0.2062
vn -0.8936 0.4054 -0.1928
vn -0.5720 0.8030 -0.1672
vn -0.5522 0.8103 -0.1962
vn 0.9877 -0.0405 -0.1511
vn 0.9134 -0.3964 -0.0924
vn 0.9877 -0.0406 -0.1511
vn 0.9398 -0.3414 -0.0129
vn 0.9928 0.0328 -0.1155
vn 0.9928 0.0328 -0.1156
vn -0.9398 -0.3414 -0.0129
vn -0.9134 -0.3964 -0.0924
vn -0.9877 -0.0406 -0.1511
vn -0.9928 0.0328 -0.1155
vn -0.9877 -0.0405 -0.1511
vn 0.7559 -0.6227 0.2021
vn 0.7574 -0.6512 -0.0477
vn 0.6116 -0.7909 -0.0217
vn 0.7573 -0.6513 -0.0477
vn 0.6116 -0.7908 -0.0217
vn 0.6435 -0.7605 0.0873
vn 0.7961 -0.6027 0.0549
vn 0.7574 -0.6513 -0.0477
vn -0.6435 -0.7605 0.0873
vn -0.6116 -0.7908 -0.0217
vn -0.7573 -0.6513 -0.0477
vn -0.7961 -0.6027 0.0549
vn -0.6116 -0.7909 -0.0217
vn -0.7574 -0.6512 -0.0477
vn -0.7559 -0.6227 0.2021
vn -0.7574 -0.6513 -0.0477
vn 0.4810 -0.8767 -0.0051
vn 0.3744 -0.9271 0.0198
vn 0.4810 -0.8767 -0.0050
vn 0.3744 -0.9271 0.0197
vn 0.4618 -0.8732 0.1555
vn 0.5119 -0.8529 0.1025
vn 0.6435 -0.7605 0.0874
vn -0.4618 -0.8732 0.1555
vn -0.3744 -0.9271 0.0197
vn -0.4810 -0.8767 -0.0051
vn -0.5119 -0.8529 0.1025
vn -0.3744 -0.9271 0.0198
vn -0.4810 -0.8767 -0.0050
vn -0.6117 -0.7908 -0.0217
vn -0.0000 -0.2596 -0.9657
vn -0.0000 -0.4993 -0.8664
vn 0.2385 -0.4955 -0.8352
vn 0.1951 -0.2559 -0.9468
vn -0.0000 -0.4994 -0.8664
vn -0.0000 -0.8020 -0.5974
vn 0.2854 -0.7722 -0.5676
vn 0.6102 -0.6188 -0.4947
vn 0.4887 -0.4171 -0.7663
vn 0.1952 -0.2559 -0.9468
vn 0.2385 -0.4956 -0.8352
vn 0.4887 -0.4172 -0.7663
vn 0.3431 -0.2112 -0.9152
vn -0.6102 -0.6188 -0.4947
vn -0.2854 -0.7722 -0.5676
vn -0.2385 -0.4955 -0.8352
vn -0.4887 -0.4171 -0.7663
vn -0.1951 -0.2559 -0.9468
vn -0.4887 -0.4172 -0.7663
vn -0.2385 -0.4956 -0.8352
vn -0.1952 -0.2559 -0.9468
vn -0.3431 -0.2112 -0.9152
vn -0.0000 -0.2836 -0.9590
vn -0.0000 -0.1869 -0.9824
vn 0.1550 -0.1699 -0.9732
vn 0.1116 -0.2544 -0.9606
vn 0.1549 -0.1699 -0.9732
vn 0.3431 -0.2113 -0.9152
vn 0.2307 -0.1204 -0.9656
vn 0.1470 -0.1864 -0.9714
vn -0.3431 -0.2113 -0.9152
vn -0.1550 -0.1699 -0.9732
vn -0.2307 -0.1204 -0.9656
vn -0.1549 -0.1699 -0.9732
vn -0.1116 -0.2544 -0.9606
vn -0.1470 -0.1864 -0.9714
vn -0.0000 -0.7370 -0.6759
vn -0.0000 -0.4803 -0.8771
vn 0.0678 -0.4472 -0.8918
vn 0.0489 -0.7136 -0.6989
vn -0.0000 -0.2835 -0.9590
vn 0.1116 -0.2545 -0.9606
vn 0.0678 -0.4473 -0.8918
vn 0.0789 -0.3697 -0.9258
vn 0.0584 -0.6591 -0.7498
vn -0.0678 -0.4473 -0.8918
vn -0.0789 -0.3697 -0.9258
vn -0.1116 -0.2545 -0.9606
vn -0.0678 -0.4472 -0.8918
vn -0.0489 -0.7136 -0.6989
vn -0.0584 -0.6591 -0.7498
vn 0.0663 -0.9465 -0.3157
vn 0.1034 -0.9278 -0.3584
vn 0.0868 -0.9928 0.0831
vn -0.0000 -0.9554 -0.2953
vn 0.0663 -0.9466 -0.3156
vn 0.0663 -0.9466 -0.3157
vn 0.0584 -0.6591 -0.7497
vn -0.0663 -0.9465 -0.3157
vn -0.0868 -0.9928 0.0831
vn -0.0663 -0.9466 -0.3156
vn -0.1034 -0.9278 -0.3584
vn -0.0663 -0.9466 -0.3157
vn -0.0585 -0.6591 -0.7497
vn 0.6179 -0.7817 0.0852
vn 0.2069 -0.8994 -0.3850
vn 0.5897 -0.6944 -0.4124
vn 0.1215 -0.5953 -0.7942
vn 0.1216 -0.5953 -0.7942
vn 0.3826 -0.4882 -0.7844
vn -0.2069 -0.8994 -0.3850
vn -0.1215 -0.5953 -0.7942
vn -0.6179 -0.7817 0.0852
vn -0.5897 -0.6944 -0.4124
vn -0.1216 -0.5953 -0.7942
vn -0.3826 -0.4882 -0.7844
vn 0.9391 -0.3243 0.1136
vn 0.9013 -0.1701 -0.3985
vn 0.9292 0.0617 -0.3643
vn 0.5214 -0.1510 -0.8399
vn 0.9013 -0.1701 -0.3984
vn 0.5213 -0.1511 -0.8399
vn 0.6181 0.0283 -0.7856
vn -0.9013 -0.1701 -0.3985
vn -0.5214 -0.1510 -0.8399
vn -0.9391 -0.3243 0.1136
vn -0.9292 0.0617 -0.3643
vn -0.5213 -0.1511 -0.8399
vn -0.9013 -0.1701 -0.3984
vn -0.6181 0.0283 -0.7856
vn 0.9334 0.1243 -0.3367
vn 0.9412 0.1325 -0.3108
vn 0.6942 0.0843 -0.7149
vn 0.7675 0.0670 -0.6375
vn -0.9334 0.1243 -0.3367
vn -0.6942 0.0843 -0.7149
vn -0.9412 0.1325 -0.3108
vn -0.7675 0.0670 -0.6375
vn 0.2564 -0.0914 -0.9622
vn 0.3696 -0.0305 -0.9287
vn 0.5175 -0.0852 -0.8514
vn 0.6942 0.0843 -0.7148
vn -0.3696 -0.0305 -0.9287
vn -0.5175 -0.0852 -0.8514
vn -0.2564 -0.0914 -0.9622
vn -0.6942 0.0843 -0.7148
vn 0.1564 -0.2675 -0.9508
vn 0.0584 -0.6592 -0.7497
vn -0.0584 -0.6592 -0.7497
vn -0.1564 -0.2675 -0.9508
vn 0.9232 0.0278 -0.3832
vn 0.8488 0.0346 -0.5277
vn 0.7008 -0.1980 -0.6853
vn 0.8502 -0.2885 -0.4404
vn 0.8487 0.0346 -0.5277
vn 0.8501 -0.2886 -0.4404
vn -0.7008 -0.1980 -0.6853
vn -0.4891 -0.4171 -0.7660
vn -0.8487 0.0346 -0.5277
vn -0.8488 0.0346 -0.5276
vn -0.9232 0.0278 -0.3832
vn -0.8502 -0.2885 -0.4404
vn -0.8501 -0.2886 -0.4404
vn 0.9536 0.1384 -0.2675
vn 0.9643 0.1731 -0.2005
vn 0.9536 0.1384 -0.2674
vn 0.8488 0.0346 -0.5276
vn 0.9233 0.0278 -0.3832
vn -0.9536 0.1384 -0.2674
vn -0.9536 0.1384 -0.2675
vn -0.9643 0.1731 -0.2005
vn -0.9233 0.0278 -0.3832
vn 0.9381 0.2893 0.1907
vn 0.9943 0.1055 0.0164
vn 0.9836 0.0793 0.1620
vn 0.8924 -0.4366 0.1142
vn 0.8416 -0.4517 0.2961
vn 0.7693 -0.4321 0.4707
vn 0.9576 0.0740 0.2785
vn 0.9408 0.2654 0.2110
vn 0.9836 0.0792 0.1620
vn -0.7693 -0.4321 0.4707
vn -0.8416 -0.4517 0.2960
vn -0.9836 0.0793 0.1620
vn -0.9576 0.0740 0.2785
vn -0.8416 -0.4517 0.2961
vn -0.8924 -0.4366 0.1142
vn -0.9943 0.1055 0.0164
vn -0.9381 0.2893 0.1907
vn -0.9836 0.0792 0.1620
vn -0.9408 0.2654 0.2110
vn 0.9643 0.1731 -0.2004
vn 0.9786 0.1756 -0.1076
vn 0.9796 -0.0978 -0.1756
vn -0.9796 -0.0978 -0.1756
vn -0.9786 0.1756 -0.1076
vn -0.9643 0.1731 -0.2004
vn 0.9081 -0.3365 0.2493
vn 0.5161 -0.8497 0.1078
vn 0.9153 -0.2822 0.2874
vn 0.7692 -0.4321 0.4707
vn 0.6946 -0.5346 0.4813
vn 0.5162 -0.8497 0.1078
vn 0.6947 -0.5346 0.4813
vn 0.5043 -0.8552 0.1197
vn -0.7692 -0.4321 0.4707
vn -0.9081 -0.3365 0.2493
vn -0.6946 -0.5346 0.4813
vn -0.9153 -0.2822 0.2874
vn -0.5161 -0.8497 0.1078
vn -0.6947 -0.5346 0.4813
vn -0.5162 -0.8497 0.1078
vn -0.5043 -0.8552 0.1197
vn 0.5426 -0.7827 0.3047
vn 0.3410 -0.9385 0.0552
vn 0.3859 -0.9105 0.1484
vn 0.3410 -0.9384 0.0552
vn 0.4618 -0.8733 0.1555
vn 0.3743 -0.9271 0.0197
vn -0.4618 -0.8733 0.1555
vn -0.3859 -0.9105 0.1484
vn -0.3410 -0.9385 0.0552
vn -0.3410 -0.9384 0.0552
vn -0.5426 -0.7827 0.3047
vn -0.3743 -0.9271 0.0197
vn -0.0000 -0.2371 -0.9715
vn 0.2491 -0.2460 -0.9367
vn 0.2437 -0.4918 -0.8359
vn -0.0000 -0.4965 -0.8680
vn 0.3899 -0.2693 -0.8806
vn 0.3873 -0.4915 -0.7800
vn 0.2437 -0.4917 -0.8359
vn 0.2437 -0.4917 -0.8360
vn 0.4150 -0.7006 -0.5804
vn 0.2414 -0.7178 -0.6531
vn -0.0000 -0.7292 -0.6843
vn -0.4150 -0.7006 -0.5804
vn -0.3873 -0.4915 -0.7800
vn -0.2437 -0.4917 -0.8360
vn -0.2414 -0.7178 -0.6531
vn -0.3899 -0.2693 -0.8806
vn -0.2491 -0.2460 -0.9367
vn -0.2437 -0.4917 -0.8359
vn -0.2437 -0.4918 -0.8359
vn 0.2414 -0.7178 -0.6530
vn 0.2433 -0.8538 -0.4602
vn -0.0000 -0.8734 -0.4871
vn 0.4415 -0.8054 -0.3956
vn 0.2433 -0.8538 -0.4603
vn 0.4564 -0.8603 -0.2271
vn 0.2465 -0.9248 -0.2896
vn 0.2465 -0.9249 -0.2896
vn -0.0000 -0.9494 -0.3141
vn -0.4564 -0.8603 -0.2271
vn -0.4415 -0.8054 -0.3956
vn -0.2433 -0.8538 -0.4603
vn -0.2465 -0.9248 -0.2896
vn -0.2433 -0.8538 -0.4602
vn -0.2414 -0.7178 -0.6530
vn -0.2465 -0.9249 -0.2896
vn 0.2699 -0.9468 -0.1754
vn -0.0000 -0.9783 -0.2072
vn 0.4957 -0.8629 -0.0983
vn 0.4957 -0.8629 -0.0984
vn 0.5760 -0.8168 -0.0319
vn 0.3013 -0.9425 -0.1446
vn -0.0000 -0.9839 -0.1785
vn -0.5760 -0.8168 -0.0319
vn -0.4957 -0.8629 -0.0984
vn -0.2699 -0.9468 -0.1754
vn -0.3013 -0.9425 -0.1446
vn -0.4957 -0.8629 -0.0983
vn 0.3124 -0.9180 -0.2441
vn -0.0000 -0.9622 -0.2724
vn 0.6211 -0.7666 -0.1630
vn 0.3124 -0.9181 -0.2441
vn 0.6102 -0.6189 -0.4947
vn 0.2855 -0.7722 -0.5676
vn -0.6102 -0.6189 -0.4947
vn -0.6211 -0.7666 -0.1630
vn -0.3124 -0.9180 -0.2441
vn -0.2855 -0.7722 -0.5676
vn -0.3124 -0.9181 -0.2441
vn 0.9233 0.0277 -0.3832
vn 0.8501 -0.2886 -0.4405
vn 0.8758 -0.4675 -0.1203
vn 0.8758 -0.4675 -0.1204
vn 0.7744 -0.6286 0.0717
vn 0.7744 -0.6286 0.0718
vn -0.8758 -0.4675 -0.1204
vn -0.7744 -0.6286 0.0717
vn -0.8758 -0.4675 -0.1203
vn -0.8501 -0.2886 -0.4405
vn -0.9233 0.0277 -0.3832
vn -0.7744 -0.6286 0.0718
vn 0.8342 -0.5297 0.1534
vn 0.9602 -0.2588 0.1051
vn 0.6676 -0.7233 0.1764
vn 0.6765 -0.7185 0.1616
vn 0.8792 -0.4551 0.1413
vn 0.9767 -0.1705 0.1301
vn -0.6765 -0.7185 0.1616
vn -0.6676 -0.7233 0.1764
vn -0.8342 -0.5297 0.1534
vn -0.8792 -0.4551 0.1413
vn -0.6435 -0.7605 0.0874
vn -0.9602 -0.2588 0.1051
vn -0.9767 -0.1705 0.1301
vn -0.0000 0.3298 -0.9440
vn 0.2589 0.3010 -0.9178
vn 0.2547 -0.0030 -0.9670
vn -0.0000 0.0191 -0.9998
vn 0.4042 0.2379 -0.8832
vn 0.4002 -0.0560 -0.9147
vn -0.4002 -0.0560 -0.9147
vn -0.2547 -0.0030 -0.9670
vn -0.4042 0.2379 -0.8832
vn -0.2589 0.3010 -0.9178
vn -0.0000 0.8291 0.5592
vn 0.1705 0.8132 0.5564
vn 0.1446 0.9492 0.2794
vn -0.0000 0.9606 0.2780
vn 0.3848 0.7580 0.5266
vn 0.3527 0.8962 0.2692
vn 0.3527 0.8962 0.2693
vn 0.3201 0.9474 0.0014
vn 0.1303 0.9915 0.0054
vn 0.1304 0.9915 0.0054
vn -0.0000 1.0000 0.0055
vn -0.3201 0.9474 0.0014
vn -0.3527 0.8962 0.2693
vn -0.1446 0.9492 0.2794
vn -0.1303 0.9915 0.0054
vn -0.3527 0.8962 0.2692
vn -0.3848 0.7580 0.5266
vn -0.1705 0.8132 0.5564
vn -0.1304 0.9915 0.0054
vn 0.1444 0.9537 -0.2637
vn -0.0000 0.9667 -0.2559
vn 0.3122 0.9079 -0.2798
vn 0.3379 0.7500 -0.5686
vn 0.1912 0.8134 -0.5494
vn -0.0000 0.9667 -0.2560
vn -0.0000 0.8405 -0.5418
vn -0.3379 0.7500 -0.5686
vn -0.3122 0.9079 -0.2798
vn -0.1444 0.9537 -0.2637
vn -0.1912 0.8134 -0.5494
vn -0.0000 0.8405 -0.5419
vn 0.2388 0.5893 -0.7718
vn -0.0000 0.6229 -0.7823
vn 0.3795 0.5202 -0.7651
vn -0.3795 0.5202 -0.7651
vn -0.2388 0.5893 -0.7718
vn 0.6042 0.7966 0.0212
vn 0.4572 0.8867 0.0683
vn 0.8715 0.4903 -0.0066
vn 0.8635 0.4452 0.2369
vn 0.6323 0.6945 0.3433
vn 0.6323 0.6945 0.3434
vn 0.5452 0.7352 0.4028
vn -0.8635 0.4452 0.2369
vn -0.8715 0.4903 -0.0066
vn -0.6042 0.7966 0.0212
vn -0.6323 0.6945 0.3433
vn -0.4572 0.8867 0.0683
vn -0.6323 0.6945 0.3434
vn -0.5452 0.7352 0.4028
vn 0.6341 0.6132 0.4711
vn 0.5897 0.6255 0.5109
vn 0.8479 0.4027 0.3449
vn 0.8659 0.4226 0.2676
vn 0.6814 0.6282 0.3755
vn 0.6342 0.6550 0.4108
vn -0.8659 0.4226 0.2676
vn -0.8479 0.4027 0.3449
vn -0.6341 0.6132 0.4711
vn -0.6814 0.6282 0.3755
vn -0.5897 0.6255 0.5109
vn -0.6342 0.6550 0.4108
vn 0.6814 0.6283 0.3755
vn 0.7378 0.6549 0.1638
vn 0.6628 0.7229 0.1953
vn 0.8929 0.4407 0.0925
vn 0.8929 0.4406 0.0925
vn 0.9067 0.4174 -0.0602
vn 0.7654 0.6424 -0.0386
vn 0.6628 0.7229 0.1954
vn 0.6646 0.7467 -0.0271
vn -0.9067 0.4174 -0.0602
vn -0.8929 0.4406 0.0925
vn -0.7378 0.6549 0.1638
vn -0.7654 0.6424 -0.0386
vn -0.8929 0.4407 0.0925
vn -0.6814 0.6283 0.3755
vn -0.6628 0.7229 0.1953
vn -0.6628 0.7229 0.1954
vn -0.6646 0.7467 -0.0271
vn 0.7606 0.5989 -0.2504
vn 0.6436 0.7110 -0.2832
vn 0.9030 0.3765 -0.2069
vn 0.7607 0.5989 -0.2504
vn 0.8542 0.3223 -0.4080
vn 0.7223 0.4520 -0.5235
vn 0.7222 0.4520 -0.5235
vn 0.5964 0.5581 -0.5769
vn -0.8542 0.3223 -0.4080
vn -0.9030 0.3765 -0.2069
vn -0.7607 0.5989 -0.2504
vn -0.7223 0.4520 -0.5235
vn -0.7606 0.5989 -0.2504
vn -0.6436 0.7110 -0.2832
vn -0.7222 0.4520 -0.5235
vn -0.5964 0.5581 -0.5769
vn 0.7052 0.0528 -0.7070
vn 0.6482 -0.0201 -0.7612
vn 0.6873 0.2177 -0.6930
vn 0.8389 0.1746 -0.5156
vn 0.6482 -0.0200 -0.7612
vn 0.5706 0.0405 -0.8203
vn 0.5726 0.3169 -0.7561
vn 0.6873 0.2176 -0.6930
vn 0.8389 0.1745 -0.5156
vn -0.5726 0.3169 -0.7561
vn -0.6873 0.2176 -0.6930
vn -0.5706 0.0405 -0.8203
vn -0.6482 -0.0200 -0.7612
vn -0.6873 0.2177 -0.6930
vn -0.6482 -0.0201 -0.7612
vn -0.7052 0.0528 -0.7070
vn -0.8389 0.1746 -0.5156
vn -0.8389 0.1745 -0.5156
vn 0.4042 0.2378 -0.8832
vn 0.4721 0.4292 -0.7700
vn 0.4936 0.1463 -0.8573
vn 0.4673 0.6625 -0.5855
vn 0.5727 0.3169 -0.7561
vn -0.4673 0.6625 -0.5855
vn -0.4721 0.4292 -0.7700
vn -0.4042 0.2378 -0.8832
vn -0.4936 0.1463 -0.8573
vn -0.5727 0.3169 -0.7561
vn 0.5033 0.8145 -0.2885
vn 0.5416 0.8406 -0.0115
vn 0.6436 0.7110 -0.2831
vn -0.5416 0.8406 -0.0115
vn -0.5033 0.8145 -0.2885
vn -0.6436 0.7110 -0.2831
vn 0.5721 0.7873 0.2299
vn 0.3848 0.7580 0.5267
vn 0.5822 0.6739 0.4549
vn 0.5722 0.7873 0.2299
vn 0.5822 0.6738 0.4550
vn 0.5416 0.8405 -0.0115
vn -0.5822 0.6738 0.4550
vn -0.5721 0.7873 0.2299
vn -0.5822 0.6739 0.4549
vn -0.3848 0.7580 0.5267
vn -0.5722 0.7873 0.2299
vn -0.5416 0.8405 -0.0115
vn 0.3881 0.6559 0.6475
vn 0.5585 0.6129 0.5590
vn 0.5822 0.6739 0.4550
vn 0.3881 0.6559 0.6474
vn 0.3486 0.7253 0.5936
vn 0.5001 0.7247 0.4740
vn 0.5822 0.6738 0.4549
vn -0.5001 0.7247 0.4740
vn -0.5585 0.6129 0.5590
vn -0.3486 0.7253 0.5936
vn -0.3881 0.6559 0.6474
vn -0.3881 0.6559 0.6475
vn -0.5822 0.6739 0.4550
vn -0.5822 0.6738 0.4549
vn 0.3672 0.9260 0.0872
vn 0.2051 0.9623 0.1784
vn 0.4572 0.8867 0.0682
vn 0.5002 0.7247 0.4740
vn 0.3486 0.7254 0.5936
vn -0.3672 0.9260 0.0872
vn -0.4572 0.8867 0.0682
vn -0.2051 0.9623 0.1784
vn -0.3486 0.7254 0.5936
vn -0.0000 0.6824 0.7310
vn 0.1747 0.7035 0.6888
vn 0.1861 0.6915 0.6980
vn -0.0000 0.7041 0.7101
vn -0.1861 0.6915 0.6980
vn -0.1747 0.7035 0.6888
vn -0.4842 0.7991 -0.3564
vn -0.2210 0.4018 -0.8886
vn -0.1931 0.8001 -0.5680
vn -0.5060 0.4315 -0.7468
vn -0.2210 0.4019 -0.8886
vn -0.1931 0.8001 -0.5679
vn 0.2210 0.4019 -0.8886
vn 0.5060 0.4315 -0.7468
vn 0.2210 0.4018 -0.8886
vn 0.4842 0.7991 -0.3564
vn 0.1931 0.8001 -0.5680
vn 0.1931 0.8001 -0.5679
vn 0.0634 0.9115 0.4064
vn -0.0204 0.7994 0.6004
vn 0.1748 0.7035 0.6888
vn -0.0634 0.9115 0.4064
vn -0.1748 0.7035 0.6888
vn 0.0204 0.7994 0.6004
vn -0.1172 0.6790 0.7247
vn -0.0000 0.6132 0.7900
vn -0.0204 0.7994 0.6005
vn -0.1173 0.6790 0.7247
vn 0.0204 0.7994 0.6005
vn 0.1172 0.6790 0.7247
vn 0.9940 0.1001 0.0431
vn 0.9764 0.1394 0.1650
vn 0.9940 0.1001 0.0432
vn -0.9940 0.1001 0.0431
vn -0.9764 0.1394 0.1650
vn -0.9940 0.1001 0.0432
vn 0.9767 -0.1705 0.1300
vn 0.9902 -0.1108 0.0847
vn 0.9687 0.1432 0.2028
vn 0.9902 -0.1107 0.0847
vn 0.9944 -0.0980 0.0406
vn 0.9751 0.1684 0.1441
vn 0.8479 0.4026 0.3449
vn -0.9751 0.1684 0.1441
vn -0.9687 0.1432 0.2028
vn -0.8479 0.4026 0.3449
vn -0.9944 -0.0980 0.0406
vn -0.9902 -0.1107 0.0847
vn -0.9902 -0.1108 0.0847
vn -0.9767 -0.1705 0.1300
vn 0.9944 -0.0980 0.0407
vn 0.9969 0.0709 0.0340
vn 0.9747 0.2212 0.0326
vn 0.9394 0.3402 -0.0421
vn 0.9640 0.2500 -0.0904
vn 0.9747 0.2211 0.0326
vn -0.9640 0.2500 -0.0904
vn -0.9747 0.2212 0.0326
vn -0.9394 0.3402 -0.0421
vn -0.9969 0.0709 0.0340
vn -0.9747 0.2211 0.0326
vn -0.9944 -0.0980 0.0407
vn 0.9431 0.2171 -0.2520
vn 0.8373 0.3847 -0.3885
vn 0.8542 0.3223 -0.4079
vn 0.9640 0.2500 -0.0905
vn -0.9431 0.2171 -0.2520
vn -0.8373 0.3847 -0.3885
vn -0.9640 0.2500 -0.0905
vn 0.5760 -0.8168 -0.0318
vn 0.6091 -0.7928 -0.0199
vn 0.6498 -0.7560 0.0790
vn 0.5807 -0.7964 -0.1689
vn 0.5344 -0.8289 -0.1656
vn 0.5506 -0.8346 0.0174
vn 0.5506 -0.8346 0.0175
vn 0.5708 -0.8088 0.1415
vn -0.5344 -0.8289 -0.1656
vn -0.5807 -0.7964 -0.1689
vn -0.6091 -0.7928 -0.0199
vn -0.5506 -0.8346 0.0174
vn -0.5760 -0.8169 -0.0319
vn -0.6498 -0.7560 0.0790
vn -0.5506 -0.8346 0.0175
vn -0.5708 -0.8088 0.1415
vn 0.5157 -0.8430 0.1530
vn 0.4635 -0.8843 0.0558
vn 0.5113 -0.8523 0.1102
vn 0.5709 -0.8088 0.1415
vn 0.3822 -0.9106 -0.1573
vn 0.5114 -0.8523 0.1102
vn 0.2320 -0.9714 -0.0501
vn -0.4635 -0.8843 0.0558
vn -0.3822 -0.9106 -0.1573
vn -0.5709 -0.8088 0.1415
vn -0.5157 -0.8430 0.1530
vn -0.5113 -0.8523 0.1102
vn -0.5114 -0.8523 0.1102
vn -0.2320 -0.9714 -0.0501
vn 0.5298 -0.8287 0.1805
vn 0.5276 -0.8258 0.1995
vn 0.5276 -0.8257 0.1995
vn 0.5158 -0.8430 0.1530
vn 0.5158 -0.8430 0.1531
vn -0.5276 -0.8257 0.1995
vn -0.5298 -0.8287 0.1805
vn -0.5158 -0.8430 0.1530
vn -0.5276 -0.8258 0.1995
vn -0.5158 -0.8430 0.1531
vn 0.5602 -0.7508 0.3499
vn 0.6307 -0.7329 0.2553
vn 0.6306 -0.7329 0.2553
vn 0.8923 -0.4367 0.1142
vn 0.6809 -0.7048 0.1993
vn 0.6306 -0.7329 0.2554
vn -0.8923 -0.4367 0.1142
vn -0.6306 -0.7329 0.2553
vn -0.6809 -0.7048 0.1993
vn -0.5602 -0.7508 0.3499
vn -0.6307 -0.7329 0.2553
vn -0.6306 -0.7329 0.2554
vn 0.6994 -0.6993 0.1475
vn 0.6808 -0.7048 0.1993
vn 0.6994 -0.6994 0.1475
vn -0.6994 -0.6994 0.1475
vn -0.6808 -0.7048 0.1993
vn -0.6994 -0.6993 0.1475
vn 0.4618 -0.8733 0.1556
vn 0.4927 -0.7268 0.4786
vn 0.4926 -0.7268 0.4786
vn -0.4926 -0.7268 0.4786
vn -0.4618 -0.8733 0.1556
vn -0.4927 -0.7268 0.4786
vn 0.5258 -0.2700 -0.8066
vn 0.5598 -0.2996 -0.7725
vn 0.3296 -0.5965 -0.7318
vn 0.4423 -0.6023 -0.6646
vn 0.5616 -0.5478 -0.6201
vn 0.5548 -0.2646 -0.7888
vn -0.5616 -0.5478 -0.6201
vn -0.4423 -0.6023 -0.6646
vn -0.5598 -0.2996 -0.7725
vn -0.5548 -0.2646 -0.7888
vn -0.3296 -0.5965 -0.7318
vn -0.5258 -0.2700 -0.8066
vn -0.5598 -0.2997 -0.7725
vn 0.5037 -0.1550 -0.8499
vn 0.5616 -0.5477 -0.6201
vn 0.5169 -0.3514 -0.7806
vn 0.4001 -0.0560 -0.9147
vn -0.5616 -0.5477 -0.6201
vn -0.5037 -0.1550 -0.8499
vn -0.5169 -0.3514 -0.7806
vn -0.4001 -0.0560 -0.9147
vn 0.2320 -0.9714 -0.0502
vn 0.3607 -0.8269 -0.4314
vn 0.1436 -0.8767 -0.4592
vn 0.5411 -0.7524 -0.3756
vn 0.3608 -0.8269 -0.4314
vn 0.5617 -0.5477 -0.6201
vn 0.3608 -0.8269 -0.4313
vn -0.5617 -0.5477 -0.6201
vn -0.5411 -0.7524 -0.3756
vn -0.3608 -0.8269 -0.4314
vn -0.3607 -0.8269 -0.4314
vn -0.2320 -0.9714 -0.0502
vn -0.1436 -0.8767 -0.4592
vn -0.3608 -0.8269 -0.4313
vn 0.5837 -0.7375 -0.3398
vn 0.5744 -0.6410 -0.5092
vn 0.5836 -0.7375 -0.3398
vn 0.5744 -0.6410 -0.5091
vn -0.5744 -0.6410 -0.5091
vn -0.5837 -0.7375 -0.3398
vn -0.5744 -0.6410 -0.5092
vn -0.5836 -0.7375 -0.3398
vn 0.5106 -0.4961 -0.7023
vn -0.5106 -0.4961 -0.7023
vn -0.2352 0.9718 0.0190
vn -0.3803 0.9229 0.0597
vn 0.1682 0.6013 0.7811
vn 0.3088 0.5285 0.7908
vn -0.3803 0.9229 0.0596
vn -0.4936 0.8599 0.1302
vn 0.0168 0.5785 0.8155
vn 0.5387 -0.1483 0.8293
vn 0.5776 -0.1658 0.7993
vn 0.5472 -0.2246 0.8063
vn -0.5387 -0.1483 0.8293
vn -0.0168 0.5785 0.8155
vn -0.1682 0.6013 0.7811
vn -0.5776 -0.1658 0.7993
vn 0.4936 0.8599 0.1302
vn 0.3803 0.9229 0.0596
vn -0.1682 0.6014 0.7811
vn 0.3803 0.9229 0.0597
vn 0.2352 0.9718 0.0190
vn -0.3088 0.5285 0.7908
vn -0.5472 -0.2246 0.8063
vn -0.2351 0.9718 0.0190
vn 0.3087 0.5286 0.7908
vn 0.4032 0.3990 0.8236
vn 0.0146 0.9981 0.0604
vn 0.5472 -0.2245 0.8063
vn 0.4534 -0.2621 0.8519
vn 0.4031 0.3990 0.8236
vn 0.2674 -0.2450 0.9319
vn 0.4348 0.2523 0.8644
vn 0.4595 0.8479 0.2646
vn -0.2674 -0.2450 0.9319
vn -0.4534 -0.2621 0.8519
vn -0.4032 0.3990 0.8236
vn -0.4348 0.2523 0.8644
vn -0.5472 -0.2245 0.8063
vn -0.3087 0.5286 0.7908
vn -0.4031 0.3990 0.8236
vn 0.2351 0.9718 0.0190
vn -0.0146 0.9981 0.0604
vn -0.4595 0.8479 0.2646
vn 0.4349 0.2523 0.8644
vn 0.4023 0.1257 0.9069
vn 0.7398 0.4412 0.5080
vn 0.0249 -0.1541 0.9877
vn -0.1224 -0.0382 0.9917
vn 0.3700 0.0140 0.9289
vn 0.4023 0.1257 0.9068
vn 0.7730 0.0765 0.6298
vn 0.1224 -0.0382 0.9917
vn -0.0249 -0.1541 0.9877
vn -0.4022 0.1257 0.9069
vn -0.3700 0.0140 0.9289
vn -0.4023 0.1257 0.9069
vn -0.4349 0.2523 0.8644
vn -0.7398 0.4412 0.5080
vn -0.4023 0.1257 0.9068
vn -0.7730 0.0765 0.6298
vn 0.3701 0.0140 0.9289
vn 0.3836 -0.0627 0.9214
vn 0.7610 -0.2047 0.6157
vn -0.1560 0.1132 0.9813
vn -0.1560 0.1132 0.9812
vn -0.0537 0.3118 0.9486
vn 0.4584 -0.1261 0.8798
vn 0.7346 -0.4811 0.4785
vn 0.0537 0.3118 0.9486
vn 0.1560 0.1132 0.9812
vn -0.3836 -0.0627 0.9214
vn -0.4584 -0.1261 0.8798
vn 0.1560 0.1132 0.9813
vn -0.3701 0.0140 0.9289
vn -0.7610 -0.2047 0.6157
vn -0.7346 -0.4810 0.4785
vn 0.5549 -0.2557 0.7916
vn 0.6095 -0.7415 0.2805
vn 0.1894 0.4044 0.8947
vn 0.4366 0.3026 0.8472
vn 0.5847 -0.4236 0.6919
vn 0.6095 -0.7415 0.2804
vn 0.5848 -0.4236 0.6918
vn 0.4263 -0.8906 0.1582
vn -0.4366 0.3026 0.8472
vn -0.1894 0.4044 0.8947
vn -0.5549 -0.2557 0.7916
vn -0.5847 -0.4236 0.6919
vn -0.7346 -0.4811 0.4785
vn -0.6095 -0.7415 0.2805
vn -0.5848 -0.4236 0.6918
vn -0.6095 -0.7415 0.2804
vn -0.4263 -0.8906 0.1582
vn 0.5848 -0.4235 0.6919
vn 0.5090 -0.5505 0.6617
vn 0.2397 -0.9641 0.1141
vn 0.5187 0.1666 0.8386
vn 0.3713 0.2560 0.8925
vn 0.3080 -0.5652 0.7653
vn 0.0387 -0.9955 0.0864
vn -0.3713 0.2560 0.8925
vn -0.5187 0.1666 0.8386
vn -0.5090 -0.5505 0.6617
vn -0.3080 -0.5652 0.7653
vn -0.5848 -0.4235 0.6919
vn -0.2397 -0.9641 0.1141
vn -0.0387 -0.9955 0.0864
vn 0.1160 0.7834 0.6107
vn 0.3181 0.6908 0.6494
vn 0.1160 0.7834 0.6106
vn -0.1021 0.9298 0.3536
vn 0.1181 0.9050 0.4086
vn 0.3180 0.6908 0.6494
vn 0.1300 0.9134 0.3856
vn 0.2615 0.7323 0.6288
vn -0.1300 0.9134 0.3856
vn -0.1181 0.9050 0.4086
vn -0.3181 0.6908 0.6494
vn -0.2615 0.7323 0.6288
vn 0.1021 0.9298 0.3536
vn -0.1160 0.7834 0.6106
vn -0.3180 0.6908 0.6494
vn -0.1160 0.7834 0.6107
vn -0.5718 0.6066 0.5523
vn -0.2345 0.7913 0.5647
vn -0.7524 0.6428 0.1440
vn -0.4357 0.8637 0.2533
vn 0.1160 0.7833 0.6107
vn 0.4357 0.8637 0.2533
vn 0.2345 0.7913 0.5647
vn 0.7524 0.6428 0.1440
vn 0.5718 0.6066 0.5522
vn 0.5718 0.6066 0.5523
vn -0.1160 0.7833 0.6107
vn -0.6913 -0.0708 0.7191
vn -0.7500 0.2779 0.6002
vn -0.6913 -0.0708 0.7190
vn -0.9664 -0.0742 0.2462
vn -0.9432 0.3132 0.1106
vn -0.7500 0.2779 0.6003
vn -0.5719 0.6066 0.5523
vn -0.1560 0.1133 0.9812
vn 0.9432 0.3132 0.1106
vn 0.7500 0.2779 0.6003
vn 0.5719 0.6066 0.5523
vn 0.9664 -0.0742 0.2462
vn 0.6913 -0.0708 0.7190
vn 0.7500 0.2779 0.6002
vn 0.6913 -0.0708 0.7191
vn 0.1560 0.1133 0.9812
vn 0.2674 -0.2451 0.9319
vn 0.1068 -0.5373 0.8366
vn -0.3675 -0.3815 0.8482
vn -0.0411 -0.7259 0.6866
vn -0.6642 -0.5167 0.5402
vn 0.6642 -0.5167 0.5402
vn 0.3675 -0.3815 0.8482
vn 0.0411 -0.7259 0.6866
vn -0.1068 -0.5373 0.8366
vn -0.2674 -0.2451 0.9319
vn 0.5474 -0.4986 0.6721
vn 0.4020 -0.5385 0.7405
vn 0.5169 -0.6300 0.5796
vn 0.3387 -0.6918 0.6377
vn 0.4534 -0.2620 0.8519
vn -0.3387 -0.6918 0.6377
vn -0.4020 -0.5385 0.7405
vn -0.5169 -0.6300 0.5796
vn -0.5474 -0.4986 0.6721
vn 0.6321 -0.4417 0.6367
vn 0.6480 -0.4034 0.6460
vn 0.6480 -0.4034 0.6461
vn 0.6806 -0.5149 0.5212
vn 0.6296 -0.5620 0.5364
vn -0.6806 -0.5149 0.5212
vn -0.6480 -0.4034 0.6461
vn -0.6321 -0.4417 0.6367
vn -0.6296 -0.5620 0.5364
vn -0.6480 -0.4034 0.6460
vn -0.6321 -0.4416 0.6367
vn 0.7107 -0.6904 0.1352
vn 0.8363 -0.5445 0.0637
vn 0.5014 -0.6956 0.5146
vn 0.5014 -0.6955 0.5146
vn 0.7112 0.1258 0.6917
vn 0.9040 -0.4139 0.1071
vn 0.7107 -0.6904 0.1353
vn 0.9140 -0.4004 -0.0650
vn -0.7112 0.1258 0.6917
vn -0.5014 -0.6955 0.5146
vn -0.7107 -0.6904 0.1352
vn -0.9040 -0.4139 0.1071
vn -0.5014 -0.6956 0.5146
vn -0.8363 -0.5445 0.0637
vn -0.7107 -0.6904 0.1353
vn -0.9140 -0.4004 -0.0650
vn -0.0779 -0.9960 0.0437
vn 0.1417 -0.4556 0.8788
vn 0.2588 0.4347 0.8626
vn 0.5013 -0.6956 0.5146
vn 0.7111 0.1258 0.6917
vn -0.1417 -0.4556 0.8788
vn -0.2588 0.4347 0.8626
vn 0.0779 -0.9960 0.0437
vn -0.5013 -0.6956 0.5146
vn -0.7111 0.1258 0.6917
vn 0.8792 -0.4550 0.1413
vn 0.9329 -0.3583 0.0360
vn 0.8363 -0.5445 0.0638
vn 0.9482 -0.3139 -0.0479
vn 0.9483 -0.3139 -0.0479
vn -0.8363 -0.5445 0.0638
vn -0.9329 -0.3583 0.0360
vn -0.9482 -0.3139 -0.0479
vn -0.8792 -0.4550 0.1413
vn -0.9483 -0.3139 -0.0479
vn 0.9394 0.3402 -0.0420
vn 0.8795 0.1124 0.4624
vn 0.2304 0.4424 0.8667
vn -0.2538 0.9504 0.1800
vn 0.7035 -0.2726 0.6563
vn 0.5353 -0.2015 0.8203
vn 0.5353 -0.2014 0.8203
vn 0.5387 -0.1483 0.8294
vn -0.2538 0.9503 0.1800
vn -0.5387 -0.1483 0.8294
vn -0.5353 -0.2014 0.8203
vn -0.2304 0.4424 0.8667
vn -0.5353 -0.2015 0.8203
vn -0.7035 -0.2726 0.6563
vn -0.8795 0.1124 0.4624
vn -0.9394 0.3402 -0.0420
vn 0.2538 0.9504 0.1800
vn 0.2538 0.9503 0.1801
vn 0.2171 0.8096 0.5454
vn 0.1291 0.9371 0.3243
vn 0.2172 0.8096 0.5453
vn 0.1290 0.9371 0.3243
vn 0.4190 0.8000 0.4294
vn 0.4694 0.6552 0.5919
vn 0.2171 0.8096 0.5453
vn 0.4695 0.6552 0.5919
vn -0.4190 0.8000 0.4294
vn -0.1290 0.9371 0.3243
vn -0.2171 0.8096 0.5453
vn -0.4694 0.6552 0.5919
vn -0.1291 0.9371 0.3243
vn -0.2172 0.8096 0.5453
vn -0.2171 0.8096 0.5454
vn -0.4695 0.6552 0.5919
vn 0.7308 0.0968 0.6757
vn 0.7522 0.1416 0.6435
vn 0.7293 0.1918 0.6567
vn 0.7486 0.1854 0.6366
vn 0.9442 -0.1966 0.2644
vn 0.8841 0.0087 0.4673
vn 0.7294 0.1918 0.6567
vn 0.8841 0.0087 0.4672
vn 0.4695 0.6551 0.5919
vn -0.8841 0.0087 0.4672
vn -0.7294 0.1918 0.6567
vn -0.9442 -0.1966 0.2644
vn -0.7522 0.1416 0.6435
vn -0.7302 0.1913 0.6559
vn -0.7308 0.0968 0.6757
vn -0.7486 0.1854 0.6366
vn -0.4695 0.6551 0.5919
vn 0.9309 -0.1060 0.3496
vn 0.9316 -0.0906 0.3521
vn 0.7283 0.3221 0.6048
vn 0.6924 0.5066 0.5137
vn 0.7284 0.3221 0.6048
vn 0.6854 0.3217 0.6532
vn 0.6069 0.5697 0.5541
vn -0.7284 0.3221 0.6048
vn -0.6854 0.3217 0.6532
vn -0.9316 -0.0906 0.3521
vn -0.7283 0.3221 0.6048
vn -0.9309 -0.1060 0.3496
vn -0.6924 0.5066 0.5137
vn -0.6069 0.5697 0.5541
vn 0.7384 -0.5445 0.3979
vn 0.8043 -0.4588 0.3777
vn 0.8779 -0.4030 0.2587
vn 0.8181 -0.4926 0.2967
vn 0.9010 -0.3899 0.1901
vn 0.9216 -0.3704 0.1156
vn -0.9216 -0.3704 0.1156
vn -0.8779 -0.4030 0.2587
vn -0.9010 -0.3899 0.1901
vn -0.8043 -0.4588 0.3777
vn -0.7384 -0.5445 0.3979
vn -0.8181 -0.4926 0.2967
vn 0.8620 -0.3380 0.3777
vn 0.7264 -0.4332 0.5336
vn 0.6480 -0.4106 0.6415
vn 0.8043 -0.4587 0.3777
vn 0.6973 -0.5218 0.4914
vn 0.6816 -0.5048 0.5297
vn -0.7264 -0.4332 0.5336
vn -0.6973 -0.5218 0.4914
vn -0.8620 -0.3380 0.3777
vn -0.6480 -0.4106 0.6415
vn -0.6816 -0.5048 0.5297
vn 0.6258 -0.4009 0.6690
vn 0.6839 -0.5020 0.5295
vn 0.6839 -0.5020 0.5294
vn -0.6258 -0.4009 0.6690
vn -0.6839 -0.5020 0.5295
vn -0.6258 -0.4009 0.6691
vn -0.6839 -0.5020 0.5294
vn 0.9585 -0.2823 0.0399
vn 0.9812 -0.1367 0.1365
vn -0.9812 -0.1367 0.1365
vn -0.9585 -0.2823 0.0399
vn 0.9389 -0.3439 -0.0097
vn 0.9398 -0.3415 -0.0079
vn 0.9400 -0.3412 -0.0079
vn -0.9398 -0.3415 -0.0079
vn -0.9389 -0.3439 -0.0097
vn -0.9390 -0.3439 -0.0097
vn 0.9656 -0.2307 0.1200
vn 0.9040 -0.4140 0.1071
vn -0.9656 -0.2307 0.1200
vn -0.9040 -0.4140 0.1071
vn 0.6806 -0.5150 0.5212
vn 0.6901 -0.5065 0.5169
vn 0.6800 -0.5009 0.5354
vn 0.6865 -0.5207 0.5076
vn 0.5501 -0.3319 0.7663
vn 0.5834 -0.2961 0.7563
vn 0.6901 -0.5064 0.5170
vn 0.5833 -0.2960 0.7564
vn 0.5960 -0.2339 0.7681
vn -0.5501 -0.3319 0.7663
vn -0.6865 -0.5207 0.5076
vn -0.6901 -0.5065 0.5169
vn -0.5834 -0.2961 0.7563
vn -0.6806 -0.5150 0.5212
vn -0.6800 -0.5009 0.5354
vn -0.5833 -0.2960 0.7564
vn -0.6901 -0.5064 0.5170
vn -0.5960 -0.2339 0.7681
vn 0.6767 -0.5455 0.4945
vn 0.6794 -0.5748 0.4561
vn 0.4612 -0.3765 0.8035
vn 0.5005 -0.3583 0.7881
vn 0.5005 -0.3582 0.7881
vn -0.4612 -0.3765 0.8035
vn -0.6794 -0.5748 0.4561
vn -0.6767 -0.5455 0.4945
vn -0.5005 -0.3583 0.7881
vn -0.7384 -0.5444 0.3979
vn -0.5020 -0.3564 0.7880
vn 0.7377 -0.5434 0.4007
vn 0.8765 -0.1461 0.4586
vn 0.5858 -0.1049 0.8036
vn 0.4766 -0.3446 0.8088
vn 0.4788 -0.3406 0.8091
vn 0.4611 -0.3765 0.8035
vn -0.5858 -0.1049 0.8036
vn -0.8765 -0.1461 0.4586
vn -0.7377 -0.5434 0.4007
vn -0.4788 -0.3406 0.8091
vn 0.6925 0.5066 0.5137
vn 0.6259 0.5694 0.5329
vn 0.6925 0.5066 0.5136
vn 0.6010 0.5612 0.5690
vn 0.3958 0.3226 0.8598
vn 0.3961 0.2636 0.8796
vn 0.3960 0.2636 0.8796
vn -0.3958 0.3226 0.8598
vn -0.6010 0.5612 0.5690
vn -0.6259 0.5694 0.5329
vn -0.3961 0.2636 0.8796
vn -0.6925 0.5066 0.5136
vn -0.3960 0.2636 0.8796
vn 0.7334 0.2828 0.6182
vn 0.7793 0.0121 0.6265
vn 0.4419 0.1353 0.8868
vn 0.4599 0.2164 0.8612
vn 0.3959 0.3226 0.8598
vn -0.4420 0.1353 0.8868
vn -0.7793 0.0121 0.6265
vn -0.7334 0.2828 0.6182
vn -0.4599 0.2164 0.8612
vn -0.3959 0.3226 0.8598
vn 0.7953 0.0496 0.6042
vn 0.3391 0.8542 0.3942
vn 0.3392 0.8542 0.3942
vn 0.0219 0.8108 0.5848
vn 0.2740 0.3629 0.8906
vn 0.4420 0.1353 0.8868
vn -0.0219 0.8109 0.5848
vn -0.3392 0.8542 0.3942
vn -0.7953 0.0496 0.6042
vn -0.2740 0.3629 0.8906
vn -0.3391 0.8542 0.3942
vn 0.4190 0.8000 0.4293
vn 0.0365 0.9493 0.3123
vn 0.1071 0.9082 0.4047
vn 0.1071 0.9082 0.4046
vn 0.2250 0.6554 0.7210
vn -0.0406 0.8013 0.5969
vn 0.0219 0.8108 0.5849
vn -0.2250 0.6554 0.7210
vn -0.1071 0.9082 0.4046
vn -0.0365 0.9493 0.3123
vn 0.0406 0.8013 0.5969
vn -0.1071 0.9082 0.4047
vn -0.0219 0.8108 0.5849
vn 0.6299 -0.5315 0.5664
vn 0.5170 -0.6108 0.5997
vn 0.6299 -0.5315 0.5663
vn 0.5808 -0.1652 0.7971
vn 0.5170 -0.6109 0.5997
vn 0.5356 -0.1729 0.8266
vn -0.6299 -0.5315 0.5664
vn -0.5808 -0.1652 0.7971
vn -0.6299 -0.5315 0.5663
vn -0.5170 -0.6108 0.5997
vn -0.5170 -0.6109 0.5997
vn -0.5356 -0.1729 0.8266
vn 0.3284 -0.6894 0.6456
vn -0.0238 -0.6881 0.7252
vn 0.3284 -0.6894 0.6457
vn 0.4312 -0.1861 0.8829
vn 0.4312 -0.1860 0.8829
vn 0.3355 -0.0192 0.9418
vn -0.3284 -0.6894 0.6457
vn -0.4312 -0.1861 0.8829
vn -0.3284 -0.6894 0.6456
vn 0.0238 -0.6881 0.7252
vn -0.4312 -0.1860 0.8829
vn -0.3355 -0.0192 0.9418
vn -0.5241 -0.4614 0.7159
vn -0.8175 -0.0658 0.5722
vn -0.5241 -0.4614 0.7158
vn 0.3400 0.0653 0.9382
vn -0.5240 -0.4614 0.7159
vn 0.3392 0.0660 0.9384
vn 0.3632 0.0087 0.9317
vn 0.5241 -0.4614 0.7158
vn -0.3392 0.0660 0.9384
vn 0.5241 -0.4614 0.7159
vn 0.8175 -0.0658 0.5722
vn 0.5240 -0.4614 0.7159
vn 0.8174 -0.0658 0.5722
vn -0.3632 0.0088 0.9317
vn -0.7887 0.3163 0.5272
vn -0.5234 0.6197 0.5848
vn -0.7887 0.3164 0.5272
vn 0.3633 0.0087 0.9316
vn 0.3578 -0.0509 0.9324
vn 0.3472 -0.0180 0.9376
vn -0.3633 0.0087 0.9316
vn 0.7887 0.3163 0.5272
vn -0.3578 -0.0509 0.9324
vn 0.5234 0.6197 0.5849
vn 0.7887 0.3164 0.5272
vn 0.5234 0.6197 0.5848
vn -0.3472 -0.0180 0.9376
vn -0.1996 0.7848 0.5868
vn 0.0560 0.8412 0.5379
vn -0.5234 0.6197 0.5849
vn -0.1995 0.7847 0.5868
vn 0.3755 0.1050 0.9209
vn 0.0561 0.8411 0.5379
vn 0.3755 0.1049 0.9209
vn 0.4393 0.2719 0.8562
vn 0.1995 0.7847 0.5868
vn -0.3755 0.1050 0.9209
vn 0.1996 0.7848 0.5868
vn -0.0560 0.8412 0.5379
vn -0.3755 0.1049 0.9209
vn -0.0561 0.8412 0.5379
vn -0.4393 0.2719 0.8562
vn 0.1726 0.8600 0.4802
vn 0.0561 0.8412 0.5379
vn 0.4324 0.4427 0.7855
vn -0.0561 0.8411 0.5379
vn -0.1726 0.8600 0.4802
vn -0.4324 0.4427 0.7855
vn 0.2139 0.1220 0.9692
vn 0.2109 0.0825 0.9740
vn 0.1374 0.2344 0.9624
vn 0.2491 0.1902 0.9496
vn 0.2301 0.0852 0.9694
vn 0.2140 0.1220 0.9692
vn 0.2178 0.0078 0.9760
vn -0.2491 0.1902 0.9496
vn -0.1374 0.2344 0.9624
vn -0.2139 0.1220 0.9692
vn -0.2301 0.0852 0.9694
vn -0.4419 0.1353 0.8868
vn -0.2109 0.0825 0.9740
vn -0.2140 0.1220 0.9692
vn -0.2109 0.0826 0.9740
vn -0.2178 0.0078 0.9760
vn 0.3285 0.0454 0.9434
vn 0.2919 -0.0119 0.9564
vn 0.2491 0.1901 0.9496
vn 0.4167 0.0769 0.9058
vn 0.4568 -0.0252 0.8892
vn 0.3794 -0.0053 0.9252
vn 0.3472 -0.0221 0.9375
vn -0.4568 -0.0252 0.8892
vn -0.4167 0.0769 0.9058
vn -0.3285 0.0454 0.9434
vn -0.3794 -0.0053 0.9252
vn -0.4167 0.0770 0.9058
vn -0.2491 0.1901 0.9496
vn -0.3291 0.0457 0.9432
vn -0.2919 -0.0119 0.9564
vn -0.3472 -0.0221 0.9375
vn 0.3728 -0.0447 0.9268
vn 0.3616 -0.0159 0.9322
vn 0.4307 -0.1034 0.8966
vn 0.4118 -0.1495 0.8989
vn 0.3445 -0.0558 0.9371
vn 0.3433 0.0314 0.9387
vn -0.4118 -0.1495 0.8989
vn -0.4307 -0.1034 0.8966
vn -0.3728 -0.0447 0.9268
vn -0.3445 -0.0558 0.9371
vn -0.3616 -0.0159 0.9322
vn -0.3433 0.0314 0.9387
vn 0.3579 0.0175 0.9336
vn 0.3458 0.1481 0.9266
vn 0.4353 -0.1252 0.8915
vn 0.4353 -0.1252 0.8916
vn 0.4870 -0.0039 0.8734
vn 0.4420 0.1500 0.8844
vn 0.3966 0.2608 0.8802
vn -0.4870 -0.0039 0.8734
vn -0.4353 -0.1252 0.8916
vn -0.3579 0.0175 0.9336
vn -0.4420 0.1500 0.8844
vn -0.4353 -0.1252 0.8915
vn -0.3458 0.1481 0.9266
vn -0.3966 0.2608 0.8802
vn 0.4245 0.1310 0.8959
vn 0.4171 0.2446 0.8753
vn 0.5961 -0.2339 0.7681
vn 0.4385 -0.0062 0.8987
vn 0.3458 0.1480 0.9266
vn -0.4385 -0.0062 0.8987
vn -0.4245 0.1310 0.8959
vn -0.3458 0.1480 0.9266
vn -0.5961 -0.2339 0.7681
vn -0.4171 0.2446 0.8753
vn 0.3959 -0.1180 0.9107
vn 0.4340 -0.0867 0.8967
vn 0.5834 -0.2960 0.7563
vn 0.4340 -0.0867 0.8968
vn -0.4340 -0.0867 0.8967
vn -0.3959 -0.1180 0.9107
vn -0.5845 -0.2946 0.7560
vn -0.4340 -0.0867 0.8968
vn -0.5834 -0.2960 0.7563
vn 0.3276 -0.1261 0.9364
vn 0.2554 -0.1151 0.9600
vn 0.2554 -0.1150 0.9600
vn 0.3276 -0.1262 0.9364
vn -0.2554 -0.1150 0.9600
vn -0.3276 -0.1261 0.9364
vn -0.2554 -0.1151 0.9600
vn -0.5005 -0.3582 0.7881
vn -0.3273 -0.1265 0.9364
vn -0.3276 -0.1262 0.9364
vn 0.2398 -0.0346 0.9702
vn 0.3960 0.2637 0.8796
vn 0.4788 -0.3406 0.8092
vn 0.3961 0.2637 0.8796
vn -0.2398 -0.0346 0.9702
vn -0.4788 -0.3406 0.8092
vn -0.2178 0.0079 0.9760
vn -0.3960 0.2637 0.8796
vn -0.2397 -0.0346 0.9702
vn -0.3961 0.2637 0.8796
vn 0.0048 0.5025 0.8646
vn 0.2719 0.3538 0.8949
vn 0.0048 0.5025 0.8645
vn 0.2720 0.3538 0.8949
vn 0.1375 0.2344 0.9624
vn -0.2720 0.3538 0.8949
vn -0.0048 0.5025 0.8645
vn -0.1375 0.2344 0.9624
vn -0.2719 0.3538 0.8949
vn -0.0048 0.5025 0.8646
vn 0.4392 0.2719 0.8562
vn 0.4954 0.0182 0.8685
vn 0.4798 0.1543 0.8637
vn 0.4569 -0.0252 0.8892
vn 0.4167 0.0770 0.9058
vn -0.4798 0.1543 0.8637
vn -0.4569 -0.0252 0.8892
vn -0.4954 0.0182 0.8685
vn -0.4392 0.2719 0.8562
vn 0.4385 -0.1465 0.8867
vn 0.4510 -0.0878 0.8882
vn 0.4510 -0.0877 0.8882
vn 0.3743 0.1035 0.9215
vn -0.4510 -0.0877 0.8882
vn -0.4385 -0.1465 0.8867
vn -0.4510 -0.0878 0.8882
vn 0.5058 0.0093 0.8626
vn 0.4711 -0.1276 0.8728
vn -0.4711 -0.1276 0.8728
vn -0.4385 -0.1466 0.8867
vn -0.5058 0.0093 0.8626
vn 0.4263 0.2747 0.8619
vn 0.4773 0.1804 0.8600
vn 0.4263 0.2746 0.8619
vn 0.4773 0.1803 0.8600
vn -0.4773 0.1803 0.8600
vn -0.4263 0.2746 0.8619
vn -0.4773 0.1804 0.8600
vn -0.4263 0.2747 0.8619
vn -0.3632 0.0087 0.9317
vn 0.5357 -0.1729 0.8265
vn 0.4172 0.2446 0.8753
vn 0.4106 0.2792 0.8680
vn 0.4106 0.2793 0.8680
vn -0.4106 0.2792 0.8680
vn -0.4172 0.2446 0.8753
vn -0.4106 0.2793 0.8680
vn -0.5357 -0.1729 0.8265
vn -0.1324 -0.8205 -0.5560
vn 0.0203 -0.8055 -0.5923
vn -0.1445 -0.8387 -0.5251
vn -0.1856 -0.4110 -0.8926
vn -0.3437 -0.3245 -0.8812
vn -0.3437 -0.3246 -0.8812
vn -0.2809 -0.2970 -0.9126
vn 0.1856 -0.4109 -0.8926
vn 0.1445 -0.8387 -0.5251
vn 0.1324 -0.8205 -0.5560
vn 0.3437 -0.3245 -0.8812
vn -0.0203 -0.8055 -0.5923
vn 0.3437 -0.3246 -0.8812
vn 0.2809 -0.2970 -0.9126
vn 0.7345 -0.4811 0.4785
vn 0.3009 -0.7726 -0.5591
vn 0.6955 -0.6474 -0.3118
vn 0.3009 -0.7726 -0.5590
vn 0.0204 -0.8055 -0.5923
vn -0.1054 -0.2913 -0.9508
vn 0.6955 -0.6474 -0.3117
vn 0.3008 -0.7726 -0.5591
vn 0.1609 -0.3026 -0.9394
vn -0.0204 -0.8055 -0.5923
vn -0.3009 -0.7726 -0.5591
vn 0.1054 -0.2913 -0.9508
vn -0.3009 -0.7726 -0.5590
vn -0.7345 -0.4811 0.4786
vn -0.6955 -0.6474 -0.3118
vn -0.3008 -0.7726 -0.5591
vn -0.6955 -0.6474 -0.3117
vn -0.1609 -0.3027 -0.9394
vn 0.9482 -0.3057 0.0865
vn 0.9759 0.1164 0.1846
vn 0.7610 -0.2047 0.6156
vn 0.6954 -0.6474 -0.3118
vn 0.1609 -0.3027 -0.9394
vn 0.6603 -0.2180 -0.7187
vn 0.9759 0.1165 0.1846
vn 0.9369 0.1144 -0.3303
vn -0.9482 -0.3057 0.0865
vn -0.6603 -0.2180 -0.7187
vn -0.7610 -0.2047 0.6156
vn -0.9759 0.1164 0.1846
vn -0.9759 0.1165 0.1846
vn -0.9369 0.1144 -0.3304
vn 0.4595 0.8478 0.2646
vn 0.7398 0.4411 0.5080
vn 0.7912 0.5823 -0.1870
vn 0.1678 0.7728 -0.6120
vn 0.7911 0.5824 -0.1870
vn 0.7911 0.5823 -0.1870
vn 0.4514 0.3274 -0.8301
vn -0.0763 0.2787 -0.9573
vn -0.9369 0.1144 -0.3303
vn -0.9759 0.1164 0.1847
vn -0.7911 0.5823 -0.1870
vn -0.4514 0.3274 -0.8301
vn -0.7398 0.4411 0.5080
vn -0.7911 0.5824 -0.1870
vn -0.7912 0.5823 -0.1870
vn -0.4595 0.8478 0.2646
vn -0.1678 0.7728 -0.6120
vn 0.0763 0.2787 -0.9573
vn -0.2613 0.7002 -0.6644
vn -0.4380 0.6601 -0.6103
vn 0.4595 0.8478 0.2647
vn 0.1677 0.7728 -0.6120
vn -0.2612 0.7002 -0.6645
vn -0.2613 0.7002 -0.6645
vn -0.0762 0.2787 -0.9574
vn -0.2956 0.2326 -0.9265
vn -0.2957 0.2326 -0.9265
vn -0.4207 0.2242 -0.8791
vn 0.0762 0.2787 -0.9574
vn 0.2613 0.7002 -0.6645
vn 0.2956 0.2326 -0.9265
vn -0.1677 0.7728 -0.6120
vn -0.4595 0.8478 0.2647
vn 0.2612 0.7002 -0.6645
vn 0.2613 0.7002 -0.6644
vn 0.4380 0.6601 -0.6103
vn 0.2957 0.2326 -0.9265
vn 0.4207 0.2242 -0.8791
vn -0.4936 0.8599 0.1303
vn -0.5224 0.6618 -0.5377
vn -0.5411 0.7074 -0.4547
vn -0.4380 0.6600 -0.6103
vn -0.5224 0.6619 -0.5377
vn -0.4206 0.2242 -0.8791
vn -0.4619 0.2351 -0.8552
vn -0.3225 0.2637 -0.9091
vn 0.4206 0.2242 -0.8791
vn 0.5224 0.6618 -0.5377
vn 0.4619 0.2351 -0.8552
vn 0.4380 0.6600 -0.6103
vn 0.5224 0.6619 -0.5377
vn 0.5411 0.7074 -0.4547
vn 0.3225 0.2637 -0.9091
vn -0.3655 -0.0255 -0.9305
vn -0.3990 -0.0325 -0.9164
vn -0.3438 -0.3245 -0.8812
vn -0.3989 -0.0324 -0.9164
vn -0.3990 -0.0324 -0.9164
vn -0.1918 -0.0788 -0.9783
vn -0.1919 -0.0788 -0.9783
vn -0.3224 0.2637 -0.9091
vn 0.1856 -0.4110 -0.8926
vn 0.3990 -0.0324 -0.9164
vn 0.1918 -0.0788 -0.9783
vn 0.3438 -0.3246 -0.8812
vn 0.3655 -0.0255 -0.9305
vn 0.3990 -0.0325 -0.9164
vn 0.1919 -0.0788 -0.9783
vn 0.3989 -0.0324 -0.9164
vn 0.3224 0.2637 -0.9091
vn -0.2396 -0.0245 -0.9706
vn -0.0777 -0.0188 -0.9968
vn -0.3655 -0.0255 -0.9304
vn 0.0777 -0.0188 -0.9968
vn 0.2396 -0.0245 -0.9706
vn 0.3655 -0.0255 -0.9304
vn -0.0763 0.2787 -0.9574
vn 0.2149 0.0094 -0.9766
vn 0.9369 0.1145 -0.3304
vn -0.2149 0.0094 -0.9766
vn -0.9369 0.1145 -0.3304
vn 0.0763 0.2787 -0.9574
vn 0.7052 0.0528 -0.7071
vn -0.1667 0.8575 -0.4867
vn 0.2312 0.2248 -0.9466
vn -0.2538 0.9503 0.1801
vn -0.1667 0.8575 -0.4866
vn -0.4935 0.8599 0.1303
vn -0.1668 0.8575 -0.4867
vn 0.4935 0.8599 0.1303
vn 0.1667 0.8575 -0.4867
vn 0.1667 0.8575 -0.4866
vn -0.7052 0.0528 -0.7071
vn -0.2311 0.2249 -0.9466
vn 0.1668 0.8575 -0.4867
vn -0.2312 0.2248 -0.9466
vn 0.2798 -0.1899 -0.9411
vn 0.2311 0.2248 -0.9466
vn -0.1919 -0.0788 -0.9782
vn 0.1348 -0.5310 -0.8366
vn 0.1919 -0.0788 -0.9782
vn -0.2798 -0.1899 -0.9411
vn -0.1348 -0.5310 -0.8366
vn -0.2311 0.2248 -0.9466
vn -0.0533 -0.8676 -0.4945
vn -0.0533 -0.8675 -0.4945
vn -0.1856 -0.4109 -0.8926
vn 0.0533 -0.8675 -0.4945
vn 0.0533 -0.8676 -0.4945
vt 0.900474 0.615425
vt 0.897966 0.602666
vt 0.910705 0.597069
vt 0.914363 0.615227
vt 0.890748 0.592001
vt 0.900384 0.581748
vt 0.913237 0.568511
vt 0.927589 0.589872
vt 0.932712 0.615084
vt 0.820008 0.820006
vt 0.832675 0.833044
vt 0.822505 0.848138
vt 0.805867 0.841051
vt 0.841995 0.842970
vt 0.834830 0.853556
vt 0.832341 0.866222
vt 0.818901 0.866031
vt 0.800820 0.865893
vt 0.946829 0.582164
vt 0.954019 0.615098
vt 0.928420 0.553953
vt 0.951453 0.532635
vt 0.968564 0.573701
vt 0.985674 0.614766
vt 0.781112 0.783437
vt 0.804611 0.805233
vt 0.786348 0.833227
vt 0.764002 0.824503
vt 0.779210 0.865905
vt 0.746891 0.865568
vt 0.891575 0.554295
vt 0.899554 0.535776
vt 0.866105 0.549191
vt 0.865971 0.528612
vt 0.865901 0.498414
vt 0.908677 0.515525
vt 0.866664 0.749216
vt 0.866589 0.780088
vt 0.833260 0.787200
vt 0.823888 0.766327
vt 0.866453 0.800973
vt 0.841354 0.806000
vt 0.879593 0.584950
vt 0.884712 0.571581
vt 0.866524 0.582429
vt 0.866331 0.567941
vt 0.866234 0.819443
vt 0.848119 0.823029
vt 0.866048 0.833470
vt 0.853071 0.835971
vt 0.853765 0.584950
vt 0.848148 0.571581
vt 0.843100 0.592001
vt 0.832803 0.581748
vt 0.819152 0.568511
vt 0.840702 0.554295
vt 0.912720 0.820006
vt 0.899268 0.833044
vt 0.884150 0.823029
vt 0.891485 0.806000
vt 0.889300 0.842970
vt 0.878713 0.835971
vt 0.832396 0.535776
vt 0.803543 0.553954
vt 0.780348 0.532635
vt 0.823125 0.515525
vt 0.952217 0.783437
vt 0.928544 0.805233
vt 0.899909 0.787200
vt 0.909441 0.766327
vt 0.804852 0.589872
vt 0.785141 0.582164
vt 0.799737 0.615084
vt 0.777952 0.615098
vt 0.746127 0.614766
vt 0.763238 0.573701
vt 0.986437 0.865568
vt 0.953938 0.865906
vt 0.946801 0.833227
vt 0.969327 0.824503
vt 0.931848 0.865893
vt 0.926809 0.841051
vt 0.836048 0.602666
vt 0.822626 0.597069
vt 0.833528 0.615425
vt 0.818984 0.615227
vt 0.912880 0.866031
vt 0.909293 0.848138
vt 0.898800 0.866222
vt 0.896298 0.853556
vt 0.836048 0.628499
vt 0.822626 0.633598
vt 0.843100 0.639691
vt 0.832803 0.649273
vt 0.819152 0.662121
vt 0.804852 0.640471
vt 0.912720 0.912244
vt 0.899268 0.899584
vt 0.909293 0.884135
vt 0.926809 0.890909
vt 0.889300 0.890317
vt 0.896298 0.879204
vt 0.785141 0.648457
vt 0.803543 0.677298
vt 0.780348 0.700318
vt 0.763238 0.657542
vt 0.952217 0.951120
vt 0.928544 0.927634
vt 0.946801 0.899010
vt 0.969327 0.908344
vt 0.840702 0.676473
vt 0.832396 0.695706
vt 0.866105 0.681596
vt 0.865971 0.702896
vt 0.865901 0.734539
vt 0.823125 0.717429
vt 0.866664 0.985341
vt 0.866589 0.953035
vt 0.899909 0.945897
vt 0.909441 0.968231
vt 0.866453 0.931432
vt 0.891485 0.926385
vt 0.853765 0.646988
vt 0.848148 0.659605
vt 0.866524 0.649544
vt 0.866331 0.663269
vt 0.866234 0.913373
vt 0.884150 0.909763
vt 0.866048 0.900098
vt 0.878713 0.897561
vt 0.879593 0.646988
vt 0.884712 0.659605
vt 0.890748 0.639691
vt 0.900384 0.649273
vt 0.913237 0.662121
vt 0.891575 0.676473
vt 0.820008 0.912244
vt 0.832675 0.899584
vt 0.848119 0.909763
vt 0.841354 0.926385
vt 0.841995 0.890317
vt 0.853071 0.897561
vt 0.899554 0.695706
vt 0.928420 0.677298
vt 0.951453 0.700318
vt 0.908677 0.717429
vt 0.781112 0.951120
vt 0.804611 0.927634
vt 0.833260 0.945897
vt 0.823888 0.968231
vt 0.927589 0.640471
vt 0.946829 0.648457
vt 0.968564 0.657542
vt 0.786348 0.899010
vt 0.764002 0.908344
vt 0.805867 0.890909
vt 0.897965 0.628499
vt 0.910705 0.633598
vt 0.822505 0.884135
vt 0.834830 0.879204
vt 0.890705 0.625620
vt 0.892529 0.615513
vt 0.885227 0.634300
vt 0.881202 0.630386
vt 0.885673 0.623577
vt 0.886872 0.615503
vt 0.851367 0.881185
vt 0.847366 0.885076
vt 0.841895 0.876405
vt 0.846895 0.874376
vt 0.840073 0.866309
vt 0.845697 0.866302
vt 0.876655 0.640009
vt 0.866563 0.641970
vt 0.866503 0.636579
vt 0.874554 0.635195
vt 0.866066 0.887378
vt 0.866008 0.892736
vt 0.855928 0.890778
vt 0.858015 0.885994
vt 0.856787 0.640009
vt 0.848658 0.634300
vt 0.852321 0.630386
vt 0.858695 0.635195
vt 0.880247 0.881185
vt 0.883892 0.885076
vt 0.875772 0.890778
vt 0.873873 0.885994
vt 0.843209 0.625620
vt 0.841283 0.615513
vt 0.846372 0.615503
vt 0.847740 0.623577
vt 0.886196 0.866302
vt 0.891257 0.866309
vt 0.889334 0.876405
vt 0.884828 0.874376
vt 0.843209 0.605737
vt 0.848658 0.597608
vt 0.852321 0.601322
vt 0.847740 0.607696
vt 0.880247 0.852121
vt 0.883892 0.848426
vt 0.889334 0.856545
vt 0.884828 0.858495
vt 0.856787 0.592159
vt 0.866563 0.590233
vt 0.866503 0.595372
vt 0.858695 0.596740
vt 0.866066 0.846171
vt 0.866008 0.841060
vt 0.875772 0.842984
vt 0.873873 0.847539
vt 0.876655 0.592159
vt 0.885227 0.597608
vt 0.881202 0.601322
vt 0.874554 0.596740
vt 0.851367 0.852121
vt 0.847366 0.848426
vt 0.855928 0.842984
vt 0.858015 0.847539
vt 0.890705 0.605737
vt 0.885673 0.607696
vt 0.841895 0.856545
vt 0.846896 0.858495
vt 0.866389 0.615484
vt 0.875739 0.606390
vt 0.880361 0.609766
vt 0.879356 0.615464
vt 0.852206 0.860567
vt 0.853211 0.866264
vt 0.856828 0.857190
vt 0.866178 0.866284
vt 0.872293 0.601729
vt 0.866434 0.602568
vt 0.860273 0.852529
vt 0.866133 0.853368
vt 0.857363 0.606390
vt 0.860744 0.601729
vt 0.871823 0.852529
vt 0.875204 0.857190
vt 0.853540 0.615464
vt 0.852706 0.609766
vt 0.879860 0.860567
vt 0.879026 0.866264
vt 0.857363 0.624930
vt 0.852706 0.621344
vt 0.879860 0.872144
vt 0.875204 0.875730
vt 0.866434 0.628917
vt 0.860744 0.629846
vt 0.871823 0.880646
vt 0.866133 0.879717
vt 0.875739 0.624930
vt 0.872293 0.629846
vt 0.860274 0.880646
vt 0.856828 0.875730
vt 0.880361 0.621344
vt 0.852206 0.872144
vt 0.517753 0.059593
vt 0.515537 0.064098
vt 0.508032 0.061971
vt 0.509194 0.056520
vt 0.512922 0.068127
vt 0.506642 0.066449
vt 0.499238 0.065653
vt 0.499233 0.060939
vt 0.499226 0.055035
vt 0.491836 0.066468
vt 0.490436 0.061995
vt 0.485560 0.068161
vt 0.482936 0.064141
vt 0.480710 0.059644
vt 0.489262 0.056548
vt 0.528198 0.065000
vt 0.524221 0.068307
vt 0.520794 0.066158
vt 0.523890 0.062507
vt 0.520067 0.072240
vt 0.517259 0.069903
vt 0.481228 0.069947
vt 0.477685 0.066214
vt 0.478427 0.072290
vt 0.474264 0.068371
vt 0.470278 0.065076
vt 0.474580 0.062574
vt 0.535803 0.071113
vt 0.529056 0.075038
vt 0.526633 0.071060
vt 0.531736 0.067423
vt 0.523772 0.080192
vt 0.522041 0.075725
vt 0.476463 0.075778
vt 0.471859 0.071128
vt 0.474745 0.080247
vt 0.469448 0.075109
vt 0.462693 0.071208
vt 0.466748 0.067508
vt 0.548782 0.087456
vt 0.537220 0.090663
vt 0.532441 0.081064
vt 0.541488 0.077503
vt 0.528624 0.094866
vt 0.525807 0.085813
vt 0.472727 0.085870
vt 0.466082 0.081142
vt 0.469938 0.094928
vt 0.461335 0.090752
vt 0.449772 0.087584
vt 0.457030 0.077612
vt 0.565156 0.115621
vt 0.549601 0.120091
vt 0.543373 0.104625
vt 0.557161 0.101026
vt 0.536431 0.125148
vt 0.532432 0.108990
vt 0.466175 0.109059
vt 0.455228 0.104728
vt 0.462226 0.125226
vt 0.449050 0.120208
vt 0.433494 0.115790
vt 0.441440 0.101176
vt 0.586822 0.179721
vt 0.602112 0.194638
vt 0.587190 0.208819
vt 0.568580 0.194279
vt 0.620838 0.210628
vt 0.609094 0.222866
vt 0.598544 0.236349
vt 0.574210 0.226430
vt 0.543407 0.215793
vt 0.400454 0.236568
vt 0.389887 0.223118
vt 0.411733 0.209021
vt 0.424740 0.226592
vt 0.378129 0.210918
vt 0.396792 0.194887
vt 0.412026 0.179933
vt 0.430287 0.194436
vt 0.455491 0.215880
vt 0.637237 0.225995
vt 0.627322 0.236596
vt 0.652417 0.240738
vt 0.642694 0.249995
vt 0.632589 0.258193
vt 0.617611 0.246986
vt 0.366506 0.258470
vt 0.356401 0.250301
vt 0.371717 0.236882
vt 0.381436 0.247242
vt 0.346673 0.241076
vt 0.361792 0.226314
vt 0.667860 0.255600
vt 0.656691 0.263386
vt 0.679660 0.272616
vt 0.666856 0.278246
vt 0.653250 0.282550
vt 0.644752 0.269873
vt 0.345932 0.282830
vt 0.332343 0.278557
vt 0.342459 0.263703
vt 0.354389 0.270158
vt 0.319553 0.272960
vt 0.331294 0.255950
vt 0.683957 0.292766
vt 0.670693 0.295245
vt 0.682436 0.311536
vt 0.669477 0.310684
vt 0.656817 0.308376
vt 0.657087 0.296247
vt 0.342417 0.308613
vt 0.329787 0.310936
vt 0.328546 0.295530
vt 0.342127 0.296509
vt 0.316856 0.311805
vt 0.315305 0.293078
vt 0.677418 0.325018
vt 0.664811 0.321515
vt 0.668204 0.337236
vt 0.655839 0.331652
vt 0.644782 0.325474
vt 0.653014 0.317006
vt 0.354452 0.325664
vt 0.343425 0.331844
vt 0.334459 0.321738
vt 0.346225 0.317221
vt 0.331090 0.337433
vt 0.321884 0.325251
vt 0.654084 0.352544
vt 0.641973 0.345148
vt 0.637300 0.368700
vt 0.626181 0.359643
vt 0.617462 0.349446
vt 0.631793 0.337046
vt 0.381749 0.349566
vt 0.373055 0.359757
vt 0.357277 0.345301
vt 0.367430 0.337201
vt 0.361963 0.368810
vt 0.345196 0.352697
vt 0.620526 0.382289
vt 0.611673 0.371691
vt 0.605205 0.391804
vt 0.599102 0.379913
vt 0.595062 0.366325
vt 0.605251 0.359543
vt 0.404132 0.366402
vt 0.400109 0.379977
vt 0.387549 0.371775
vt 0.393951 0.359637
vt 0.394023 0.391858
vt 0.378719 0.382365
vt 0.591549 0.396508
vt 0.587818 0.383623
vt 0.576076 0.396834
vt 0.574536 0.382852
vt 0.574161 0.368345
vt 0.585578 0.369350
vt 0.425014 0.368404
vt 0.424651 0.382897
vt 0.411382 0.383676
vt 0.413608 0.369417
vt 0.423122 0.396867
vt 0.407664 0.396549
vt 0.555960 0.393799
vt 0.556633 0.378236
vt 0.534687 0.389589
vt 0.536775 0.372135
vt 0.541293 0.356701
vt 0.558797 0.363500
vt 0.457851 0.356742
vt 0.462379 0.372163
vt 0.442537 0.378273
vt 0.440363 0.363551
vt 0.464478 0.389607
vt 0.443221 0.393825
vt 0.516153 0.386384
vt 0.517966 0.366966
vt 0.499576 0.385166
vt 0.499570 0.364390
vt 0.499558 0.338631
vt 0.523389 0.349491
vt 0.481178 0.366981
vt 0.475742 0.349517
vt 0.483002 0.386393
vt 0.557532 0.332811
vt 0.567578 0.336774
vt 0.562845 0.349242
vt 0.548995 0.343557
vt 0.577008 0.338258
vt 0.575194 0.352567
vt 0.423966 0.352643
vt 0.436303 0.349310
vt 0.422138 0.338351
vt 0.431559 0.336858
vt 0.441595 0.332887
vt 0.450140 0.343615
vt 0.584751 0.337915
vt 0.584733 0.352952
vt 0.591544 0.335898
vt 0.592787 0.350474
vt 0.406388 0.350567
vt 0.414436 0.353036
vt 0.407614 0.336007
vt 0.414402 0.338015
vt 0.606897 0.326935
vt 0.611362 0.337746
vt 0.601216 0.345353
vt 0.598558 0.332233
vt 0.397966 0.345461
vt 0.387826 0.337876
vt 0.392272 0.327073
vt 0.400606 0.332354
vt 0.626085 0.313397
vt 0.634782 0.319004
vt 0.623581 0.328214
vt 0.616925 0.320253
vt 0.375617 0.328373
vt 0.364426 0.319192
vt 0.373099 0.313582
vt 0.382253 0.320414
vt 0.634070 0.300923
vt 0.644825 0.304556
vt 0.641824 0.311827
vt 0.631770 0.307312
vt 0.357387 0.312036
vt 0.354380 0.304782
vt 0.365109 0.301141
vt 0.367416 0.307515
vt 0.629699 0.284178
vt 0.640543 0.283930
vt 0.644479 0.294924
vt 0.633516 0.293059
vt 0.354709 0.295169
vt 0.358618 0.284187
vt 0.369444 0.284417
vt 0.365649 0.293290
vt 0.612880 0.267019
vt 0.622088 0.263215
vt 0.632801 0.273150
vt 0.622371 0.275169
vt 0.366326 0.273409
vt 0.377001 0.263466
vt 0.386202 0.267249
vt 0.376742 0.275408
vt 0.589803 0.257569
vt 0.592506 0.247945
vt 0.609048 0.254580
vt 0.602397 0.260767
vt 0.390004 0.254812
vt 0.406510 0.248144
vt 0.409229 0.257759
vt 0.396657 0.260982
vt 0.560164 0.262006
vt 0.551318 0.244853
vt 0.571873 0.244104
vt 0.574487 0.258227
vt 0.427112 0.244255
vt 0.447652 0.244955
vt 0.438848 0.262125
vt 0.424530 0.258381
vt 0.550505 0.267917
vt 0.536470 0.253266
vt 0.544685 0.275505
vt 0.526706 0.265562
vt 0.499484 0.250794
vt 0.522113 0.234654
vt 0.472299 0.265612
vt 0.462511 0.253335
vt 0.476821 0.234695
vt 0.454346 0.275588
vt 0.448512 0.268014
vt 0.535526 0.335935
vt 0.548412 0.325865
vt 0.524926 0.325288
vt 0.541862 0.316519
vt 0.463594 0.335982
vt 0.474178 0.325326
vt 0.450701 0.325934
vt 0.457235 0.316584
vt 0.521188 0.310589
vt 0.539051 0.305705
vt 0.499543 0.313876
vt 0.499529 0.295381
vt 0.521145 0.295067
vt 0.539143 0.294653
vt 0.477895 0.310625
vt 0.477915 0.295104
vt 0.460030 0.305771
vt 0.459921 0.294722
vt 0.522568 0.280082
vt 0.499512 0.277167
vt 0.541051 0.284475
vt 0.457996 0.284549
vt 0.476465 0.280124
vt 0.506330 0.074924
vt 0.502943 0.073559
vt 0.504727 0.070450
vt 0.509481 0.071914
vt 0.499246 0.073057
vt 0.499242 0.069825
vt 0.493759 0.070463
vt 0.495550 0.073568
vt 0.492167 0.074940
vt 0.489010 0.071939
vt 0.511073 0.080333
vt 0.509112 0.077050
vt 0.512946 0.073815
vt 0.515264 0.076670
vt 0.485550 0.073847
vt 0.489391 0.077071
vt 0.487439 0.080357
vt 0.483240 0.076706
vt 0.510894 0.090535
vt 0.511949 0.085024
vt 0.516737 0.080930
vt 0.517737 0.085757
vt 0.481779 0.080967
vt 0.486576 0.085048
vt 0.487646 0.090555
vt 0.480793 0.085794
vt 0.524919 0.129082
vt 0.522563 0.112594
vt 0.515032 0.131485
vt 0.513734 0.115106
vt 0.512817 0.101647
vt 0.520525 0.098736
vt 0.485758 0.101670
vt 0.484882 0.115132
vt 0.476049 0.112638
vt 0.478045 0.098777
vt 0.483633 0.131512
vt 0.473743 0.129130
vt 0.518957 0.090616
vt 0.511959 0.094320
vt 0.479588 0.090654
vt 0.486593 0.094342
vt 0.519291 0.161814
vt 0.508580 0.158252
vt 0.507761 0.146954
vt 0.516939 0.146993
vt 0.499366 0.157007
vt 0.499352 0.146501
vt 0.499333 0.132561
vt 0.506741 0.132424
vt 0.490945 0.146966
vt 0.491925 0.132436
vt 0.490156 0.158265
vt 0.479457 0.161843
vt 0.481770 0.147022
vt 0.506161 0.116524
vt 0.505834 0.103267
vt 0.499310 0.116966
vt 0.499290 0.103749
vt 0.492458 0.116535
vt 0.492744 0.103277
vt 0.499272 0.092919
vt 0.504942 0.092819
vt 0.505459 0.095969
vt 0.499278 0.096264
vt 0.493096 0.095979
vt 0.493603 0.092828
vt 0.527632 0.180307
vt 0.523108 0.181372
vt 0.521064 0.174657
vt 0.525468 0.171651
vt 0.519860 0.181999
vt 0.518298 0.176726
vt 0.514222 0.172276
vt 0.516021 0.168907
vt 0.484549 0.172292
vt 0.480486 0.176747
vt 0.477717 0.174685
vt 0.482744 0.168928
vt 0.478938 0.182023
vt 0.475691 0.181403
vt 0.471167 0.180350
vt 0.473308 0.171690
vt 0.520963 0.198934
vt 0.518271 0.195040
vt 0.522194 0.188699
vt 0.526234 0.189930
vt 0.516489 0.192967
vt 0.519247 0.187902
vt 0.479565 0.187926
vt 0.476622 0.188730
vt 0.482335 0.192988
vt 0.480560 0.195066
vt 0.477881 0.198967
vt 0.472589 0.189970
vt 0.499427 0.204722
vt 0.505029 0.199272
vt 0.511704 0.198711
vt 0.511826 0.204944
vt 0.506809 0.196169
vt 0.511846 0.195749
vt 0.486984 0.195764
vt 0.487135 0.198727
vt 0.492022 0.196177
vt 0.493810 0.199279
vt 0.487030 0.204962
vt 0.499417 0.197702
vt 0.499415 0.196472
vt 0.501450 0.197567
vt 0.499419 0.199098
vt 0.499412 0.193872
vt 0.502758 0.194851
vt 0.496068 0.194855
vt 0.497384 0.197569
vt 0.508274 0.164931
vt 0.499374 0.163415
vt 0.507532 0.168768
vt 0.499378 0.167303
vt 0.490479 0.164942
vt 0.491230 0.168777
vt 0.506679 0.171834
vt 0.499382 0.170590
vt 0.512461 0.174655
vt 0.510685 0.176207
vt 0.506145 0.175083
vt 0.499387 0.174357
vt 0.488095 0.176218
vt 0.486315 0.174668
vt 0.492089 0.171841
vt 0.492631 0.175089
vt 0.499408 0.190897
vt 0.503477 0.192086
vt 0.499401 0.186093
vt 0.505044 0.189527
vt 0.507650 0.191541
vt 0.507397 0.193587
vt 0.491167 0.191549
vt 0.493768 0.189532
vt 0.495342 0.192090
vt 0.491426 0.193596
vt 0.511432 0.193410
vt 0.510520 0.190925
vt 0.513253 0.189879
vt 0.514840 0.191252
vt 0.485561 0.189894
vt 0.488297 0.190936
vt 0.487392 0.193423
vt 0.483979 0.191269
vt 0.516708 0.187167
vt 0.513588 0.186925
vt 0.513287 0.182841
vt 0.517030 0.182371
vt 0.485509 0.182855
vt 0.485219 0.186939
vt 0.482100 0.187186
vt 0.481767 0.182389
vt 0.515768 0.178173
vt 0.512209 0.179022
vt 0.486577 0.179034
vt 0.483018 0.178190
vt 0.507544 0.183815
vt 0.509180 0.187790
vt 0.489628 0.187800
vt 0.491254 0.183822
vt 0.499393 0.179307
vt 0.506545 0.179228
vt 0.492241 0.179235
vt 0.514400 0.217391
vt 0.499450 0.222503
vt 0.526350 0.205838
vt 0.472513 0.205884
vt 0.484489 0.217416
vt 0.532510 0.191446
vt 0.534421 0.178349
vt 0.545452 0.173773
vt 0.544157 0.189339
vt 0.453342 0.173864
vt 0.464377 0.178409
vt 0.466320 0.191503
vt 0.454676 0.189427
vt 0.533136 0.167849
vt 0.530140 0.157451
vt 0.542546 0.152114
vt 0.544732 0.162483
vt 0.456190 0.152201
vt 0.468602 0.157504
vt 0.465635 0.167907
vt 0.454033 0.162573
vt 0.527404 0.144420
vt 0.539789 0.139809
vt 0.471302 0.144471
vt 0.458912 0.139892
vt 0.571355 0.128551
vt 0.554587 0.133921
vt 0.575521 0.139412
vt 0.558217 0.145500
vt 0.440513 0.145635
vt 0.444107 0.134048
vt 0.423207 0.139604
vt 0.427338 0.128735
vt 0.577822 0.148601
vt 0.560615 0.155305
vt 0.578878 0.157464
vt 0.561669 0.165648
vt 0.437118 0.165788
vt 0.438143 0.155444
vt 0.419902 0.157660
vt 0.420933 0.148796
vt 0.562276 0.178813
vt 0.580249 0.167481
vt 0.436546 0.178955
vt 0.418559 0.167678
vt 0.504237 0.091208
vt 0.508006 0.089988
vt 0.499269 0.091195
vt 0.499267 0.089827
vt 0.503592 0.089843
vt 0.506737 0.088940
vt 0.494302 0.091215
vt 0.494943 0.089849
vt 0.490531 0.090002
vt 0.491796 0.088951
vt 0.509301 0.086379
vt 0.508685 0.082127
vt 0.507836 0.086193
vt 0.507274 0.082730
vt 0.489227 0.086396
vt 0.490690 0.086207
vt 0.489830 0.082145
vt 0.491242 0.082745
vt 0.506939 0.078873
vt 0.504564 0.076708
vt 0.505711 0.079909
vt 0.503645 0.077955
vt 0.491568 0.078888
vt 0.492797 0.079922
vt 0.493937 0.076719
vt 0.494858 0.077964
vt 0.501950 0.075420
vt 0.499248 0.074986
vt 0.501459 0.076813
vt 0.499249 0.076441
vt 0.496547 0.075426
vt 0.497041 0.076817
vt 0.501084 0.078603
vt 0.499252 0.078326
vt 0.502877 0.079470
vt 0.502561 0.081382
vt 0.501001 0.080855
vt 0.499255 0.080666
vt 0.495950 0.081388
vt 0.495630 0.079477
vt 0.497420 0.078606
vt 0.497509 0.080858
vt 0.504553 0.080964
vt 0.505859 0.083073
vt 0.504861 0.083311
vt 0.503835 0.082238
vt 0.493656 0.083321
vt 0.492658 0.083085
vt 0.493958 0.080974
vt 0.494678 0.082246
vt 0.506361 0.085584
vt 0.505509 0.087520
vt 0.504221 0.085726
vt 0.504939 0.084673
vt 0.494302 0.085734
vt 0.493020 0.087530
vt 0.492162 0.085596
vt 0.493582 0.084682
vt 0.502899 0.088097
vt 0.499265 0.088045
vt 0.499261 0.085799
vt 0.502145 0.085910
vt 0.495631 0.088103
vt 0.496378 0.085915
vt 0.499258 0.083250
vt 0.501422 0.083397
vt 0.503092 0.083587
vt 0.497094 0.083401
vt 0.495425 0.083593
vt 0.503909 0.083556
vt 0.494608 0.083564
vt 0.552563 0.287513
vt 0.551043 0.294700
vt 0.555388 0.281382
vt 0.561790 0.284728
vt 0.559761 0.289501
vt 0.558921 0.295064
vt 0.437265 0.284843
vt 0.443658 0.281485
vt 0.446493 0.287609
vt 0.439302 0.289608
vt 0.448026 0.294790
vt 0.440151 0.295167
vt 0.551271 0.302699
vt 0.553583 0.310934
vt 0.559565 0.301186
vt 0.561664 0.307484
vt 0.447811 0.302785
vt 0.439518 0.301287
vt 0.445512 0.311019
vt 0.437430 0.307583
vt 0.558127 0.318618
vt 0.564411 0.324437
vt 0.565096 0.313426
vt 0.569668 0.318036
vt 0.440981 0.318705
vt 0.434009 0.313526
vt 0.434709 0.324528
vt 0.429446 0.318139
vt 0.559450 0.276334
vt 0.566291 0.271861
vt 0.570354 0.277322
vt 0.564939 0.280816
vt 0.428694 0.277459
vt 0.432744 0.271991
vt 0.439589 0.276447
vt 0.434111 0.280939
vt 0.576905 0.267779
vt 0.588473 0.265739
vt 0.587917 0.272325
vt 0.578752 0.274055
vt 0.411141 0.272504
vt 0.410573 0.265922
vt 0.422132 0.267936
vt 0.420299 0.274213
vt 0.598118 0.267297
vt 0.606541 0.271818
vt 0.602482 0.276763
vt 0.595617 0.273388
vt 0.396604 0.276967
vt 0.392541 0.272033
vt 0.400943 0.267500
vt 0.403452 0.273582
vt 0.614731 0.278158
vt 0.621245 0.285349
vt 0.614722 0.287184
vt 0.609309 0.281586
vt 0.384400 0.287396
vt 0.377885 0.285574
vt 0.384375 0.278380
vt 0.389796 0.281797
vt 0.624532 0.292527
vt 0.625039 0.299060
vt 0.617674 0.298328
vt 0.617308 0.292947
vt 0.381473 0.298527
vt 0.374122 0.299268
vt 0.374617 0.292746
vt 0.381828 0.293154
vt 0.623393 0.304591
vt 0.618944 0.309623
vt 0.613120 0.307048
vt 0.616547 0.302950
vt 0.386034 0.307225
vt 0.380223 0.309803
vt 0.375773 0.304786
vt 0.382605 0.303139
vt 0.611382 0.314663
vt 0.603054 0.319365
vt 0.599912 0.314492
vt 0.606864 0.310920
vt 0.399233 0.314638
vt 0.396101 0.319509
vt 0.387780 0.314825
vt 0.392286 0.311081
vt 0.596280 0.323237
vt 0.590632 0.326043
vt 0.589916 0.319869
vt 0.594413 0.317575
vt 0.409222 0.319995
vt 0.408514 0.326163
vt 0.402870 0.323367
vt 0.404728 0.317709
vt 0.585073 0.327659
vt 0.578874 0.328139
vt 0.580544 0.321357
vt 0.585448 0.321121
vt 0.418585 0.321470
vt 0.420262 0.328243
vt 0.414069 0.327771
vt 0.413686 0.321240
vt 0.571693 0.327375
vt 0.575066 0.320532
vt 0.427436 0.327473
vt 0.424057 0.320639
vt 0.577888 0.315332
vt 0.581931 0.316382
vt 0.573939 0.313108
vt 0.577724 0.309274
vt 0.580421 0.311021
vt 0.583117 0.312767
vt 0.421385 0.309394
vt 0.425172 0.313220
vt 0.421230 0.315448
vt 0.418694 0.311143
vt 0.417192 0.316502
vt 0.416002 0.312892
vt 0.585737 0.316374
vt 0.589370 0.315480
vt 0.585950 0.312485
vt 0.588782 0.312203
vt 0.413390 0.316499
vt 0.413173 0.312614
vt 0.409761 0.315611
vt 0.410344 0.312336
vt 0.593125 0.313675
vt 0.597638 0.311188
vt 0.592130 0.310653
vt 0.595478 0.309103
vt 0.406009 0.313813
vt 0.406999 0.310793
vt 0.401499 0.311335
vt 0.403653 0.309249
vt 0.603298 0.308104
vt 0.608342 0.304776
vt 0.600313 0.305724
vt 0.605147 0.302344
vt 0.395842 0.308264
vt 0.398820 0.305883
vt 0.390800 0.304949
vt 0.393986 0.302517
vt 0.610901 0.301421
vt 0.611727 0.297757
vt 0.606005 0.299840
vt 0.606862 0.297335
vt 0.388240 0.301604
vt 0.393126 0.300019
vt 0.387408 0.297948
vt 0.392265 0.297520
vt 0.611471 0.293540
vt 0.609551 0.289021
vt 0.606481 0.294178
vt 0.606100 0.291021
vt 0.387658 0.293738
vt 0.392640 0.294368
vt 0.389566 0.289223
vt 0.393015 0.291216
vt 0.605171 0.284490
vt 0.599658 0.280558
vt 0.601732 0.286957
vt 0.597364 0.282892
vt 0.393932 0.284691
vt 0.397370 0.287150
vt 0.399431 0.280754
vt 0.401725 0.283083
vt 0.594121 0.277966
vt 0.587945 0.277139
vt 0.593152 0.281441
vt 0.588939 0.279989
vt 0.404955 0.278155
vt 0.405930 0.281625
vt 0.411121 0.277316
vt 0.410134 0.280167
vt 0.580495 0.278590
vt 0.573669 0.281228
vt 0.582178 0.282235
vt 0.575416 0.284480
vt 0.418565 0.278749
vt 0.416891 0.282396
vt 0.425389 0.281370
vt 0.423648 0.284624
vt 0.569494 0.284147
vt 0.567155 0.287379
vt 0.573658 0.287132
vt 0.571900 0.289783
vt 0.429564 0.284278
vt 0.425409 0.287270
vt 0.431908 0.287503
vt 0.427169 0.289915
vt 0.570480 0.309504
vt 0.567775 0.305036
vt 0.572399 0.303223
vt 0.575062 0.306249
vt 0.426693 0.303342
vt 0.431318 0.305146
vt 0.428622 0.309615
vt 0.424039 0.306368
vt 0.566149 0.300204
vt 0.565511 0.295455
vt 0.571526 0.295591
vt 0.571963 0.299407
vt 0.427553 0.295716
vt 0.433565 0.295569
vt 0.432936 0.300316
vt 0.427123 0.299529
vt 0.565882 0.291159
vt 0.571713 0.292687
vt 0.433187 0.291277
vt 0.427361 0.292816
vt 0.515202 0.407106
vt 0.499580 0.406531
vt 0.533319 0.408669
vt 0.528820 0.428638
vt 0.514201 0.428544
vt 0.499582 0.428449
vt 0.470353 0.428636
vt 0.465853 0.408678
vt 0.483962 0.407110
vt 0.484968 0.428543
vt 0.556028 0.410733
vt 0.578579 0.411697
vt 0.583835 0.428591
vt 0.556328 0.428615
vt 0.415384 0.428598
vt 0.420629 0.411718
vt 0.443160 0.410747
vt 0.442869 0.428617
vt 0.596678 0.409565
vt 0.613255 0.403590
vt 0.621564 0.417863
vt 0.602700 0.423227
vt 0.377699 0.417889
vt 0.385991 0.403633
vt 0.402549 0.409594
vt 0.396542 0.423244
vt 0.631465 0.392629
vt 0.650349 0.377719
vt 0.665541 0.388861
vt 0.643553 0.403362
vt 0.333786 0.388954
vt 0.348944 0.377824
vt 0.367804 0.392698
vt 0.355743 0.403422
vt 0.667965 0.359618
vt 0.682396 0.341996
vt 0.700852 0.344252
vt 0.683197 0.366557
vt 0.298519 0.344467
vt 0.316933 0.342199
vt 0.331349 0.359772
vt 0.316153 0.366711
vt 0.691206 0.327575
vt 0.695783 0.311741
vt 0.711534 0.315224
vt 0.706193 0.329738
vt 0.287837 0.315527
vt 0.303540 0.312029
vt 0.308129 0.327820
vt 0.293178 0.329997
vt 0.696347 0.289910
vt 0.691158 0.267275
vt 0.706375 0.260519
vt 0.711231 0.285574
vt 0.292869 0.260944
vt 0.308068 0.267652
vt 0.302937 0.290249
vt 0.288078 0.285952
vt 0.678879 0.248461
vt 0.663092 0.232496
vt 0.679612 0.223084
vt 0.695094 0.240190
vt 0.319490 0.223515
vt 0.336000 0.232869
vt 0.320281 0.248846
vt 0.304081 0.240630
vt 0.647377 0.217304
vt 0.630486 0.201709
vt 0.639159 0.188911
vt 0.662192 0.206880
vt 0.359782 0.189271
vt 0.368474 0.202031
vt 0.351649 0.217657
vt 0.336836 0.207287
vt 0.601923 0.023020
vt 0.612727 0.025982
vt 0.613341 0.047066
vt 0.596402 0.039832
vt 0.623531 0.028944
vt 0.627262 0.052850
vt 0.626222 0.075588
vt 0.611566 0.066749
vt 0.594337 0.056726
vt 0.372357 0.076039
vt 0.371236 0.053341
vt 0.385124 0.047507
vt 0.386968 0.067150
vt 0.374872 0.029461
vt 0.385660 0.026457
vt 0.396447 0.023452
vt 0.402025 0.040208
vt 0.404148 0.057066
vt 0.545071 0.009261
vt 0.573497 0.016141
vt 0.574476 0.032800
vt 0.551597 0.029515
vt 0.574865 0.048243
vt 0.555520 0.043721
vt 0.423914 0.033087
vt 0.423578 0.048510
vt 0.424833 0.016447
vt 0.453219 0.009442
vt 0.446773 0.029708
vt 0.442900 0.043913
vt 0.499203 0.033223
vt 0.522137 0.021242
vt 0.531683 0.033556
vt 0.517194 0.041305
vt 0.538974 0.044640
vt 0.527085 0.049024
vt 0.466704 0.033671
vt 0.459447 0.044770
vt 0.476211 0.021333
vt 0.481222 0.041364
vt 0.471350 0.049111
vt 0.511112 0.049527
vt 0.520738 0.054379
vt 0.499217 0.046909
vt 0.487327 0.049563
vt 0.477712 0.054442
vt 0.527462 0.058799
vt 0.532604 0.062123
vt 0.533266 0.055595
vt 0.536357 0.059695
vt 0.470999 0.058878
vt 0.465187 0.055696
vt 0.465867 0.062215
vt 0.462108 0.059801
vt 0.538238 0.064634
vt 0.545460 0.068429
vt 0.543191 0.060815
vt 0.553908 0.064154
vt 0.460241 0.064742
vt 0.455279 0.060943
vt 0.453033 0.068559
vt 0.444577 0.064317
vt 0.554596 0.075357
vt 0.564757 0.085686
vt 0.566831 0.071174
vt 0.580137 0.081556
vt 0.443924 0.075514
vt 0.431684 0.071381
vt 0.433802 0.085873
vt 0.418420 0.081806
vt 0.556933 0.055626
vt 0.573174 0.061712
vt 0.589761 0.071449
vt 0.425313 0.061954
vt 0.408770 0.071750
vt 0.441526 0.055810
vt 0.543192 0.054038
vt 0.455259 0.054173
vt 0.601670 0.106793
vt 0.592067 0.094204
vt 0.604655 0.083175
vt 0.617047 0.094242
vt 0.393928 0.083524
vt 0.406540 0.094491
vt 0.396986 0.107106
vt 0.381585 0.094631
vt 0.574751 0.098864
vt 0.583327 0.112550
vt 0.423857 0.099079
vt 0.415329 0.112786
vt 0.593425 0.135351
vt 0.593994 0.145091
vt 0.618277 0.131063
vt 0.612604 0.147161
vt 0.607380 0.156703
vt 0.593230 0.153495
vt 0.391429 0.156991
vt 0.386186 0.147475
vt 0.404768 0.145343
vt 0.405554 0.153738
vt 0.380474 0.131413
vt 0.405309 0.135608
vt 0.589571 0.124603
vt 0.608961 0.117746
vt 0.389737 0.118077
vt 0.409128 0.124854
vt 0.593354 0.161574
vt 0.598711 0.171919
vt 0.604216 0.163154
vt 0.605647 0.170138
vt 0.405452 0.161813
vt 0.394606 0.163427
vt 0.400129 0.172169
vt 0.393196 0.170410
vt 0.612372 0.185892
vt 0.616808 0.178913
vt 0.382073 0.179213
vt 0.386522 0.186173
vt 0.921561 0.062683
vt 0.890840 0.096321
vt 0.866196 0.076542
vt 0.890904 0.044238
vt 0.864687 0.118277
vt 0.847071 0.102607
vt 0.825376 0.094280
vt 0.838571 0.063909
vt 0.860246 0.025793
vt 0.173669 0.095429
vt 0.152054 0.103808
vt 0.132892 0.077870
vt 0.160407 0.065176
vt 0.134534 0.119496
vt 0.108377 0.097679
vt 0.077626 0.064228
vt 0.108142 0.045729
vt 0.138658 0.027230
vt 0.804575 0.055316
vt 0.816740 0.017731
vt 0.796940 0.087736
vt 0.760006 0.083752
vt 0.762655 0.050928
vt 0.773234 0.009669
vt 0.238854 0.084697
vt 0.202015 0.088803
vt 0.194290 0.056486
vt 0.236099 0.051956
vt 0.182027 0.019034
vt 0.225396 0.010837
vt 0.711863 0.052651
vt 0.709333 0.018888
vt 0.714769 0.084286
vt 0.666522 0.089569
vt 0.666078 0.056011
vt 0.645431 0.028106
vt 0.332169 0.090156
vt 0.283998 0.085063
vt 0.286787 0.053481
vt 0.332492 0.056654
vt 0.289193 0.019777
vt 0.352990 0.028716
vt 0.641404 0.055786
vt 0.634481 0.028525
vt 0.640362 0.081648
vt 0.358257 0.082147
vt 0.357122 0.056331
vt 0.363931 0.029089
vt 0.627470 0.102894
vt 0.640249 0.111960
vt 0.371203 0.103314
vt 0.358473 0.112416
vt 0.720276 0.229209
vt 0.729122 0.250892
vt 0.705794 0.210350
vt 0.739175 0.195791
vt 0.746743 0.218838
vt 0.752815 0.241246
vt 0.259983 0.196440
vt 0.293330 0.210875
vt 0.278927 0.229737
vt 0.252493 0.219460
vt 0.270152 0.251395
vt 0.246491 0.241834
vt 0.987287 0.152728
vt 0.934259 0.166758
vt 0.914577 0.127739
vt 0.954424 0.107706
vt 0.895610 0.176374
vt 0.881337 0.143517
vt 0.118006 0.144724
vt 0.084803 0.129091
vt 0.103873 0.177540
vt 0.065297 0.168068
vt 0.012367 0.154243
vt 0.044997 0.109236
vt 0.900013 0.420388
vt 0.868900 0.382217
vt 0.896268 0.357749
vt 0.929586 0.388460
vt 0.845231 0.348928
vt 0.869109 0.329649
vt 0.887097 0.307229
vt 0.918637 0.328911
vt 0.959159 0.356531
vt 0.112750 0.308014
vt 0.130751 0.330319
vt 0.103750 0.358417
vt 0.081362 0.329726
vt 0.154615 0.349477
vt 0.131108 0.382737
vt 0.100193 0.420886
vt 0.070615 0.389136
vt 0.041037 0.357385
vt 0.935919 0.293385
vt 0.979510 0.304393
vt 0.900394 0.281142
vt 0.906994 0.250050
vt 0.945991 0.253118
vt 0.999860 0.252255
vt 0.092741 0.251051
vt 0.099415 0.282038
vt 0.064024 0.294352
vt 0.053861 0.254228
vt 0.020589 0.305458
vt 0.000140 0.253531
vt 0.944757 0.209868
vt 0.993574 0.202492
vt 0.904932 0.213624
vt 0.094689 0.214719
vt 0.054960 0.211094
vt 0.006254 0.203887
vt 0.724230 0.339961
vt 0.717882 0.327593
vt 0.737122 0.319266
vt 0.744657 0.334488
vt 0.731997 0.302687
vt 0.752488 0.293834
vt 0.758320 0.310185
vt 0.766941 0.324927
vt 0.246947 0.294290
vt 0.267403 0.303068
vt 0.262333 0.319613
vt 0.241172 0.310611
vt 0.281537 0.327870
vt 0.275237 0.340212
vt 0.254858 0.334808
vt 0.232614 0.325333
vt 0.782496 0.299630
vt 0.793268 0.313881
vt 0.774062 0.284121
vt 0.794222 0.273026
vt 0.805669 0.287577
vt 0.818670 0.301297
vt 0.205272 0.273645
vt 0.225407 0.284658
vt 0.217036 0.300147
vt 0.193896 0.288188
vt 0.206333 0.314387
vt 0.180968 0.301906
vt 0.823635 0.274193
vt 0.837901 0.286921
vt 0.810407 0.260611
vt 0.822356 0.247347
vt 0.836396 0.259667
vt 0.851346 0.270944
vt 0.177144 0.248111
vt 0.189098 0.261307
vt 0.175943 0.274889
vt 0.163176 0.260438
vt 0.161752 0.287622
vt 0.148299 0.271726
vt 0.844570 0.244104
vt 0.860168 0.253334
vt 0.830457 0.234116
vt 0.835053 0.223927
vt 0.846791 0.226972
vt 0.863006 0.232727
vt 0.164416 0.224788
vt 0.169028 0.234937
vt 0.154980 0.244939
vt 0.152717 0.227859
vt 0.139450 0.254189
vt 0.136560 0.233646
vt 0.812814 0.189821
vt 0.832450 0.187172
vt 0.841525 0.207273
vt 0.827290 0.209807
vt 0.850277 0.183420
vt 0.858808 0.208388
vt 0.140676 0.209358
vt 0.157912 0.208196
vt 0.149111 0.184430
vt 0.166905 0.188120
vt 0.186501 0.190705
vt 0.172118 0.210681
vt 0.878028 0.211900
vt 0.869383 0.180885
vt 0.881211 0.241854
vt 0.118431 0.242801
vt 0.121516 0.212918
vt 0.130045 0.181958
vt 0.876862 0.266629
vt 0.866388 0.287219
vt 0.133344 0.287999
vt 0.122840 0.267497
vt 0.851319 0.305470
vt 0.830203 0.321547
vt 0.169523 0.322131
vt 0.148422 0.306157
vt 0.815285 0.365223
vt 0.802555 0.335292
vt 0.786379 0.378013
vt 0.774748 0.346935
vt 0.224889 0.347298
vt 0.197130 0.335762
vt 0.213377 0.378317
vt 0.184520 0.365643
vt 0.744181 0.389903
vt 0.734206 0.364932
vt 0.752740 0.356724
vt 0.764721 0.386781
vt 0.246859 0.357000
vt 0.265359 0.365135
vt 0.255481 0.390057
vt 0.234994 0.387000
vt 0.824891 0.470849
vt 0.805743 0.417973
vt 0.836413 0.402905
vt 0.862452 0.445619
vt 0.163558 0.403275
vt 0.194179 0.418213
vt 0.175235 0.470987
vt 0.137714 0.445937
vt 0.792153 0.464650
vt 0.767095 0.463130
vt 0.751189 0.437396
vt 0.767592 0.429208
vt 0.742036 0.461609
vt 0.734310 0.447103
vt 0.726584 0.432597
vt 0.735383 0.411250
vt 0.273145 0.432574
vt 0.265482 0.447059
vt 0.248626 0.437427
vt 0.264313 0.411316
vt 0.257819 0.461543
vt 0.232839 0.463129
vt 0.207859 0.464714
vt 0.232249 0.429309
vt 0.783853 0.424096
vt 0.800341 0.458014
vt 0.216022 0.424258
vt 0.199667 0.458122
vt 0.795638 0.489991
vt 0.793896 0.477321
vt 0.802997 0.473682
vt 0.810265 0.480420
vt 0.197040 0.473750
vt 0.189799 0.480489
vt 0.206111 0.477353
vt 0.204362 0.489991
vt 0.731250 0.277556
vt 0.752729 0.268671
vt 0.268090 0.278001
vt 0.246644 0.269191
vt 0.770516 0.233996
vt 0.771779 0.260318
vt 0.784948 0.224330
vt 0.787951 0.251172
vt 0.211468 0.251830
vt 0.227622 0.260909
vt 0.214393 0.225047
vt 0.228814 0.234649
vt 0.796506 0.219198
vt 0.801172 0.240397
vt 0.802275 0.202593
vt 0.811118 0.228129
vt 0.188300 0.228910
vt 0.198253 0.241119
vt 0.197050 0.203415
vt 0.202850 0.219961
vt 0.818672 0.217413
vt 0.807545 0.196207
vt 0.180736 0.218244
vt 0.191776 0.197060
vt 0.721573 0.111915
vt 0.681969 0.117246
vt 0.761757 0.109973
vt 0.766127 0.132179
vt 0.731108 0.137131
vt 0.688497 0.147673
vt 0.232904 0.133044
vt 0.237193 0.110868
vt 0.277298 0.112664
vt 0.267863 0.137866
vt 0.316842 0.117844
vt 0.310420 0.148245
vt 0.715525 0.173977
vt 0.744789 0.160153
vt 0.758717 0.177144
vt 0.771588 0.152561
vt 0.779285 0.168550
vt 0.254280 0.160891
vt 0.227517 0.153402
vt 0.283522 0.174594
vt 0.240432 0.177894
vt 0.219887 0.169386
vt 0.686335 0.191429
vt 0.662805 0.172706
vt 0.336135 0.173159
vt 0.312700 0.191929
vt 0.623828 0.168710
vt 0.636616 0.157205
vt 0.648540 0.139356
vt 0.362238 0.157591
vt 0.350283 0.139803
vt 0.375036 0.169041
vt 0.655410 0.122481
vt 0.343371 0.122976
vt 0.614679 0.170581
vt 0.384177 0.170880
vt 0.807917 0.180050
vt 0.823744 0.170386
vt 0.803020 0.170278
vt 0.812303 0.157853
vt 0.824974 0.139658
vt 0.840033 0.161056
vt 0.174216 0.140699
vt 0.186913 0.158813
vt 0.175538 0.171350
vt 0.159261 0.162092
vt 0.196211 0.171181
vt 0.191356 0.180943
vt 0.857975 0.153520
vt 0.845999 0.131829
vt 0.141340 0.154629
vt 0.153217 0.132955
vt 0.794278 0.152107
vt 0.791153 0.169414
vt 0.796374 0.133314
vt 0.202728 0.134276
vt 0.204878 0.153023
vt 0.208049 0.170284
vt 0.795460 0.112699
vt 0.821386 0.116833
vt 0.177722 0.117915
vt 0.203574 0.113704
vt 0.837564 0.117902
vt 0.161587 0.119035
vt 0.560056 0.957116
vt 0.504998 0.958152
vt 0.501472 0.922411
vt 0.547229 0.914875
vt 0.449940 0.959188
vt 0.459977 0.920606
vt 0.463825 0.891118
vt 0.497292 0.891269
vt 0.531914 0.884167
vt 0.271651 0.891120
vt 0.275496 0.920608
vt 0.234002 0.922413
vt 0.238184 0.891270
vt 0.285528 0.959188
vt 0.230475 0.958153
vt 0.175421 0.957118
vt 0.188247 0.914876
vt 0.203563 0.884168
vt 0.594697 0.895453
vt 0.630690 0.927093
vt 0.564811 0.869038
vt 0.588346 0.845812
vt 0.629914 0.864762
vt 0.701323 0.897070
vt 0.147131 0.845812
vt 0.170666 0.869038
vt 0.140780 0.895454
vt 0.105562 0.864761
vt 0.104788 0.927094
vt 0.034155 0.897069
vt 0.636522 0.821531
vt 0.685311 0.827042
vt 0.596062 0.815924
vt 0.590989 0.786111
vt 0.625593 0.779388
vt 0.669298 0.757013
vt 0.144485 0.786110
vt 0.139414 0.815923
vt 0.098953 0.821529
vt 0.109879 0.779386
vt 0.050163 0.827039
vt 0.066170 0.757009
vt 0.605012 0.751803
vt 0.628347 0.736747
vt 0.578138 0.762555
vt 0.560936 0.743899
vt 0.582162 0.732189
vt 0.601920 0.718830
vt 0.174538 0.743898
vt 0.157336 0.762554
vt 0.130460 0.751801
vt 0.153311 0.732187
vt 0.107123 0.736744
vt 0.133552 0.718828
vt 0.559525 0.714495
vt 0.578193 0.700819
vt 0.541791 0.727394
vt 0.520601 0.712262
vt 0.535865 0.697425
vt 0.554188 0.682227
vt 0.214873 0.712262
vt 0.193684 0.727393
vt 0.175948 0.714494
vt 0.199609 0.697425
vt 0.157280 0.700817
vt 0.181285 0.682226
vt 0.509270 0.680612
vt 0.527444 0.662682
vt 0.496554 0.698352
vt 0.468486 0.686047
vt 0.477532 0.663911
vt 0.495377 0.641511
vt 0.266989 0.686046
vt 0.238921 0.698351
vt 0.226204 0.680612
vt 0.257942 0.663910
vt 0.208030 0.662681
vt 0.240096 0.641510
vt 0.508463 0.725478
vt 0.487998 0.713953
vt 0.498795 0.736876
vt 0.481986 0.727138
vt 0.463865 0.719479
vt 0.464939 0.704616
vt 0.271611 0.719478
vt 0.253490 0.727138
vt 0.247478 0.713953
vt 0.270536 0.704615
vt 0.236681 0.736876
vt 0.227013 0.725478
vt 0.542221 0.753282
vt 0.526533 0.738607
vt 0.526674 0.760746
vt 0.513833 0.748145
vt 0.221643 0.748145
vt 0.208942 0.738607
vt 0.208802 0.760746
vt 0.193255 0.753282
vt 0.563732 0.788820
vt 0.555169 0.769733
vt 0.542920 0.789842
vt 0.536755 0.774608
vt 0.198721 0.774608
vt 0.180306 0.769732
vt 0.192556 0.789842
vt 0.171743 0.788819
vt 0.559263 0.831931
vt 0.565869 0.810680
vt 0.538706 0.821575
vt 0.543918 0.806171
vt 0.191559 0.806171
vt 0.169607 0.810680
vt 0.196771 0.821575
vt 0.176214 0.831931
vt 0.519451 0.860413
vt 0.542673 0.848915
vt 0.510161 0.842213
vt 0.526854 0.833901
vt 0.208623 0.833901
vt 0.192804 0.848916
vt 0.225316 0.842213
vt 0.216026 0.860413
vt 0.493619 0.866014
vt 0.467287 0.866125
vt 0.470595 0.845417
vt 0.490849 0.846021
vt 0.264882 0.845418
vt 0.268189 0.866127
vt 0.241858 0.866015
vt 0.244628 0.846022
vt 0.769526 0.183906
vt 0.762242 0.196385
vt 0.782328 0.174425
vt 0.785370 0.180300
vt 0.776841 0.185367
vt 0.773439 0.194020
vt 0.213850 0.181127
vt 0.216869 0.175257
vt 0.229668 0.184676
vt 0.222374 0.186156
vt 0.236970 0.197103
vt 0.225792 0.194778
vt 0.393578 0.587505
vt 0.454807 0.617757
vt 0.438837 0.647273
vt 0.394307 0.630764
vt 0.435476 0.676375
vt 0.395036 0.674023
vt 0.296636 0.647273
vt 0.299998 0.676374
vt 0.280666 0.617758
vt 0.341892 0.587509
vt 0.341165 0.630765
vt 0.340437 0.674021
vt 0.765136 0.212832
vt 0.776804 0.207144
vt 0.234126 0.213520
vt 0.222470 0.207879
vt 0.385726 0.910555
vt 0.392655 0.894436
vt 0.424977 0.909509
vt 0.417833 0.934872
vt 0.399584 0.878316
vt 0.432499 0.885122
vt 0.302977 0.885125
vt 0.310496 0.909511
vt 0.335895 0.878320
vt 0.342820 0.894439
vt 0.349744 0.910558
vt 0.317636 0.934873
vt 0.439833 0.698552
vt 0.445431 0.714724
vt 0.429797 0.714480
vt 0.417498 0.698603
vt 0.305679 0.714480
vt 0.290045 0.714724
vt 0.295642 0.698551
vt 0.317977 0.698602
vt 0.415576 0.728710
vt 0.401149 0.720659
vt 0.405109 0.707193
vt 0.419865 0.719796
vt 0.378240 0.710772
vt 0.386638 0.692398
vt 0.348837 0.692399
vt 0.330367 0.707194
vt 0.357237 0.710776
vt 0.334328 0.720661
vt 0.319901 0.728711
vt 0.315611 0.719796
vt 0.409036 0.756431
vt 0.396891 0.743518
vt 0.405632 0.736112
vt 0.412987 0.748079
vt 0.415730 0.738480
vt 0.417379 0.745677
vt 0.329845 0.736115
vt 0.319747 0.738482
vt 0.338586 0.743521
vt 0.326441 0.756433
vt 0.322490 0.748082
vt 0.318098 0.745679
vt 0.413171 0.795435
vt 0.397722 0.802297
vt 0.394623 0.769764
vt 0.408970 0.773855
vt 0.377006 0.815186
vt 0.377623 0.762979
vt 0.357854 0.762983
vt 0.340854 0.769767
vt 0.358471 0.815189
vt 0.337755 0.802300
vt 0.322306 0.795437
vt 0.326507 0.773858
vt 0.388295 0.846751
vt 0.406314 0.829512
vt 0.420562 0.849874
vt 0.421468 0.815124
vt 0.434104 0.830506
vt 0.329163 0.829515
vt 0.314009 0.815126
vt 0.347183 0.846755
vt 0.314916 0.849877
vt 0.301374 0.830509
vt 0.442111 0.861149
vt 0.451027 0.840460
vt 0.293366 0.861152
vt 0.284450 0.840462
vt 0.791079 0.206073
vt 0.796912 0.205799
vt 0.797000 0.194826
vt 0.799447 0.196877
vt 0.801893 0.198928
vt 0.802084 0.200761
vt 0.197420 0.199758
vt 0.199855 0.197705
vt 0.202407 0.206598
vt 0.197235 0.201587
vt 0.202290 0.195652
vt 0.208228 0.206854
vt 0.785366 0.198689
vt 0.781731 0.190023
vt 0.788848 0.183842
vt 0.792924 0.189334
vt 0.210391 0.184671
vt 0.217508 0.190815
vt 0.213906 0.199471
vt 0.206341 0.190162
vt 0.781496 0.185324
vt 0.787109 0.182071
vt 0.212121 0.182899
vt 0.217730 0.186127
vt 0.457940 0.824106
vt 0.473391 0.828981
vt 0.444081 0.815659
vt 0.451608 0.803888
vt 0.463366 0.811207
vt 0.475982 0.816032
vt 0.283869 0.803890
vt 0.291397 0.815660
vt 0.277538 0.824107
vt 0.272112 0.811208
vt 0.262086 0.828982
vt 0.259495 0.816034
vt 0.432958 0.803764
vt 0.424850 0.789578
vt 0.433516 0.783688
vt 0.441546 0.794387
vt 0.301961 0.783690
vt 0.310627 0.789580
vt 0.302520 0.803766
vt 0.293931 0.794389
vt 0.419858 0.774882
vt 0.418336 0.762866
vt 0.424331 0.765721
vt 0.427694 0.773173
vt 0.311146 0.765723
vt 0.317141 0.762869
vt 0.315619 0.774884
vt 0.307783 0.773175
vt 0.420362 0.755644
vt 0.423241 0.750372
vt 0.430308 0.756292
vt 0.427067 0.761610
vt 0.305169 0.756294
vt 0.312237 0.750374
vt 0.315115 0.755646
vt 0.308410 0.761613
vt 0.424705 0.743779
vt 0.426464 0.736364
vt 0.435584 0.743395
vt 0.432945 0.750024
vt 0.299893 0.743396
vt 0.309013 0.736365
vt 0.310772 0.743781
vt 0.302532 0.750026
vt 0.430461 0.729698
vt 0.437695 0.725888
vt 0.442056 0.732950
vt 0.438908 0.737247
vt 0.293421 0.732951
vt 0.297782 0.725889
vt 0.305016 0.729699
vt 0.296568 0.737248
vt 0.448962 0.726810
vt 0.462728 0.731313
vt 0.460681 0.740887
vt 0.449798 0.735905
vt 0.274796 0.740887
vt 0.272748 0.731313
vt 0.286514 0.726810
vt 0.285679 0.735905
vt 0.489072 0.830386
vt 0.503601 0.828286
vt 0.488449 0.818250
vt 0.499566 0.817861
vt 0.246405 0.830387
vt 0.247028 0.818251
vt 0.231876 0.828287
vt 0.235911 0.817862
vt 0.515626 0.822686
vt 0.523961 0.813905
vt 0.508146 0.814755
vt 0.513533 0.808601
vt 0.219851 0.822686
vt 0.227331 0.814756
vt 0.211516 0.813905
vt 0.221944 0.808602
vt 0.527787 0.802665
vt 0.527116 0.790371
vt 0.516017 0.800274
vt 0.515312 0.790937
vt 0.207690 0.802666
vt 0.219460 0.800274
vt 0.208361 0.790370
vt 0.220165 0.790938
vt 0.522279 0.778343
vt 0.514080 0.766937
vt 0.511132 0.781560
vt 0.504044 0.772368
vt 0.213197 0.778343
vt 0.224344 0.781560
vt 0.221396 0.766937
vt 0.231433 0.772368
vt 0.503383 0.756285
vt 0.490827 0.746589
vt 0.494798 0.763442
vt 0.484040 0.755016
vt 0.232093 0.756285
vt 0.240678 0.763442
vt 0.244649 0.746589
vt 0.251437 0.755016
vt 0.477025 0.738115
vt 0.472414 0.747379
vt 0.258452 0.738115
vt 0.263063 0.747379
vt 0.441113 0.756609
vt 0.437515 0.763080
vt 0.444473 0.749892
vt 0.453608 0.756304
vt 0.449563 0.763448
vt 0.445175 0.770474
vt 0.281869 0.756305
vt 0.291004 0.749894
vt 0.294364 0.756611
vt 0.285914 0.763450
vt 0.297962 0.763081
vt 0.290302 0.770476
vt 0.458486 0.770482
vt 0.453655 0.778067
vt 0.463098 0.763032
vt 0.472640 0.769933
vt 0.467688 0.777402
vt 0.462831 0.785325
vt 0.262837 0.769934
vt 0.272379 0.763033
vt 0.276991 0.770483
vt 0.267789 0.777403
vt 0.281822 0.778069
vt 0.272646 0.785326
vt 0.476850 0.783852
vt 0.472408 0.791736
vt 0.481807 0.776723
vt 0.490083 0.783088
vt 0.485508 0.789536
vt 0.481900 0.797006
vt 0.245394 0.783088
vt 0.253670 0.776723
vt 0.258627 0.783852
vt 0.249969 0.789536
vt 0.263070 0.791737
vt 0.253577 0.797007
vt 0.493269 0.794163
vt 0.490819 0.800947
vt 0.496915 0.788671
vt 0.501345 0.792605
vt 0.500267 0.797336
vt 0.498835 0.803571
vt 0.234133 0.792605
vt 0.238562 0.788671
vt 0.242209 0.794163
vt 0.235210 0.797337
vt 0.244658 0.800948
vt 0.236642 0.803572
vt 0.489099 0.808748
vt 0.498019 0.810110
vt 0.478775 0.805633
vt 0.256702 0.805634
vt 0.246378 0.808749
vt 0.237458 0.810111
vt 0.457647 0.793995
vt 0.468041 0.800663
vt 0.267437 0.800664
vt 0.277831 0.793997
vt 0.448208 0.785958
vt 0.440043 0.777289
vt 0.295434 0.777291
vt 0.287270 0.785959
vt 0.433234 0.768860
vt 0.302243 0.768862
vt 0.447757 0.743171
vt 0.457480 0.748977
vt 0.277997 0.748977
vt 0.287720 0.743172
vt 0.478036 0.762628
vt 0.467761 0.755496
vt 0.267716 0.755497
vt 0.257441 0.762628
vt 0.496149 0.777545
vt 0.487696 0.770080
vt 0.247780 0.770081
vt 0.239327 0.777545
vt 0.506708 0.791790
vt 0.502768 0.784766
vt 0.232709 0.784766
vt 0.228769 0.791790
vt 0.505946 0.805431
vt 0.507342 0.798867
vt 0.228135 0.798867
vt 0.229531 0.805432
vt 0.504051 0.810120
vt 0.231426 0.810121
vt 0.551699 0.646693
vt 0.575304 0.668124
vt 0.523905 0.622491
vt 0.559053 0.608689
vt 0.580280 0.633868
vt 0.598856 0.656304
vt 0.176421 0.608688
vt 0.211569 0.622491
vt 0.183774 0.646692
vt 0.155193 0.633866
vt 0.160169 0.668123
vt 0.136617 0.656303
vt 0.596441 0.687600
vt 0.616880 0.705073
vt 0.615153 0.676449
vt 0.629635 0.693365
vt 0.139032 0.687598
vt 0.120319 0.676448
vt 0.118591 0.705071
vt 0.105837 0.693363
vt 0.638044 0.719469
vt 0.658669 0.724815
vt 0.642854 0.705560
vt 0.653731 0.711201
vt 0.097427 0.719467
vt 0.092617 0.705558
vt 0.076801 0.724813
vt 0.081740 0.711199
vt 0.712556 0.698473
vt 0.690927 0.727743
vt 0.673883 0.712496
vt 0.683284 0.689895
vt 0.659305 0.702051
vt 0.661559 0.685740
vt 0.061588 0.712496
vt 0.076166 0.702051
vt 0.044543 0.727744
vt 0.022915 0.698478
vt 0.052188 0.689895
vt 0.073913 0.685740
vt 0.715231 0.624373
vt 0.713894 0.661423
vt 0.685192 0.662314
vt 0.682473 0.633913
vt 0.658869 0.664331
vt 0.652402 0.640520
vt 0.050281 0.662313
vt 0.076604 0.664330
vt 0.021580 0.661423
vt 0.020244 0.624367
vt 0.053001 0.633910
vt 0.083071 0.640518
vt 0.706720 0.572934
vt 0.710976 0.598654
vt 0.676946 0.608295
vt 0.670521 0.585386
vt 0.643522 0.616816
vt 0.633447 0.594018
vt 0.058528 0.608293
vt 0.091952 0.616814
vt 0.024500 0.598651
vt 0.028756 0.572934
vt 0.064953 0.585385
vt 0.102026 0.594017
vt 0.624547 0.647454
vt 0.611148 0.624590
vt 0.596077 0.600457
vt 0.124325 0.624589
vt 0.139396 0.600456
vt 0.110926 0.647452
vt 0.635668 0.668730
vt 0.643885 0.686390
vt 0.091587 0.686389
vt 0.099804 0.668729
vt 0.648513 0.697565
vt 0.086959 0.697564
vt 0.615458 0.557583
vt 0.659296 0.547862
vt 0.664647 0.565657
vt 0.623381 0.572856
vt 0.703133 0.538140
vt 0.704927 0.555537
vt 0.030546 0.555540
vt 0.070825 0.565659
vt 0.032336 0.538145
vt 0.076174 0.547865
vt 0.120011 0.557584
vt 0.112091 0.572856
vt 0.580032 0.574978
vt 0.563882 0.548410
vt 0.535348 0.579474
vt 0.512305 0.539237
vt 0.155441 0.574977
vt 0.200126 0.579472
vt 0.171591 0.548409
vt 0.223171 0.539233
vt 0.452942 0.563371
vt 0.490625 0.594611
vt 0.244849 0.594610
vt 0.282532 0.563371
s 0
f 47/1/1 509/2/2 1513/3/3 508/4/4
f 509/2/2 1/5/5 510/6/6 1513/3/7
f 1513/3/8 510/6/9 3/7/10 511/8/11
f 508/4/4 1513/3/3 511/8/11 45/9/12
f 4/10/13 513/11/14 1514/12/15 512/13/16
f 513/11/17 2/14/18 514/15/19 1514/12/20
f 1514/12/21 514/15/19 48/16/22 515/17/23
f 512/13/16 1514/12/21 515/17/23 46/18/24
f 45/9/12 511/8/11 1515/19/25 516/20/26
f 511/8/27 3/7/10 517/21/28 1515/19/25
f 1515/19/25 517/21/28 5/22/29 518/23/30
f 516/20/26 1515/19/31 518/23/30 43/24/32
f 6/25/33 520/26/34 1516/27/35 519/28/36
f 520/26/34 4/10/13 512/13/37 1516/27/38
f 1516/27/38 512/13/37 46/18/24 521/29/39
f 519/28/36 1516/27/35 521/29/39 44/30/40
f 3/7/10 522/31/41 1517/32/42 517/21/28
f 522/31/41 9/33/43 523/34/44 1517/32/42
f 1517/32/42 523/34/44 7/35/45 524/36/46
f 517/21/28 1517/32/42 524/36/47 5/22/29
f 8/37/48 526/38/49 1518/39/50 525/40/51
f 526/38/49 10/41/52 527/42/53 1518/39/50
f 1518/39/50 527/42/53 4/10/13 520/26/34
f 525/40/54 1518/39/50 520/26/34 6/25/33
f 1/5/5 528/43/55 1519/44/56 510/6/6
f 528/43/55 11/45/57 529/46/58 1519/44/56
f 1519/44/56 529/46/59 9/33/43 522/31/41
f 510/6/60 1519/44/56 522/31/41 3/7/10
f 10/41/52 530/47/61 1520/48/62 527/42/53
f 530/47/63 12/49/64 531/50/65 1520/48/62
f 1520/48/62 531/50/65 2/14/18 513/11/17
f 527/42/53 1520/48/62 513/11/66 4/10/13
f 11/45/57 532/51/67 1521/52/68 529/46/59
f 532/51/67 13/53/69 533/54/70 1521/52/68
f 1521/52/68 533/54/70 15/55/71 534/56/72
f 529/46/58 1521/52/68 534/56/72 9/33/43
f 16/57/73 536/58/74 1522/59/75 535/60/76
f 536/58/74 14/61/77 537/62/78 1522/59/75
f 1522/59/75 537/62/78 12/49/64 530/47/61
f 535/60/76 1522/59/75 530/47/63 10/41/52
f 9/33/43 534/56/72 1523/63/79 523/34/44
f 534/56/72 15/55/71 538/64/80 1523/63/79
f 1523/63/81 538/64/82 17/65/83 539/66/84
f 523/34/44 1523/63/79 539/66/84 7/35/45
f 18/67/85 541/68/86 1524/69/87 540/70/88
f 541/68/86 16/57/73 535/60/76 1524/69/89
f 1524/69/89 535/60/76 10/41/52 526/38/49
f 540/70/88 1524/69/89 526/38/49 8/37/48
f 15/55/71 542/71/90 1525/72/91 538/64/80
f 542/71/90 21/73/92 543/74/93 1525/72/91
f 1525/72/91 543/74/93 19/75/94 544/76/95
f 538/64/80 1525/72/91 544/76/95 17/65/83
f 20/77/96 546/78/97 1526/79/98 545/80/99
f 546/78/97 22/81/100 547/82/101 1526/79/98
f 1526/79/98 547/82/101 16/57/73 541/68/86
f 545/80/99 1526/79/98 541/68/86 18/67/85
f 13/53/69 548/83/102 1527/84/103 533/54/70
f 548/83/104 23/85/105 549/86/106 1527/84/103
f 1527/84/103 549/86/106 21/73/92 542/71/90
f 533/54/70 1527/84/103 542/71/90 15/55/71
f 22/81/100 550/87/107 1528/88/108 547/82/101
f 550/87/107 24/89/109 551/90/110 1528/88/108
f 1528/88/108 551/90/111 14/61/77 536/58/74
f 547/82/101 1528/88/108 536/58/74 16/57/73
f 23/85/105 552/91/112 1529/92/113 549/86/106
f 552/91/112 25/93/114 553/94/115 1529/92/116
f 1529/92/116 553/94/115 27/95/117 554/96/118
f 549/86/106 1529/92/116 554/96/118 21/73/92
f 28/97/119 556/98/120 1530/99/121 555/100/122
f 556/98/120 26/101/123 557/102/124 1530/99/121
f 1530/99/125 557/102/124 24/89/109 550/87/107
f 555/100/122 1530/99/121 550/87/107 22/81/100
f 21/73/92 554/96/118 1531/103/126 543/74/93
f 554/96/118 27/95/117 558/104/127 1531/103/128
f 1531/103/128 558/104/129 29/105/130 559/106/131
f 543/74/93 1531/103/126 559/106/131 19/75/94
f 30/107/132 561/108/133 1532/109/134 560/110/135
f 561/108/136 28/97/119 555/100/122 1532/109/134
f 1532/109/137 555/100/122 22/81/100 546/78/97
f 560/110/135 1532/109/137 546/78/97 20/77/96
f 27/95/117 562/111/138 1533/112/139 558/104/127
f 562/111/140 33/113/141 563/114/142 1533/112/139
f 1533/112/139 563/114/142 31/115/143 564/116/144
f 558/104/127 1533/112/145 564/116/144 29/105/130
f 32/117/146 566/118/147 1534/119/148 565/120/149
f 566/118/147 34/121/150 567/122/151 1534/119/148
f 1534/119/148 567/122/152 28/97/119 561/108/136
f 565/120/149 1534/119/153 561/108/136 30/107/132
f 25/93/114 568/123/154 1535/124/155 553/94/115
f 568/123/156 35/125/157 569/126/158 1535/124/155
f 1535/124/155 569/126/158 33/113/141 562/111/138
f 553/94/115 1535/124/155 562/111/140 27/95/117
f 34/121/150 570/127/159 1536/128/160 567/122/152
f 570/127/159 36/129/161 571/130/162 1536/128/160
f 1536/128/160 571/130/163 26/101/123 556/98/120
f 567/122/151 1536/128/160 556/98/120 28/97/119
f 35/125/157 572/131/164 1537/132/165 569/126/158
f 572/131/164 37/133/166 573/134/167 1537/132/168
f 1537/132/168 573/134/167 39/135/169 574/136/170
f 569/126/158 1537/132/165 574/136/170 33/113/171
f 40/137/172 576/138/173 1538/139/174 575/140/175
f 576/138/173 38/141/176 577/142/177 1538/139/174
f 1538/139/178 577/142/177 36/129/161 570/127/159
f 575/140/175 1538/139/178 570/127/159 34/121/179
f 33/113/141 574/136/170 1539/143/180 563/114/142
f 574/136/170 39/135/169 578/144/181 1539/143/180
f 1539/143/180 578/144/181 41/145/182 579/146/183
f 563/114/142 1539/143/184 579/146/183 31/115/185
f 42/147/186 581/148/187 1540/149/188 580/150/189
f 581/148/187 40/137/172 575/140/175 1540/149/188
f 1540/149/188 575/140/175 34/121/179 566/118/147
f 580/150/189 1540/149/190 566/118/147 32/117/191
f 39/135/169 582/151/192 1541/152/193 578/144/181
f 582/151/192 45/9/12 516/20/26 1541/152/193
f 1541/152/193 516/20/26 43/24/32 583/153/194
f 578/144/195 1541/152/196 583/153/194 41/145/197
f 44/30/40 521/29/39 1542/154/198 584/155/199
f 521/29/39 46/18/24 585/156/200 1542/154/198
f 1542/154/198 585/156/200 40/137/172 581/148/187
f 584/155/199 1542/154/201 581/148/202 42/147/203
f 37/133/166 586/157/204 1543/158/205 573/134/206
f 586/157/204 47/1/1 508/4/4 1543/158/207
f 1543/158/207 508/4/4 45/9/12 582/151/192
f 573/134/206 1543/158/207 582/151/192 39/135/169
f 46/18/24 515/17/23 1544/159/208 585/156/200
f 515/17/23 48/16/22 587/160/209 1544/159/208
f 1544/159/210 587/160/209 38/141/176 576/138/211
f 585/156/200 1544/159/208 576/138/211 40/137/172
f 47/1/1 586/157/204 1545/161/212 588/162/213
f 586/157/204 37/133/166 589/163/214 1545/161/212
f 1545/161/212 589/163/214 51/164/215 590/165/216
f 588/162/213 1545/161/212 590/165/216 49/166/217
f 52/167/218 592/168/219 1546/169/220 591/170/221
f 592/168/219 38/141/176 587/160/209 1546/169/220
f 1546/169/220 587/160/209 48/16/22 593/171/222
f 591/170/221 1546/169/220 593/171/222 50/172/223
f 37/133/166 572/131/164 1547/173/224 589/163/225
f 572/131/164 35/125/226 594/174/227 1547/173/224
f 1547/173/224 594/174/227 53/175/228 595/176/229
f 589/163/214 1547/173/224 595/176/229 51/164/230
f 54/177/231 597/178/232 1548/179/233 596/180/234
f 597/178/232 36/129/235 577/142/177 1548/179/233
f 1548/179/233 577/142/177 38/141/176 592/168/236
f 596/180/234 1548/179/233 592/168/219 52/167/237
f 35/125/157 568/123/238 1549/181/239 594/174/227
f 568/123/238 25/93/114 598/182/240 1549/181/239
f 1549/181/239 598/182/240 55/183/241 599/184/242
f 594/174/243 1549/181/239 599/184/242 53/175/228
f 56/185/244 601/186/245 1550/187/246 600/188/247
f 601/186/245 26/101/123 571/130/248 1550/187/246
f 1550/187/246 571/130/248 36/129/161 597/178/249
f 600/188/247 1550/187/246 597/178/250 54/177/231
f 25/93/114 552/91/112 1551/189/251 598/182/240
f 552/91/112 23/85/105 602/190/252 1551/189/251
f 1551/189/253 602/190/252 57/191/254 603/192/255
f 598/182/240 1551/189/256 603/192/255 55/183/257
f 58/193/258 605/194/259 1552/195/260 604/196/261
f 605/194/259 24/89/109 557/102/124 1552/195/262
f 1552/195/263 557/102/124 26/101/123 601/186/245
f 604/196/261 1552/195/264 601/186/245 56/185/265
f 23/85/105 548/83/104 1553/197/266 602/190/252
f 548/83/102 13/53/69 606/198/267 1553/197/266
f 1553/197/266 606/198/268 59/199/269 607/200/270
f 602/190/252 1553/197/271 607/200/272 57/191/254
f 60/201/273 609/202/274 1554/203/275 608/204/276
f 609/202/277 14/61/278 551/90/111 1554/203/275
f 1554/203/275 551/90/110 24/89/109 605/194/259
f 608/204/279 1554/203/280 605/194/259 58/193/258
f 13/53/281 532/51/67 1555/205/282 606/198/267
f 532/51/67 11/45/57 610/206/283 1555/205/282
f 1555/205/282 610/206/283 63/207/284 611/208/285
f 606/198/267 1555/205/282 611/208/285 59/199/269
f 64/209/286 613/210/287 1556/211/288 612/212/289
f 613/210/287 12/49/64 537/62/78 1556/211/288
f 1556/211/288 537/62/78 14/61/278 609/202/277
f 612/212/289 1556/211/288 609/202/277 60/201/273
f 11/45/57 528/43/55 1557/213/290 610/206/283
f 528/43/55 1/5/291 614/214/292 1557/213/290
f 1557/213/290 614/214/293 65/215/294 615/216/295
f 610/206/283 1557/213/290 615/216/295 63/207/284
f 66/217/296 617/218/297 1558/219/298 616/220/299
f 617/218/300 2/14/301 531/50/65 1558/219/298
f 1558/219/298 531/50/65 12/49/64 613/210/287
f 616/220/299 1558/219/298 613/210/287 64/209/286
f 1/5/291 509/2/2 1559/221/302 614/214/293
f 509/2/2 47/1/1 588/162/213 1559/221/303
f 1559/221/304 588/162/213 49/166/305 618/222/306
f 614/214/307 1559/221/302 618/222/306 65/215/294
f 50/172/308 593/171/222 1560/223/309 619/224/310
f 593/171/222 48/16/22 514/15/19 1560/223/311
f 1560/223/312 514/15/19 2/14/301 617/218/297
f 619/224/310 1560/223/311 617/218/313 66/217/296
f 61/225/314 621/226/315 1561/227/316 620/228/317
f 65/215/294 618/222/306 1561/227/316 621/226/315
f 49/166/217 620/228/317 1561/227/316 618/222/306
f 50/172/223 619/224/310 1562/229/318 622/230/319
f 66/217/296 623/231/320 1562/229/321 619/224/310
f 62/232/322 622/230/319 1562/229/321 623/231/320
f 63/207/284 615/216/295 1563/233/323 624/234/324
f 65/215/294 621/226/315 1563/233/325 615/216/295
f 61/225/314 624/234/324 1563/233/325 621/226/315
f 62/232/322 623/231/320 1564/235/326 625/236/327
f 66/217/296 616/220/299 1564/235/326 623/231/320
f 64/209/286 625/236/327 1564/235/328 616/220/299
f 61/225/314 626/237/329 1565/238/330 624/234/324
f 59/199/269 611/208/285 1565/238/331 626/237/329
f 63/207/284 624/234/332 1565/238/330 611/208/285
f 64/209/286 612/212/289 1566/239/333 625/236/327
f 60/201/273 627/240/334 1566/239/335 612/212/289
f 62/232/322 625/236/327 1566/239/333 627/240/334
f 61/225/314 628/241/336 1567/242/337 626/237/329
f 57/191/254 607/200/272 1567/242/337 628/241/336
f 59/199/269 626/237/338 1567/242/337 607/200/270
f 60/201/273 608/204/276 1568/243/339 627/240/340
f 58/193/258 629/244/341 1568/243/339 608/204/276
f 62/232/322 627/240/334 1568/243/339 629/244/341
f 61/225/314 630/245/342 1569/246/343 628/241/336
f 55/183/344 603/192/345 1569/246/343 630/245/342
f 57/191/346 628/241/336 1569/246/343 603/192/345
f 58/193/258 604/196/347 1570/247/348 629/244/341
f 56/185/349 631/248/350 1570/247/348 604/196/347
f 62/232/322 629/244/341 1570/247/348 631/248/350
f 61/225/314 632/249/351 1571/250/352 630/245/342
f 53/175/353 599/184/242 1571/250/352 632/249/351
f 55/183/344 630/245/342 1571/250/352 599/184/242
f 56/185/265 600/188/247 1572/251/354 631/248/350
f 54/177/355 633/252/356 1572/251/354 600/188/247
f 62/232/322 631/248/350 1572/251/354 633/252/356
f 61/225/314 634/253/357 1573/254/358 632/249/351
f 51/164/230 595/176/359 1573/254/358 634/253/357
f 53/175/360 632/249/351 1573/254/358 595/176/361
f 54/177/362 596/180/363 1574/255/364 633/252/356
f 52/167/237 635/256/365 1574/255/364 596/180/366
f 62/232/322 633/252/356 1574/255/364 635/256/365
f 61/225/314 620/228/317 1575/257/367 634/253/357
f 49/166/217 590/165/216 1575/257/368 620/228/317
f 51/164/230 634/253/357 1575/257/367 590/165/216
f 52/167/237 591/170/221 1576/258/369 635/256/365
f 50/172/223 622/230/319 1576/258/370 591/170/221
f 62/232/322 635/256/365 1576/258/369 622/230/319
f 89/259/371 637/260/372 1577/261/373 636/262/374
f 637/260/375 174/263/376 638/264/377 1577/261/373
f 1577/261/373 638/264/377 176/265/378 639/266/379
f 636/262/374 1577/261/373 639/266/379 91/267/380
f 176/265/378 640/268/381 1578/269/382 639/266/379
f 640/268/381 175/270/383 641/271/384 1578/269/382
f 1578/269/382 641/271/385 90/272/386 642/273/387
f 639/266/379 1578/269/382 642/273/387 91/267/380
f 87/274/388 644/275/389 1579/276/390 643/277/391
f 644/275/392 172/278/393 645/279/394 1579/276/390
f 1579/276/390 645/279/395 174/263/396 637/260/375
f 643/277/397 1579/276/390 637/260/372 89/259/371
f 175/270/398 646/280/399 1580/281/400 641/271/384
f 646/280/401 173/282/402 647/283/403 1580/281/400
f 1580/281/400 647/283/404 88/284/405 648/285/406
f 641/271/385 1580/281/400 648/285/407 90/272/386
f 85/286/408 650/287/409 1581/288/410 649/289/411
f 650/287/409 170/290/412 651/291/413 1581/288/410
f 1581/288/410 651/291/414 172/278/393 644/275/392
f 649/289/415 1581/288/410 644/275/392 87/274/416
f 173/282/402 652/292/417 1582/293/418 647/283/403
f 652/292/419 171/294/420 653/295/421 1582/293/418
f 1582/293/418 653/295/421 86/296/422 654/297/423
f 647/283/403 1582/293/418 654/297/424 88/284/425
f 83/298/426 656/299/427 1583/300/428 655/301/429
f 656/299/427 168/302/430 657/303/431 1583/300/428
f 1583/300/428 657/303/431 170/290/432 650/287/433
f 655/301/434 1583/300/428 650/287/409 85/286/408
f 171/294/435 658/304/436 1584/305/437 653/295/421
f 658/304/436 169/306/438 659/307/439 1584/305/437
f 1584/305/437 659/307/439 84/308/440 660/309/441
f 653/295/421 1584/305/437 660/309/442 86/296/422
f 81/310/443 662/311/444 1585/312/445 661/313/446
f 662/311/444 166/314/447 663/315/448 1585/312/445
f 1585/312/445 663/315/448 168/302/449 656/299/427
f 661/313/446 1585/312/450 656/299/427 83/298/426
f 169/306/451 664/316/452 1586/317/453 659/307/439
f 664/316/452 167/318/454 665/319/455 1586/317/453
f 1586/317/453 665/319/455 82/320/456 666/321/457
f 659/307/439 1586/317/458 666/321/457 84/308/440
f 79/322/459 668/323/460 1587/324/461 667/325/462
f 668/323/460 92/326/463 669/327/464 1587/324/465
f 1587/324/461 669/327/464 146/328/466 670/329/467
f 667/325/468 1587/324/465 670/329/467 164/330/469
f 147/331/470 672/332/471 1588/333/472 671/334/473
f 672/332/471 93/335/474 673/336/475 1588/333/476
f 1588/333/476 673/336/475 80/337/477 674/338/478
f 671/334/473 1588/333/476 674/338/479 165/339/480
f 92/326/463 675/340/481 1589/341/482 669/327/464
f 675/340/481 94/342/483 676/343/484 1589/341/485
f 1589/341/485 676/343/484 148/344/486 677/345/487
f 669/327/464 1589/341/482 677/345/487 146/328/466
f 149/346/488 679/347/489 1590/348/490 678/349/491
f 679/347/489 95/350/492 680/351/493 1590/348/490
f 1590/348/494 680/351/493 93/335/474 672/332/471
f 678/349/491 1590/348/494 672/332/471 147/331/470
f 94/342/483 681/352/495 1591/353/496 676/343/484
f 681/352/497 96/354/498 682/355/499 1591/353/496
f 1591/353/496 682/355/499 150/356/500 683/357/501
f 676/343/484 1591/353/496 683/357/501 148/344/486
f 151/358/502 685/359/503 1592/360/504 684/361/505
f 685/359/503 97/362/506 686/363/507 1592/360/504
f 1592/360/504 686/363/508 95/350/492 679/347/489
f 684/361/505 1592/360/504 679/347/489 149/346/488
f 96/354/498 687/364/509 1593/365/510 682/355/499
f 687/364/511 98/366/512 688/367/513 1593/365/510
f 1593/365/510 688/367/514 152/368/515 689/369/516
f 682/355/499 1593/365/510 689/369/517 150/356/518
f 153/370/519 691/371/520 1594/372/521 690/373/522
f 691/371/523 99/374/524 692/375/525 1594/372/521
f 1594/372/521 692/375/526 97/362/506 685/359/503
f 690/373/522 1594/372/521 685/359/503 151/358/527
f 98/366/512 693/376/528 1595/377/529 688/367/513
f 693/376/530 100/378/531 694/379/532 1595/377/529
f 1595/377/529 694/379/532 154/380/533 695/381/534
f 688/367/513 1595/377/529 695/381/534 152/368/515
f 155/382/535 697/383/536 1596/384/537 696/385/538
f 697/383/536 101/386/539 698/387/540 1596/384/537
f 1596/384/537 698/387/540 99/374/524 691/371/523
f 696/385/538 1596/384/537 691/371/523 153/370/519
f 100/378/531 699/388/541 1597/389/542 694/379/532
f 699/388/541 102/390/543 700/391/544 1597/389/542
f 1597/389/542 700/391/545 156/392/546 701/393/547
f 694/379/532 1597/389/542 701/393/548 154/380/549
f 157/394/550 703/395/551 1598/396/552 702/397/553
f 703/395/551 103/398/554 704/399/555 1598/396/552
f 1598/396/552 704/399/555 101/386/539 697/383/536
f 702/397/556 1598/396/552 697/383/536 155/382/557
f 102/390/543 705/400/558 1599/401/559 700/391/544
f 705/400/558 104/402/560 706/403/561 1599/401/559
f 1599/401/559 706/403/562 158/404/563 707/405/564
f 700/391/544 1599/401/565 707/405/564 156/392/566
f 159/406/567 709/407/568 1600/408/569 708/409/570
f 709/407/571 105/410/572 710/411/573 1600/408/569
f 1600/408/569 710/411/573 103/398/554 703/395/551
f 708/409/570 1600/408/574 703/395/551 157/394/575
f 104/402/576 711/412/577 1601/413/578 706/403/579
f 711/412/580 106/414/581 712/415/582 1601/413/583
f 1601/413/583 712/415/582 160/416/584 713/417/585
f 706/403/579 1601/413/578 713/417/586 158/404/587
f 161/418/588 715/419/589 1602/420/590 714/421/591
f 715/419/589 107/422/592 716/423/593 1602/420/590
f 1602/420/594 716/423/595 105/410/596 709/407/571
f 714/421/597 1602/420/594 709/407/571 159/406/598
f 106/414/599 717/424/600 1603/425/601 712/415/582
f 717/424/600 108/426/602 718/427/603 1603/425/604
f 1603/425/604 718/427/605 162/428/606 719/429/607
f 712/415/582 1603/425/601 719/429/607 160/416/584
f 163/430/608 721/431/609 1604/432/610 720/433/611
f 721/431/612 109/434/613 722/435/614 1604/432/610
f 1604/432/615 722/435/614 107/422/616 715/419/589
f 720/433/611 1604/432/610 715/419/589 161/418/588
f 108/426/602 723/436/617 1605/437/618 718/427/605
f 723/436/617 67/438/619 724/439/620 1605/437/618
f 1605/437/618 724/439/620 68/440/621 725/441/622
f 718/427/603 1605/437/618 725/441/622 162/428/606
f 68/440/621 724/439/620 1606/442/623 726/443/624
f 724/439/620 67/438/619 727/444/625 1606/442/623
f 1606/442/623 727/444/625 109/434/613 721/431/609
f 726/443/624 1606/442/623 721/431/609 163/430/608
f 110/445/626 729/446/627 1607/447/628 728/448/629
f 729/446/627 128/449/630 730/450/631 1607/447/632
f 1607/447/628 730/450/631 160/416/584 719/429/607
f 728/448/629 1607/447/628 719/429/607 162/428/633
f 161/418/588 731/451/634 1608/452/635 720/433/611
f 731/451/636 129/453/637 732/454/638 1608/452/639
f 1608/452/635 732/454/638 111/455/640 733/456/641
f 720/433/611 1608/452/635 733/456/641 163/430/642
f 128/449/630 734/457/643 1609/458/644 730/450/645
f 734/457/643 179/459/646 735/460/647 1609/458/644
f 1609/458/644 735/460/647 158/404/587 713/417/586
f 730/450/645 1609/458/644 713/417/586 160/416/648
f 159/406/649 736/461/650 1610/462/651 714/421/597
f 736/461/650 180/463/652 737/464/653 1610/462/651
f 1610/462/651 737/464/653 129/453/637 731/451/634
f 714/421/597 1610/462/651 731/451/634 161/418/588
f 126/465/654 739/466/655 1611/467/656 738/468/657
f 739/466/655 156/392/566 707/405/658 1611/467/656
f 1611/467/656 707/405/564 158/404/587 735/460/647
f 738/468/657 1611/467/656 735/460/647 179/459/659
f 159/406/598 708/409/570 1612/469/660 736/461/650
f 708/409/661 157/394/575 740/470/662 1612/469/660
f 1612/469/660 740/470/662 127/471/663 741/472/664
f 736/461/650 1612/469/660 741/472/664 180/463/665
f 124/473/666 743/474/667 1613/475/668 742/476/669
f 743/474/667 154/380/549 701/393/670 1613/475/668
f 1613/475/671 701/393/670 156/392/546 739/466/655
f 742/476/672 1613/475/671 739/466/655 126/465/654
f 157/394/550 702/397/553 1614/477/673 740/470/662
f 702/397/674 155/382/557 744/478/675 1614/477/676
f 1614/477/676 744/478/675 125/479/677 745/480/678
f 740/470/662 1614/477/673 745/480/679 127/471/663
f 122/481/680 747/482/681 1615/483/682 746/484/683
f 747/482/681 152/368/515 695/381/534 1615/483/682
f 1615/483/682 695/381/684 154/380/533 743/474/667
f 746/484/683 1615/483/682 743/474/685 124/473/666
f 155/382/535 696/385/686 1616/485/687 744/478/675
f 696/385/538 153/370/519 748/486/688 1616/485/687
f 1616/485/687 748/486/688 123/487/689 749/488/690
f 744/478/691 1616/485/687 749/488/690 125/479/677
f 120/489/692 751/490/693 1617/491/694 750/492/695
f 751/490/693 150/356/518 689/369/516 1617/491/694
f 1617/491/696 689/369/517 152/368/515 747/482/681
f 750/492/695 1617/491/696 747/482/681 122/481/697
f 153/370/519 690/373/522 1618/493/698 748/486/688
f 690/373/699 151/358/527 752/494/700 1618/493/701
f 1618/493/701 752/494/700 121/495/702 753/496/703
f 748/486/688 1618/493/698 753/496/703 123/487/704
f 118/497/705 755/498/706 1619/499/707 754/500/708
f 755/498/706 148/344/486 683/357/709 1619/499/710
f 1619/499/707 683/357/501 150/356/518 751/490/693
f 754/500/708 1619/499/710 751/490/693 120/489/692
f 151/358/527 684/361/505 1620/501/711 752/494/700
f 684/361/712 149/346/488 756/502/713 1620/501/714
f 1620/501/711 756/502/713 119/503/715 757/504/716
f 752/494/700 1620/501/714 757/504/716 121/495/702
f 116/505/717 759/506/718 1621/507/719 758/508/720
f 759/506/718 146/328/466 677/345/721 1621/507/719
f 1621/507/719 677/345/487 148/344/486 755/498/706
f 758/508/720 1621/507/722 755/498/706 118/497/705
f 149/346/488 678/349/491 1622/509/723 756/502/713
f 678/349/724 147/331/470 760/510/725 1622/509/723
f 1622/509/723 760/510/725 117/511/726 761/512/727
f 756/502/713 1622/509/728 761/512/727 119/503/715
f 114/513/729 763/514/730 1623/515/731 762/516/732
f 763/514/730 164/330/469 670/329/467 1623/515/733
f 1623/515/731 670/329/467 146/328/466 759/506/718
f 762/516/732 1623/515/731 759/506/718 116/505/717
f 147/331/470 671/334/473 1624/517/734 760/510/725
f 671/334/473 165/339/480 764/518/735 1624/517/736
f 1624/517/734 764/518/735 115/519/737 765/520/738
f 760/510/725 1624/517/734 765/520/738 117/511/726
f 114/513/729 766/521/739 1625/522/740 763/514/730
f 766/521/741 181/523/742 767/524/743 1625/522/740
f 1625/522/740 767/524/743 177/525/744 768/526/745
f 763/514/730 1625/522/740 768/526/745 164/330/469
f 177/525/746 770/527/747 1626/528/748 769/529/749
f 770/527/747 182/530/750 771/531/751 1626/528/748
f 1626/528/748 771/531/752 115/519/737 764/518/735
f 769/529/749 1626/528/748 764/518/735 165/339/480
f 110/445/626 728/448/629 1627/532/753 772/533/754
f 728/448/629 162/428/606 725/441/755 1627/532/753
f 1627/532/753 725/441/755 68/440/756 773/534/757
f 772/533/754 1627/532/753 773/534/757 112/535/758
f 68/440/756 726/443/759 1628/536/760 774/537/761
f 726/443/759 163/430/608 733/456/641 1628/536/760
f 1628/536/760 733/456/641 111/455/640 775/538/762
f 774/537/761 1628/536/760 775/538/762 113/539/763
f 112/535/758 773/534/757 1629/540/764 776/541/765
f 773/534/757 68/440/756 777/542/766 1629/540/764
f 1629/540/767 777/542/766 178/543/768 778/544/769
f 776/541/765 1629/540/767 778/544/769 183/545/770
f 178/543/768 777/542/766 1630/546/771 779/547/772
f 777/542/766 68/440/756 774/537/761 1630/546/773
f 1630/546/773 774/537/761 113/539/763 780/548/774
f 779/547/772 1630/546/771 780/548/774 184/549/775
f 177/525/746 767/524/743 1631/550/776 781/551/777
f 767/524/743 181/523/742 782/552/778 1631/550/776
f 1631/550/776 782/552/778 183/545/770 778/544/769
f 781/551/779 1631/550/776 778/544/769 178/543/768
f 184/549/775 783/553/780 1632/554/781 779/547/772
f 783/553/780 182/530/750 770/527/747 1632/554/781
f 1632/554/781 770/527/747 177/525/746 781/551/777
f 779/547/772 1632/554/781 781/551/779 178/543/768
f 135/555/782 785/556/783 1633/557/784 784/558/785
f 785/556/783 137/559/786 786/560/787 1633/557/784
f 1633/557/784 786/560/787 176/265/378 638/264/377
f 784/558/785 1633/557/784 638/264/377 174/263/376
f 176/265/378 786/560/787 1634/561/788 640/268/381
f 786/560/787 137/559/786 787/562/789 1634/561/788
f 1634/561/788 787/562/789 136/563/790 788/564/791
f 640/268/381 1634/561/788 788/564/791 175/270/383
f 133/565/792 790/566/793 1635/567/794 789/568/795
f 790/566/793 135/555/782 784/558/785 1635/567/796
f 1635/567/797 784/558/785 174/263/396 645/279/395
f 789/568/795 1635/567/794 645/279/395 172/278/393
f 175/270/398 788/564/791 1636/569/798 646/280/399
f 788/564/791 136/563/790 791/570/799 1636/569/800
f 1636/569/801 791/570/799 134/571/802 792/572/803
f 646/280/399 1636/569/801 792/572/803 173/282/402
f 131/573/804 794/574/805 1637/575/806 793/576/807
f 794/574/805 133/565/792 789/568/795 1637/575/806
f 1637/575/806 789/568/795 172/278/393 651/291/413
f 793/576/807 1637/575/806 651/291/414 170/290/412
f 173/282/402 792/572/803 1638/577/808 652/292/419
f 792/572/803 134/571/802 795/578/809 1638/577/808
f 1638/577/808 795/578/809 132/579/810 796/580/811
f 652/292/417 1638/577/808 796/580/811 171/294/420
f 166/314/447 797/581/812 1639/582/813 663/315/448
f 797/581/812 187/583/814 798/584/815 1639/582/813
f 1639/582/813 798/584/815 185/585/816 799/586/817
f 663/315/448 1639/582/813 799/586/817 168/302/818
f 186/587/819 801/588/820 1640/589/821 800/590/822
f 801/588/820 188/591/823 802/592/824 1640/589/821
f 1640/589/821 802/592/824 167/318/454 664/316/452
f 800/590/825 1640/589/821 664/316/452 169/306/826
f 131/573/804 793/576/807 1641/593/827 803/594/828
f 793/576/807 170/290/432 657/303/431 1641/593/829
f 1641/593/827 657/303/431 168/302/430 799/586/830
f 803/594/828 1641/593/827 799/586/830 185/585/816
f 169/306/438 658/304/436 1642/595/831 800/590/822
f 658/304/436 171/294/435 796/580/811 1642/595/832
f 1642/595/831 796/580/811 132/579/810 804/596/833
f 800/590/822 1642/595/831 804/596/833 186/587/819
f 144/597/834 806/598/835 1643/599/836 805/600/837
f 806/598/838 190/601/839 807/602/840 1643/599/836
f 1643/599/836 807/602/841 189/603/842 808/604/843
f 805/600/837 1643/599/836 808/604/843 187/583/814
f 189/603/842 807/602/841 1644/605/844 809/606/845
f 807/602/840 190/601/839 810/607/846 1644/605/844
f 1644/605/844 810/607/847 145/608/848 811/609/849
f 809/606/845 1644/605/844 811/609/849 188/591/823
f 185/585/850 798/584/815 1645/610/851 812/611/852
f 798/584/815 187/583/814 808/604/843 1645/610/851
f 1645/610/851 808/604/843 189/603/842 813/612/853
f 812/611/852 1645/610/851 813/612/853 69/613/854
f 189/603/842 809/606/845 1646/614/855 813/612/853
f 809/606/845 188/591/823 801/588/820 1646/614/855
f 1646/614/855 801/588/820 186/587/856 814/615/857
f 813/612/853 1646/614/855 814/615/857 69/613/854
f 130/616/858 816/617/859 1647/618/860 815/619/861
f 816/617/859 131/573/804 803/594/828 1647/618/860
f 1647/618/860 803/594/828 185/585/850 812/611/852
f 815/619/861 1647/618/860 812/611/852 69/613/854
f 186/587/856 804/596/833 1648/620/862 814/615/857
f 804/596/833 132/579/810 817/621/863 1648/620/862
f 1648/620/862 817/621/863 130/616/858 815/619/861
f 814/615/857 1648/620/862 815/619/861 69/613/854
f 142/622/864 819/623/865 1649/624/866 818/625/867
f 819/623/868 193/626/869 820/627/870 1649/624/871
f 1649/624/872 820/627/870 191/628/873 821/629/874
f 818/625/875 1649/624/876 821/629/874 144/597/877
f 192/630/878 823/631/879 1650/632/880 822/633/881
f 823/631/879 194/634/882 824/635/883 1650/632/884
f 1650/632/885 824/635/886 143/636/887 825/637/888
f 822/633/881 1650/632/880 825/637/889 145/608/890
f 140/638/891 827/639/892 1651/640/893 826/641/894
f 827/639/892 195/642/895 828/643/896 1651/640/893
f 1651/640/893 828/643/897 193/626/869 819/623/865
f 826/641/898 1651/640/893 819/623/899 142/622/864
f 194/634/882 829/644/900 1652/645/901 824/635/886
f 829/644/902 196/646/903 830/647/904 1652/645/901
f 1652/645/901 830/647/904 141/648/905 831/649/906
f 824/635/907 1652/645/901 831/649/908 143/636/887
f 139/650/909 833/651/910 1653/652/911 832/653/912
f 833/651/910 197/654/913 834/655/914 1653/652/915
f 1653/652/916 834/655/917 195/642/895 827/639/892
f 832/653/918 1653/652/916 827/639/919 140/638/920
f 196/646/903 835/656/921 1654/657/922 830/647/904
f 835/656/923 198/658/924 836/659/925 1654/657/926
f 1654/657/927 836/659/925 139/650/909 837/660/928
f 830/647/929 1654/657/922 837/660/930 141/648/931
f 138/661/932 839/662/933 1655/663/934 838/664/935
f 839/662/936 71/665/937 840/666/938 1655/663/934
f 1655/663/934 840/666/938 197/654/913 833/651/939
f 838/664/935 1655/663/934 833/651/910 139/650/909
f 198/658/924 841/667/940 1656/668/941 836/659/942
f 841/667/940 71/665/937 839/662/936 1656/668/941
f 1656/668/941 839/662/943 138/661/932 838/664/935
f 836/659/925 1656/668/941 838/664/935 139/650/909
f 190/601/839 806/598/838 1657/669/944 842/670/945
f 806/598/835 144/597/877 821/629/874 1657/669/944
f 1657/669/946 821/629/874 191/628/873 843/671/947
f 842/670/945 1657/669/946 843/671/947 70/672/948
f 192/630/878 822/633/881 1658/673/949 844/674/950
f 822/633/881 145/608/890 810/607/847 1658/673/951
f 1658/673/951 810/607/952 190/601/839 842/670/945
f 844/674/950 1658/673/949 842/670/945 70/672/948
f 70/672/953 843/671/947 1659/675/954 845/676/955
f 843/671/947 191/628/873 846/677/956 1659/675/954
f 1659/675/954 846/677/957 206/678/958 847/679/959
f 845/676/955 1659/675/960 847/679/959 208/680/961
f 207/681/962 849/682/963 1660/683/964 848/684/965
f 849/682/966 192/630/878 844/674/950 1660/683/964
f 1660/683/964 844/674/950 70/672/953 845/676/955
f 848/684/965 1660/683/967 845/676/955 208/680/961
f 71/665/968 850/685/969 1661/686/970 840/666/938
f 850/685/969 199/687/971 851/688/972 1661/686/973
f 1661/686/970 851/688/972 200/689/974 852/690/975
f 840/666/938 1661/686/970 852/690/975 197/654/913
f 201/691/976 854/692/977 1662/693/978 853/694/979
f 854/692/977 199/687/980 850/685/969 1662/693/981
f 1662/693/978 850/685/969 71/665/968 841/667/940
f 853/694/979 1662/693/978 841/667/940 198/658/924
f 197/654/913 852/690/975 1663/695/982 834/655/914
f 852/690/975 200/689/974 855/696/983 1663/695/984
f 1663/695/985 855/696/986 202/697/987 856/698/988
f 834/655/914 1663/695/985 856/698/988 195/642/895
f 203/699/989 858/700/990 1664/701/991 857/702/992
f 858/700/993 201/691/976 853/694/979 1664/701/994
f 1664/701/995 853/694/979 198/658/924 835/656/923
f 857/702/992 1664/701/991 835/656/923 196/646/903
f 195/642/895 856/698/988 1665/703/996 828/643/897
f 856/698/988 202/697/987 859/704/997 1665/703/998
f 1665/703/998 859/704/999 204/705/1000 860/706/1001
f 828/643/896 1665/703/998 860/706/1002 193/626/869
f 205/707/1003 862/708/1004 1666/709/1005 861/710/1006
f 862/708/1007 203/699/989 857/702/992 1666/709/1005
f 1666/709/1008 857/702/992 196/646/903 829/644/900
f 861/710/1009 1666/709/1005 829/644/902 194/634/882
f 193/626/869 860/706/1002 1667/711/1010 820/627/870
f 860/706/1002 204/705/1000 863/712/1011 1667/711/1010
f 1667/711/1012 863/712/1013 206/678/958 846/677/956
f 820/627/870 1667/711/1012 846/677/957 191/628/873
f 207/681/962 864/713/1014 1668/714/1015 849/682/966
f 864/713/1016 205/707/1003 861/710/1009 1668/714/1017
f 1668/714/1015 861/710/1009 194/634/882 823/631/879
f 849/682/963 1668/714/1015 823/631/879 192/630/878
f 199/687/971 865/715/1018 1669/716/1019 851/688/972
f 865/715/1018 204/705/1000 859/704/997 1669/716/1019
f 1669/716/1019 859/704/997 202/697/1020 855/696/983
f 851/688/972 1669/716/1019 855/696/983 200/689/974
f 203/699/1021 862/708/1007 1670/717/1022 858/700/993
f 862/708/1007 205/707/1003 866/718/1023 1670/717/1022
f 1670/717/1022 866/718/1024 199/687/971 854/692/977
f 858/700/993 1670/717/1022 854/692/977 201/691/976
f 199/687/971 867/719/1025 1671/720/1026 865/715/1018
f 867/719/1025 208/680/961 847/679/959 1671/720/1027
f 1671/720/1026 847/679/959 206/678/958 863/712/1028
f 865/715/1018 1671/720/1026 863/712/1013 204/705/1000
f 207/681/962 848/684/965 1672/721/1029 864/713/1030
f 848/684/965 208/680/961 867/719/1025 1672/721/1031
f 1672/721/1029 867/719/1025 199/687/971 866/718/1024
f 864/713/1032 1672/721/1029 866/718/1023 205/707/1003
f 139/650/909 832/653/912 1673/722/1033 868/723/1034
f 832/653/912 140/638/1035 869/724/1036 1673/722/1033
f 1673/722/1033 869/724/1037 164/330/1038 768/526/745
f 868/723/1039 1673/722/1033 768/526/745 177/525/746
f 165/339/1040 870/725/1041 1674/726/1042 769/529/749
f 870/725/1043 141/648/905 837/660/928 1674/726/1042
f 1674/726/1042 837/660/928 139/650/909 868/723/1034
f 769/529/749 1674/726/1042 868/723/1039 177/525/746
f 140/638/1035 826/641/1044 1675/727/1045 869/724/1036
f 826/641/894 142/622/864 871/728/1046 1675/727/1045
f 1675/727/1047 871/728/1046 211/729/1048 872/730/1049
f 869/724/1036 1675/727/1047 872/730/1049 164/330/469
f 212/731/1050 874/732/1051 1676/733/1052 873/734/1053
f 874/732/1051 143/636/887 831/649/908 1676/733/1054
f 1676/733/1052 831/649/1055 141/648/905 870/725/1043
f 873/734/1053 1676/733/1052 870/725/1043 165/339/480
f 142/622/864 818/625/875 1677/735/1056 871/728/1046
f 818/625/875 144/597/877 875/736/1057 1677/735/1056
f 1677/735/1056 875/736/1058 213/737/1059 876/738/1060
f 871/728/1046 1677/735/1061 876/738/1062 211/729/1063
f 214/739/1064 878/740/1065 1678/741/1066 877/742/1067
f 878/740/1068 145/608/890 825/637/889 1678/741/1066
f 1678/741/1066 825/637/889 143/636/887 874/732/1051
f 877/742/1069 1678/741/1070 874/732/1051 212/731/1050
f 144/597/877 805/600/837 1679/743/1071 875/736/1058
f 805/600/1072 187/583/814 797/581/1073 1679/743/1074
f 1679/743/1071 797/581/812 166/314/447 879/744/1075
f 875/736/1058 1679/743/1074 879/744/1075 213/737/1059
f 167/318/454 802/592/824 1680/745/1076 880/746/1077
f 802/592/824 188/591/823 811/609/1078 1680/745/1079
f 1680/745/1076 811/609/849 145/608/890 878/740/1065
f 880/746/1077 1680/745/1079 878/740/1065 214/739/1064
f 81/310/443 881/747/1080 1681/748/1081 662/311/1082
f 881/747/1083 209/749/1084 882/750/1085 1681/748/1081
f 1681/748/1086 882/750/1085 213/737/1087 879/744/1075
f 662/311/1082 1681/748/1088 879/744/1075 166/314/447
f 214/739/1089 883/751/1090 1682/752/1091 880/746/1077
f 883/751/1090 210/753/1092 884/754/1093 1682/752/1094
f 1682/752/1094 884/754/1095 82/320/456 665/319/1096
f 880/746/1077 1682/752/1097 665/319/1096 167/318/454
f 209/749/1084 885/755/1098 1683/756/1099 882/750/1085
f 885/755/1098 215/757/1100 886/758/1101 1683/756/1099
f 1683/756/1099 886/758/1102 211/729/1048 876/738/1060
f 882/750/1085 1683/756/1099 876/738/1060 213/737/1059
f 212/731/1050 887/759/1103 1684/760/1104 877/742/1067
f 887/759/1105 216/761/1106 888/762/1107 1684/760/1104
f 1684/760/1104 888/762/1107 210/753/1092 883/751/1090
f 877/742/1069 1684/760/1104 883/751/1090 214/739/1064
f 79/322/459 667/325/468 1685/763/1108 889/764/1109
f 667/325/462 164/330/469 872/730/1049 1685/763/1108
f 1685/763/1108 872/730/1110 211/729/1048 886/758/1102
f 889/764/1109 1685/763/1108 886/758/1102 215/757/1111
f 212/731/1050 873/734/1112 1686/765/1113 887/759/1103
f 873/734/1053 165/339/480 674/338/478 1686/765/1113
f 1686/765/1113 674/338/479 80/337/477 890/766/1114
f 887/759/1103 1686/765/1113 890/766/1114 216/761/1115
f 131/573/804 816/617/859 1687/767/1116 891/768/1117
f 816/617/859 130/616/858 892/769/1118 1687/767/1119
f 1687/767/1116 892/769/1120 72/770/1121 893/771/1122
f 891/768/1117 1687/767/1119 893/771/1122 222/772/1123
f 72/770/1124 892/769/1120 1688/773/1125 894/774/1126
f 892/769/1118 130/616/858 817/621/863 1688/773/1127
f 1688/773/1125 817/621/863 132/579/810 895/775/1128
f 894/774/1126 1688/773/1127 895/775/1128 223/776/1129
f 133/565/792 794/574/805 1689/777/1130 896/778/1131
f 794/574/805 131/573/804 891/768/1132 1689/777/1130
f 1689/777/1130 891/768/1117 222/772/1133 897/779/1134
f 896/778/1131 1689/777/1135 897/779/1134 220/780/1136
f 223/776/1137 895/775/1128 1690/781/1138 898/782/1139
f 895/775/1140 132/579/810 795/578/809 1690/781/1138
f 1690/781/1138 795/578/809 134/571/802 899/783/1141
f 898/782/1139 1690/781/1142 899/783/1141 221/784/1143
f 135/555/782 790/566/793 1691/785/1144 900/786/1145
f 790/566/793 133/565/792 896/778/1131 1691/785/1144
f 1691/785/1144 896/778/1146 220/780/1147 901/787/1148
f 900/786/1149 1691/785/1144 901/787/1148 218/788/1150
f 221/784/1151 899/783/1152 1692/789/1153 902/790/1154
f 899/783/1141 134/571/802 791/570/799 1692/789/1153
f 1692/789/1153 791/570/799 136/563/790 903/791/1155
f 902/790/1154 1692/789/1153 903/791/1156 219/792/1157
f 137/559/786 785/556/1158 1693/793/1159 904/794/1160
f 785/556/783 135/555/782 900/786/1145 1693/793/1159
f 1693/793/1159 900/786/1149 218/788/1150 905/795/1161
f 904/794/1160 1693/793/1159 905/795/1161 217/796/1162
f 219/792/1157 903/791/1156 1694/797/1163 906/798/1164
f 903/791/1155 136/563/790 787/562/789 1694/797/1165
f 1694/797/1165 787/562/1166 137/559/786 904/794/1160
f 906/798/1164 1694/797/1165 904/794/1160 217/796/1162
f 217/796/1162 905/795/1161 1695/799/1167 907/800/1168
f 905/795/1161 218/788/1150 908/801/1169 1695/799/1170
f 1695/799/1170 908/801/1169 229/802/1171 909/803/1172
f 907/800/1168 1695/799/1170 909/803/1172 231/804/1173
f 230/805/1174 911/806/1175 1696/807/1176 910/808/1177
f 911/806/1175 219/792/1157 906/798/1164 1696/807/1178
f 1696/807/1178 906/798/1164 217/796/1162 907/800/1168
f 910/808/1177 1696/807/1176 907/800/1168 231/804/1173
f 218/788/1150 901/787/1179 1697/809/1180 908/801/1169
f 901/787/1148 220/780/1181 912/810/1182 1697/809/1180
f 1697/809/1180 912/810/1182 227/811/1183 913/812/1184
f 908/801/1169 1697/809/1180 913/812/1184 229/802/1171
f 228/813/1185 915/814/1186 1698/815/1187 914/816/1188
f 915/814/1186 221/784/1189 902/790/1154 1698/815/1187
f 1698/815/1187 902/790/1190 219/792/1157 911/806/1175
f 914/816/1188 1698/815/1187 911/806/1175 230/805/1174
f 220/780/1136 897/779/1134 1699/817/1191 912/810/1182
f 897/779/1134 222/772/1192 916/818/1193 1699/817/1191
f 1699/817/1191 916/818/1194 225/819/1195 917/820/1196
f 912/810/1182 1699/817/1191 917/820/1196 227/811/1183
f 226/821/1197 919/822/1198 1700/823/1199 918/824/1200
f 919/822/1198 223/776/1201 898/782/1139 1700/823/1202
f 1700/823/1199 898/782/1139 221/784/1143 915/814/1203
f 918/824/1200 1700/823/1199 915/814/1186 228/813/1185
f 222/772/1133 893/771/1122 1701/825/1204 916/818/1194
f 893/771/1122 72/770/1121 920/826/1205 1701/825/1206
f 1701/825/1206 920/826/1205 224/827/1207 921/828/1208
f 916/818/1194 1701/825/1204 921/828/1208 225/819/1209
f 224/827/1207 920/826/1205 1702/829/1210 922/830/1211
f 920/826/1205 72/770/1121 894/774/1126 1702/829/1210
f 1702/829/1212 894/774/1126 223/776/1137 919/822/1198
f 922/830/1211 1702/829/1212 919/822/1198 226/821/1213
f 224/827/1207 923/831/1214 1703/832/1215 921/828/1216
f 923/831/1214 231/804/1173 909/803/1217 1703/832/1215
f 1703/832/1218 909/803/1172 229/802/1171 924/833/1219
f 921/828/1216 1703/832/1218 924/833/1220 225/819/1195
f 230/805/1174 910/808/1177 1704/834/1221 925/835/1222
f 910/808/1223 231/804/1173 923/831/1214 1704/834/1221
f 1704/834/1224 923/831/1214 224/827/1207 922/830/1225
f 925/835/1222 1704/834/1221 922/830/1225 226/821/1197
f 225/819/1209 924/833/1220 1705/836/1226 917/820/1227
f 229/802/1228 913/812/1184 1705/836/1229 924/833/1220
f 227/811/1183 917/820/1196 1705/836/1230 913/812/1184
f 228/813/1185 914/816/1188 1706/837/1231 918/824/1200
f 230/805/1232 925/835/1233 1706/837/1231 914/816/1188
f 226/821/1213 918/824/1234 1706/837/1235 925/835/1236
f 183/545/770 782/552/778 1707/838/1237 926/839/1238
f 782/552/778 181/523/742 927/840/1239 1707/838/1237
f 1707/838/1237 927/840/1239 234/841/1240 928/842/1241
f 926/839/1238 1707/838/1237 928/842/1241 232/843/1242
f 235/844/1243 930/845/1244 1708/846/1245 929/847/1246
f 930/845/1244 182/530/750 783/553/780 1708/846/1245
f 1708/846/1245 783/553/780 184/549/775 931/848/1247
f 929/847/1246 1708/846/1245 931/848/1247 233/849/1248
f 112/535/1249 776/541/765 1709/850/1250 932/851/1251
f 776/541/765 183/545/770 926/839/1238 1709/850/1250
f 1709/850/1250 926/839/1238 232/843/1242 933/852/1252
f 932/851/1253 1709/850/1250 933/852/1252 254/853/1254
f 233/849/1255 931/848/1247 1710/854/1256 934/855/1257
f 931/848/1247 184/549/775 780/548/774 1710/854/1256
f 1710/854/1256 780/548/774 113/539/1258 935/856/1259
f 934/855/1260 1710/854/1256 935/856/1261 255/857/1262
f 110/445/626 772/533/754 1711/858/1263 936/859/1264
f 772/533/754 112/535/758 932/851/1253 1711/858/1263
f 1711/858/1265 932/851/1253 254/853/1254 937/860/1266
f 936/859/1264 1711/858/1265 937/860/1266 256/861/1267
f 255/857/1262 935/856/1261 1712/862/1268 938/863/1269
f 935/856/1261 113/539/763 775/538/762 1712/862/1270
f 1712/862/1270 775/538/762 111/455/640 939/864/1271
f 938/863/1269 1712/862/1268 939/864/1271 257/865/1272
f 181/523/1273 766/521/1274 1713/866/1275 927/840/1239
f 766/521/741 114/513/729 940/867/1276 1713/866/1275
f 1713/866/1275 940/867/1276 252/868/1277 941/869/1278
f 927/840/1239 1713/866/1275 941/869/1279 234/841/1240
f 253/870/1280 943/871/1281 1714/872/1282 942/873/1283
f 943/871/1281 115/519/737 771/531/751 1714/872/1282
f 1714/872/1282 771/531/752 182/530/1284 930/845/1244
f 942/873/1283 1714/872/1282 930/845/1244 235/844/1243
f 114/513/1285 762/516/1286 1715/874/1287 940/867/1276
f 762/516/732 116/505/717 944/875/1288 1715/874/1287
f 1715/874/1287 944/875/1289 250/876/1290 945/877/1291
f 940/867/1276 1715/874/1287 945/877/1292 252/868/1293
f 251/878/1294 947/879/1295 1716/880/1296 946/881/1297
f 947/879/1298 117/511/726 765/520/1299 1716/880/1300
f 1716/880/1300 765/520/1301 115/519/1302 943/871/1281
f 946/881/1303 1716/880/1300 943/871/1281 253/870/1304
f 116/505/717 758/508/720 1717/882/1305 944/875/1306
f 758/508/720 118/497/705 948/883/1307 1717/882/1305
f 1717/882/1305 948/883/1307 248/884/1308 949/885/1309
f 944/875/1288 1717/882/1305 949/885/1309 250/876/1310
f 249/886/1311 951/887/1312 1718/888/1313 950/889/1314
f 951/887/1312 119/503/715 761/512/727 1718/888/1313
f 1718/888/1313 761/512/727 117/511/726 947/879/1298
f 950/889/1314 1718/888/1313 947/879/1295 251/878/1315
f 118/497/705 754/500/708 1719/890/1316 948/883/1307
f 754/500/708 120/489/692 952/891/1317 1719/890/1316
f 1719/890/1316 952/891/1317 246/892/1318 953/893/1319
f 948/883/1307 1719/890/1316 953/893/1319 248/884/1320
f 247/894/1321 955/895/1322 1720/896/1323 954/897/1324
f 955/895/1322 121/495/1325 757/504/716 1720/896/1323
f 1720/896/1323 757/504/716 119/503/715 951/887/1312
f 954/897/1324 1720/896/1323 951/887/1312 249/886/1311
f 120/489/692 750/492/695 1721/898/1326 952/891/1317
f 750/492/695 122/481/697 956/899/1327 1721/898/1328
f 1721/898/1329 956/899/1327 244/900/1330 957/901/1331
f 952/891/1317 1721/898/1326 957/901/1331 246/892/1332
f 245/902/1333 959/903/1334 1722/904/1335 958/905/1336
f 959/903/1334 123/487/704 753/496/703 1722/904/1337
f 1722/904/1338 753/496/703 121/495/702 955/895/1322
f 958/905/1336 1722/904/1338 955/895/1322 247/894/1321
f 122/481/697 746/484/683 1723/906/1339 956/899/1327
f 746/484/683 124/473/666 960/907/1340 1723/906/1341
f 1723/906/1339 960/907/1340 242/908/1342 961/909/1343
f 956/899/1327 1723/906/1341 961/909/1344 244/900/1330
f 243/910/1345 963/911/1346 1724/912/1347 962/913/1348
f 963/911/1346 125/479/677 749/488/690 1724/912/1349
f 1724/912/1347 749/488/690 123/487/704 959/903/1334
f 962/913/1350 1724/912/1349 959/903/1334 245/902/1351
f 124/473/666 742/476/672 1725/914/1352 960/907/1340
f 742/476/672 126/465/1353 964/915/1354 1725/914/1355
f 1725/914/1352 964/915/1354 240/916/1356 965/917/1357
f 960/907/1340 1725/914/1355 965/917/1358 242/908/1342
f 241/918/1359 967/919/1360 1726/920/1361 966/921/1362
f 967/919/1360 127/471/1363 745/480/679 1726/920/1364
f 1726/920/1361 745/480/679 125/479/677 963/911/1346
f 966/921/1362 1726/920/1364 963/911/1346 243/910/1345
f 126/465/1353 738/468/1365 1727/922/1366 964/915/1354
f 738/468/657 179/459/646 968/923/1367 1727/922/1366
f 1727/922/1366 968/923/1368 236/924/1369 969/925/1370
f 964/915/1354 1727/922/1366 969/925/1370 240/916/1356
f 237/926/1371 971/927/1372 1728/928/1373 970/929/1374
f 971/927/1375 180/463/652 741/472/664 1728/928/1373
f 1728/928/1373 741/472/1376 127/471/1363 967/919/1360
f 970/929/1374 1728/928/1373 967/919/1360 241/918/1359
f 179/459/659 734/457/643 1729/930/1377 968/923/1367
f 734/457/643 128/449/630 972/931/1378 1729/930/1379
f 1729/930/1379 972/931/1380 238/932/1381 973/933/1382
f 968/923/1367 1729/930/1379 973/933/1383 236/924/1369
f 239/934/1384 975/935/1385 1730/936/1386 974/937/1387
f 975/935/1385 129/453/637 737/464/653 1730/936/1388
f 1730/936/1386 737/464/653 180/463/665 971/927/1372
f 974/937/1389 1730/936/1388 971/927/1375 237/926/1371
f 128/449/630 729/446/627 1731/938/1390 972/931/1378
f 729/446/627 110/445/626 936/859/1264 1731/938/1390
f 1731/938/1390 936/859/1264 256/861/1267 976/939/1391
f 972/931/1378 1731/938/1390 976/939/1391 238/932/1392
f 257/865/1272 939/864/1271 1732/940/1393 977/941/1394
f 939/864/1271 111/455/640 732/454/638 1732/940/1393
f 1732/940/1393 732/454/638 129/453/1395 975/935/1385
f 977/941/1394 1732/940/1393 975/935/1385 239/934/1396
f 238/932/1381 976/939/1391 1733/942/1397 978/943/1398
f 976/939/1399 256/861/1267 979/944/1400 1733/942/1401
f 1733/942/1397 979/944/1400 258/945/1402 980/946/1403
f 978/943/1398 1733/942/1397 980/946/1403 276/947/1404
f 259/948/1405 982/949/1406 1734/950/1407 981/951/1408
f 982/949/1406 257/865/1272 977/941/1409 1734/950/1410
f 1734/950/1407 977/941/1394 239/934/1384 983/952/1411
f 981/951/1408 1734/950/1407 983/952/1411 277/953/1412
f 236/924/1369 973/933/1383 1735/954/1413 984/955/1414
f 973/933/1383 238/932/1381 978/943/1398 1735/954/1413
f 1735/954/1413 978/943/1398 276/947/1404 985/956/1415
f 984/955/1414 1735/954/1413 985/956/1415 278/957/1416
f 277/953/1412 983/952/1411 1736/958/1417 986/959/1418
f 983/952/1411 239/934/1384 974/937/1389 1736/958/1417
f 1736/958/1417 974/937/1389 237/926/1371 987/960/1419
f 986/959/1418 1736/958/1417 987/960/1419 279/961/1420
f 240/916/1356 969/925/1370 1737/962/1421 988/963/1422
f 969/925/1423 236/924/1369 984/955/1414 1737/962/1424
f 1737/962/1424 984/955/1425 278/957/1416 989/964/1426
f 988/963/1427 1737/962/1424 989/964/1428 274/965/1429
f 279/961/1420 987/960/1430 1738/966/1431 990/967/1432
f 987/960/1419 237/926/1371 970/929/1374 1738/966/1433
f 1738/966/1431 970/929/1374 241/918/1359 991/968/1434
f 990/967/1435 1738/966/1433 991/968/1434 275/969/1436
f 242/908/1342 965/917/1357 1739/970/1437 992/971/1438
f 965/917/1358 240/916/1356 988/963/1427 1739/970/1437
f 1739/970/1437 988/963/1427 274/965/1429 993/972/1439
f 992/971/1438 1739/970/1437 993/972/1439 272/973/1440
f 275/969/1436 991/968/1434 1740/974/1441 994/975/1442
f 991/968/1434 241/918/1359 966/921/1362 1740/974/1441
f 1740/974/1441 966/921/1443 243/910/1345 995/976/1444
f 994/975/1442 1740/974/1441 995/976/1444 273/977/1445
f 244/900/1446 961/909/1344 1741/978/1447 996/979/1448
f 961/909/1343 242/908/1342 992/971/1438 1741/978/1447
f 1741/978/1447 992/971/1438 272/973/1449 997/980/1450
f 996/979/1448 1741/978/1451 997/980/1450 270/981/1452
f 273/977/1453 995/976/1444 1742/982/1454 998/983/1455
f 995/976/1444 243/910/1345 962/913/1350 1742/982/1454
f 1742/982/1454 962/913/1350 245/902/1333 999/984/1456
f 998/983/1455 1742/982/1457 999/984/1456 271/985/1458
f 246/892/1459 957/901/1331 1743/986/1460 1000/987/1461
f 957/901/1331 244/900/1446 996/979/1448 1743/986/1462
f 1743/986/1460 996/979/1448 270/981/1452 1001/988/1463
f 1000/987/1461 1743/986/1460 1001/988/1463 268/989/1464
f 271/985/1458 999/984/1456 1744/990/1465 1002/991/1466
f 999/984/1456 245/902/1351 958/905/1336 1744/990/1465
f 1744/990/1465 958/905/1336 247/894/1467 1003/992/1468
f 1002/991/1466 1744/990/1465 1003/992/1469 269/993/1470
f 248/884/1308 953/893/1319 1745/994/1471 1004/995/1472
f 953/893/1473 246/892/1459 1000/987/1461 1745/994/1471
f 1745/994/1471 1000/987/1474 268/989/1464 1005/996/1475
f 1004/995/1476 1745/994/1471 1005/996/1475 266/997/1477
f 269/993/1478 1003/992/1479 1746/998/1480 1006/999/1481
f 1003/992/1469 247/894/1467 954/897/1482 1746/998/1480
f 1746/998/1480 954/897/1324 249/886/1483 1007/1000/1484
f 1006/999/1481 1746/998/1480 1007/1000/1485 267/1001/1486
f 250/876/1487 949/885/1309 1747/1002/1488 1008/1003/1489
f 949/885/1309 248/884/1320 1004/995/1476 1747/1002/1488
f 1747/1002/1490 1004/995/1472 266/997/1477 1009/1004/1491
f 1008/1003/1489 1747/1002/1488 1009/1004/1491 264/1005/1492
f 267/1001/1486 1007/1000/1484 1748/1006/1493 1010/1007/1494
f 1007/1000/1485 249/886/1311 950/889/1314 1748/1006/1495
f 1748/1006/1495 950/889/1314 251/878/1496 1011/1008/1497
f 1010/1007/1494 1748/1006/1495 1011/1008/1497 265/1009/1498
f 252/868/1277 945/877/1291 1749/1010/1499 1012/1011/1500
f 945/877/1291 250/876/1310 1008/1003/1489 1749/1010/1501
f 1749/1010/1501 1008/1003/1489 264/1005/1492 1013/1012/1502
f 1012/1011/1503 1749/1010/1499 1013/1012/1502 262/1013/1504
f 265/1009/1498 1011/1008/1497 1750/1014/1505 1014/1015/1506
f 1011/1008/1497 251/878/1496 946/881/1297 1750/1014/1507
f 1750/1014/1507 946/881/1297 253/870/1280 1015/1016/1508
f 1014/1015/1506 1750/1014/1507 1015/1016/1509 263/1017/1510
f 234/841/1240 941/869/1278 1751/1018/1511 1016/1019/1512
f 941/869/1279 252/868/1513 1012/1011/1503 1751/1018/1514
f 1751/1018/1514 1012/1011/1500 262/1013/1504 1017/1020/1515
f 1016/1019/1512 1751/1018/1511 1017/1020/1515 280/1021/1516
f 263/1017/1510 1015/1016/1508 1752/1022/1517 1018/1023/1518
f 1015/1016/1508 253/870/1519 942/873/1283 1752/1022/1517
f 1752/1022/1520 942/873/1283 235/844/1243 1019/1024/1521
f 1018/1023/1518 1752/1022/1520 1019/1024/1521 281/1025/1522
f 256/861/1523 937/860/1266 1753/1026/1524 979/944/1400
f 937/860/1266 254/853/1254 1020/1027/1525 1753/1026/1524
f 1753/1026/1524 1020/1027/1525 260/1028/1526 1021/1029/1527
f 979/944/1528 1753/1026/1524 1021/1029/1527 258/945/1402
f 261/1030/1529 1023/1031/1530 1754/1032/1531 1022/1033/1532
f 1023/1031/1533 255/857/1262 938/863/1269 1754/1032/1531
f 1754/1032/1531 938/863/1269 257/865/1272 982/949/1534
f 1022/1033/1535 1754/1032/1531 982/949/1536 259/948/1405
f 254/853/1254 933/852/1252 1755/1034/1537 1020/1027/1525
f 933/852/1252 232/843/1538 1024/1035/1539 1755/1034/1537
f 1755/1034/1537 1024/1035/1539 282/1036/1540 1025/1037/1541
f 1020/1027/1542 1755/1034/1543 1025/1037/1544 260/1028/1526
f 283/1038/1545 1027/1039/1546 1756/1040/1547 1026/1041/1548
f 1027/1039/1549 233/849/1248 934/855/1257 1756/1040/1547
f 1756/1040/1547 934/855/1257 255/857/1262 1023/1031/1533
f 1026/1041/1548 1756/1040/1550 1023/1031/1530 261/1030/1529
f 232/843/1538 928/842/1241 1757/1042/1551 1024/1035/1552
f 928/842/1241 234/841/1240 1016/1019/1553 1757/1042/1551
f 1757/1042/1551 1016/1019/1512 280/1021/1516 1028/1043/1554
f 1024/1035/1555 1757/1042/1551 1028/1043/1554 282/1036/1540
f 281/1025/1556 1019/1024/1521 1758/1044/1557 1029/1045/1558
f 1019/1024/1521 235/844/1243 929/847/1246 1758/1044/1557
f 1758/1044/1557 929/847/1246 233/849/1248 1027/1039/1546
f 1029/1045/1558 1758/1044/1557 1027/1039/1546 283/1038/1545
f 67/438/619 723/436/617 1759/1046/1559 1030/1047/1560
f 723/436/617 108/426/602 1031/1048/1561 1759/1046/1559
f 1759/1046/1559 1031/1048/1561 284/1049/1562 1032/1050/1563
f 1030/1047/1560 1759/1046/1559 1032/1050/1563 73/1051/1564
f 285/1052/1565 1034/1053/1566 1760/1054/1567 1033/1055/1568
f 1034/1053/1566 109/434/613 727/444/625 1760/1054/1567
f 1760/1054/1567 727/444/625 67/438/619 1030/1047/1560
f 1033/1055/1568 1760/1054/1567 1030/1047/1560 73/1051/1564
f 108/426/602 717/424/600 1761/1056/1569 1031/1048/1561
f 717/424/600 106/414/599 1035/1057/1570 1761/1056/1569
f 1761/1056/1569 1035/1057/1570 286/1058/1571 1036/1059/1572
f 1031/1048/1561 1761/1056/1569 1036/1059/1572 284/1049/1562
f 287/1060/1573 1038/1061/1574 1762/1062/1575 1037/1063/1576
f 1038/1061/1574 107/422/616 722/435/614 1762/1062/1575
f 1762/1062/1575 722/435/614 109/434/613 1034/1053/1566
f 1037/1063/1576 1762/1062/1575 1034/1053/1566 285/1052/1565
f 106/414/581 711/412/577 1763/1064/1577 1035/1057/1570
f 711/412/580 104/402/576 1039/1065/1578 1763/1064/1577
f 1763/1064/1579 1039/1065/1580 288/1066/1581 1040/1067/1582
f 1035/1057/1570 1763/1064/1579 1040/1067/1582 286/1058/1583
f 289/1068/1584 1042/1069/1585 1764/1070/1586 1041/1071/1587
f 1042/1069/1588 105/410/596 716/423/593 1764/1070/1589
f 1764/1070/1589 716/423/595 107/422/592 1038/1061/1574
f 1041/1071/1587 1764/1070/1586 1038/1061/1574 287/1060/1590
f 104/402/560 705/400/558 1765/1072/1591 1039/1065/1580
f 705/400/558 102/390/543 1043/1073/1592 1765/1072/1593
f 1765/1072/1593 1043/1073/1594 290/1074/1595 1044/1075/1596
f 1039/1065/1580 1765/1072/1597 1044/1075/1596 288/1066/1598
f 291/1076/1599 1046/1077/1600 1766/1078/1601 1045/1079/1602
f 1046/1077/1603 103/398/554 710/411/573 1766/1078/1604
f 1766/1078/1605 710/411/573 105/410/572 1042/1069/1585
f 1045/1079/1602 1766/1078/1606 1042/1069/1585 289/1068/1607
f 102/390/1608 699/388/541 1767/1080/1609 1043/1073/1610
f 699/388/1611 100/378/531 1047/1081/1612 1767/1080/1613
f 1767/1080/1609 1047/1081/1612 292/1082/1614 1048/1083/1615
f 1043/1073/1594 1767/1080/1609 1048/1083/1615 290/1074/1616
f 293/1084/1617 1050/1085/1618 1768/1086/1619 1049/1087/1620
f 1050/1085/1618 101/386/539 704/399/1621 1768/1086/1622
f 1768/1086/1619 704/399/555 103/398/1623 1046/1077/1624
f 1049/1087/1620 1768/1086/1619 1046/1077/1600 291/1076/1599
f 100/378/531 693/376/528 1769/1088/1625 1047/1081/1612
f 693/376/528 98/366/512 1051/1089/1626 1769/1088/1625
f 1769/1088/1625 1051/1089/1626 294/1090/1627 1052/1091/1628
f 1047/1081/1612 1769/1088/1625 1052/1091/1628 292/1082/1614
f 295/1092/1629 1054/1093/1630 1770/1094/1631 1053/1095/1632
f 1054/1093/1630 99/374/524 698/387/540 1770/1094/1631
f 1770/1094/1631 698/387/540 101/386/539 1050/1085/1618
f 1053/1095/1632 1770/1094/1631 1050/1085/1618 293/1084/1617
f 98/366/512 687/364/509 1771/1096/1633 1051/1089/1626
f 687/364/509 96/354/498 1055/1097/1634 1771/1096/1633
f 1771/1096/1635 1055/1097/1634 296/1098/1636 1056/1099/1637
f 1051/1089/1626 1771/1096/1633 1056/1099/1638 294/1090/1627
f 297/1100/1639 1058/1101/1640 1772/1102/1641 1057/1103/1642
f 1058/1101/1640 97/362/506 692/375/526 1772/1102/1643
f 1772/1102/1643 692/375/526 99/374/524 1054/1093/1630
f 1057/1103/1642 1772/1102/1643 1054/1093/1630 295/1092/1629
f 96/354/498 681/352/1644 1773/1104/1645 1055/1097/1634
f 681/352/495 94/342/483 1059/1105/1646 1773/1104/1645
f 1773/1104/1647 1059/1105/1648 298/1106/1649 1060/1107/1650
f 1055/1097/1634 1773/1104/1651 1060/1107/1650 296/1098/1636
f 299/1108/1652 1062/1109/1653 1774/1110/1654 1061/1111/1655
f 1062/1109/1656 95/350/492 686/363/507 1774/1110/1657
f 1774/1110/1657 686/363/1658 97/362/506 1058/1101/1640
f 1061/1111/1655 1774/1110/1659 1058/1101/1640 297/1100/1639
f 94/342/483 675/340/481 1775/1112/1660 1059/1105/1648
f 675/340/481 92/326/463 1063/1113/1661 1775/1112/1662
f 1775/1112/1660 1063/1113/1663 300/1114/1664 1064/1115/1665
f 1059/1105/1648 1775/1112/1662 1064/1115/1665 298/1106/1666
f 301/1116/1667 1066/1117/1668 1776/1118/1669 1065/1119/1670
f 1066/1117/1671 93/335/474 680/351/493 1776/1118/1672
f 1776/1118/1669 680/351/493 95/350/492 1062/1109/1673
f 1065/1119/1670 1776/1118/1672 1062/1109/1653 299/1108/1652
f 308/1120/1674 1068/1121/1675 1777/1122/1676 1067/1123/1677
f 1068/1121/1678 309/1124/1679 1069/1125/1680 1777/1122/1676
f 1777/1122/1676 1069/1125/1680 328/1126/1681 1070/1127/1682
f 1067/1123/1683 1777/1122/1684 1070/1127/1685 338/1128/1686
f 329/1129/1687 1072/1130/1688 1778/1131/1689 1071/1132/1690
f 1072/1130/1688 309/1133/1679 1068/1134/1678 1778/1131/1689
f 1778/1131/1689 1068/1134/1675 308/1135/1674 1073/1136/1691
f 1071/1132/1692 1778/1131/1693 1073/1136/1694 339/1137/1695
f 307/1138/1696 1075/1139/1697 1779/1140/1698 1074/1141/1699
f 1075/1139/1697 308/1120/1674 1067/1123/1677 1779/1140/1700
f 1779/1140/1698 1067/1123/1677 338/1128/1701 1076/1142/1702
f 1074/1141/1699 1779/1140/1698 1076/1142/1702 336/1143/1703
f 339/1137/1704 1073/1136/1691 1780/1144/1705 1077/1145/1706
f 1073/1136/1691 308/1135/1674 1075/1146/1697 1780/1144/1707
f 1780/1144/1705 1075/1146/1697 307/1147/1696 1078/1148/1708
f 1077/1145/1706 1780/1144/1705 1078/1148/1708 337/1149/1709
f 306/1150/1710 1080/1151/1711 1781/1152/1712 1079/1153/1713
f 1080/1151/1711 307/1138/1714 1074/1141/1715 1781/1152/1712
f 1781/1152/1716 1074/1141/1699 336/1143/1703 1081/1154/1717
f 1079/1153/1713 1781/1152/1712 1081/1154/1717 340/1155/1718
f 337/1149/1709 1078/1148/1708 1782/1156/1719 1082/1157/1720
f 1078/1148/1721 307/1147/1714 1080/1158/1711 1782/1156/1722
f 1782/1156/1722 1080/1158/1711 306/1150/1710 1083/1159/1723
f 1082/1157/1720 1782/1156/1722 1083/1159/1723 341/1160/1724
f 89/259/371 636/262/374 1783/1161/1725 1084/1162/1726
f 636/262/1727 91/267/380 1085/1163/1728 1783/1161/1729
f 1783/1161/1725 1085/1163/1728 306/1150/1710 1079/1153/1713
f 1084/1162/1726 1783/1161/1730 1079/1153/1713 340/1155/1731
f 306/1150/1710 1085/1163/1728 1784/1164/1732 1083/1159/1723
f 1085/1163/1728 91/267/380 642/273/1733 1784/1164/1734
f 1784/1164/1732 642/273/387 90/272/386 1086/1165/1735
f 1083/1159/1723 1784/1164/1736 1086/1165/1735 341/1160/1737
f 87/274/1738 643/277/397 1785/1166/1739 1087/1167/1740
f 643/277/391 89/259/371 1084/1162/1726 1785/1166/1739
f 1785/1166/1739 1084/1162/1726 340/1155/1718 1088/1168/1741
f 1087/1167/1740 1785/1166/1739 1088/1168/1742 334/1169/1743
f 341/1160/1724 1086/1165/1735 1786/1170/1744 1089/1171/1745
f 1086/1165/1735 90/272/386 648/285/406 1786/1170/1744
f 1786/1170/1744 648/285/407 88/284/1746 1090/1172/1747
f 1089/1171/1748 1786/1170/1744 1090/1172/1747 335/1173/1749
f 85/286/408 649/289/1750 1787/1174/1751 1091/1175/1752
f 649/289/415 87/274/1738 1087/1167/1740 1787/1174/1751
f 1787/1174/1751 1087/1167/1740 334/1169/1743 1092/1176/1753
f 1091/1175/1752 1787/1174/1754 1092/1176/1755 330/1177/1756
f 335/1173/1749 1090/1172/1747 1788/1178/1757 1093/1179/1758
f 1090/1172/1747 88/284/1746 654/297/424 1788/1178/1757
f 1788/1178/1757 654/297/1759 86/296/422 1094/1180/1760
f 1093/1179/1761 1788/1178/1762 1094/1180/1760 331/1181/1763
f 83/298/426 655/301/434 1789/1182/1764 1095/1183/1765
f 655/301/429 85/286/408 1091/1175/1752 1789/1182/1764
f 1789/1182/1764 1091/1175/1752 330/1177/1756 1096/1184/1766
f 1095/1183/1765 1789/1182/1764 1096/1184/1766 332/1185/1767
f 331/1181/1763 1094/1180/1760 1790/1186/1768 1097/1187/1769
f 1094/1180/1760 86/296/422 660/309/441 1790/1186/1768
f 1790/1186/1768 660/309/442 84/308/440 1098/1188/1770
f 1097/1187/1769 1790/1186/1768 1098/1188/1770 333/1189/1771
f 330/1177/1756 1099/1190/1772 1791/1191/1773 1096/1184/1766
f 1099/1190/1772 336/1143/1703 1076/1142/1702 1791/1191/1773
f 1791/1191/1773 1076/1142/1702 338/1128/1686 1100/1192/1774
f 1096/1184/1775 1791/1191/1773 1100/1192/1774 332/1185/1767
f 339/1137/1695 1077/1145/1706 1792/1193/1776 1101/1194/1777
f 1077/1145/1706 337/1149/1709 1102/1195/1778 1792/1193/1776
f 1792/1193/1776 1102/1195/1778 331/1181/1763 1097/1187/1769
f 1101/1194/1777 1792/1193/1776 1097/1187/1779 333/1189/1771
f 330/1177/1756 1092/1176/1755 1793/1196/1780 1099/1190/1772
f 1092/1176/1753 334/1169/1743 1088/1168/1741 1793/1196/1780
f 1793/1196/1780 1088/1168/1741 340/1155/1781 1081/1154/1717
f 1099/1190/1772 1793/1196/1780 1081/1154/1717 336/1143/1703
f 341/1160/1782 1089/1171/1745 1794/1197/1783 1082/1157/1720
f 1089/1171/1745 335/1173/1749 1093/1179/1758 1794/1197/1783
f 1794/1197/1783 1093/1179/1761 331/1181/1763 1102/1195/1778
f 1082/1157/1720 1794/1197/1783 1102/1195/1778 337/1149/1709
f 326/1198/1784 1104/1199/1785 1795/1200/1786 1103/1201/1787
f 1104/1199/1788 332/1185/1767 1100/1192/1774 1795/1200/1786
f 1795/1200/1786 1100/1192/1774 338/1128/1686 1070/1127/1685
f 1103/1201/1789 1795/1200/1786 1070/1127/1685 328/1126/1681
f 339/1137/1695 1101/1194/1777 1796/1202/1790 1071/1132/1791
f 1101/1194/1777 333/1189/1771 1105/1203/1792 1796/1202/1790
f 1796/1202/1790 1105/1203/1793 327/1204/1794 1106/1205/1795
f 1071/1132/1692 1796/1202/1790 1106/1205/1796 329/1129/1687
f 81/310/443 661/313/446 1797/1206/1797 1107/1207/1798
f 661/313/446 83/298/426 1095/1183/1765 1797/1206/1799
f 1797/1206/1799 1095/1183/1765 332/1185/1767 1104/1199/1788
f 1107/1207/1798 1797/1206/1799 1104/1199/1800 326/1198/1801
f 333/1189/1771 1098/1188/1770 1798/1208/1802 1105/1203/1792
f 1098/1188/1770 84/308/440 666/321/457 1798/1208/1802
f 1798/1208/1803 666/321/457 82/320/456 1108/1209/1804
f 1105/1203/1793 1798/1208/1802 1108/1209/1804 327/1204/1805
f 209/749/1806 1109/1210/1807 1799/1211/1808 885/755/1098
f 1109/1210/1807 342/1212/1809 1110/1213/1810 1799/1211/1808
f 1799/1211/1808 1110/1213/1810 344/1214/1811 1111/1215/1812
f 885/755/1813 1799/1211/1814 1111/1215/1812 215/757/1111
f 345/1216/1815 1113/1217/1816 1800/1218/1817 1112/1219/1818
f 1113/1217/1819 343/1220/1820 1114/1221/1821 1800/1218/1817
f 1800/1218/1817 1114/1221/1821 210/753/1822 888/762/1107
f 1112/1219/1818 1800/1218/1823 888/762/1824 216/761/1115
f 81/310/443 1107/1207/1825 1801/1222/1826 881/747/1083
f 1107/1207/1798 326/1198/1784 1115/1223/1827 1801/1222/1826
f 1801/1222/1826 1115/1223/1827 342/1212/1809 1109/1210/1807
f 881/747/1083 1801/1222/1826 1109/1210/1807 209/749/1084
f 343/1220/1820 1116/1224/1828 1802/1225/1829 1114/1221/1821
f 1116/1224/1828 327/1204/1794 1108/1209/1804 1802/1225/1829
f 1802/1225/1829 1108/1209/1830 82/320/456 884/754/1093
f 1114/1221/1821 1802/1225/1829 884/754/1093 210/753/1092
f 79/322/459 889/764/1109 1803/1226/1831 1117/1227/1832
f 889/764/1833 215/757/1111 1111/1215/1812 1803/1226/1831
f 1803/1226/1831 1111/1215/1812 344/1214/1834 1118/1228/1835
f 1117/1227/1836 1803/1226/1831 1118/1228/1837 346/1229/1838
f 345/1216/1839 1112/1219/1818 1804/1230/1840 1119/1231/1841
f 1112/1219/1818 216/761/1115 890/766/1842 1804/1230/1840
f 1804/1230/1840 890/766/1114 80/337/477 1120/1232/1843
f 1119/1231/1844 1804/1230/1840 1120/1232/1845 347/1233/1846
f 79/322/1847 1117/1227/1836 1805/1234/1848 668/323/460
f 1117/1227/1836 346/1229/1838 1121/1235/1849 1805/1234/1850
f 1805/1234/1848 1121/1235/1849 300/1114/1851 1063/1113/1663
f 668/323/460 1805/1234/1848 1063/1113/1852 92/326/463
f 301/1116/1853 1122/1236/1854 1806/1237/1855 1066/1117/1668
f 1122/1236/1854 347/1233/1846 1120/1232/1845 1806/1237/1856
f 1806/1237/1855 1120/1232/1845 80/337/1857 673/336/475
f 1066/1117/1858 1806/1237/1855 673/336/475 93/335/474
f 77/1238/1859 1124/1239/1860 1807/1240/1861 1123/1241/1862
f 1124/1239/1860 324/1242/1863 1125/1243/1864 1807/1240/1865
f 1807/1240/1866 1125/1243/1864 352/1244/1867 1126/1245/1868
f 1123/1241/1862 1807/1240/1865 1126/1245/1868 304/1246/1869
f 353/1247/1870 1128/1248/1871 1808/1249/1872 1127/1250/1873
f 1128/1248/1871 325/1251/1874 1129/1252/1875 1808/1249/1876
f 1808/1249/1877 1129/1252/1875 77/1253/1859 1123/1254/1862
f 1127/1250/1873 1808/1249/1876 1123/1254/1862 304/1255/1869
f 304/1246/1869 1126/1245/1878 1809/1256/1879 1130/1257/1880
f 1126/1245/1868 352/1244/1867 1131/1258/1881 1809/1256/1879
f 1809/1256/1882 1131/1258/1881 350/1259/1883 1132/1260/1884
f 1130/1257/1880 1809/1256/1879 1132/1260/1885 78/1261/1886
f 351/1262/1887 1134/1263/1888 1810/1264/1889 1133/1265/1890
f 1134/1263/1888 353/1247/1870 1127/1250/1873 1810/1264/1891
f 1810/1264/1891 1127/1250/1892 304/1255/1869 1130/1266/1880
f 1133/1265/1893 1810/1264/1891 1130/1266/1880 78/1267/1886
f 78/1261/1886 1132/1260/1884 1811/1268/1894 1135/1269/1895
f 1132/1260/1884 350/1259/1883 1136/1270/1896 1811/1268/1894
f 1811/1268/1894 1136/1270/1897 348/1271/1898 1137/1272/1899
f 1135/1269/1895 1811/1268/1894 1137/1272/1899 305/1273/1900
f 349/1274/1901 1139/1275/1902 1812/1276/1903 1138/1277/1904
f 1139/1275/1905 351/1262/1887 1133/1265/1890 1812/1276/1903
f 1812/1276/1903 1133/1265/1890 78/1267/1886 1135/1278/1895
f 1138/1277/1904 1812/1276/1903 1135/1278/1895 305/1279/1900
f 305/1273/1900 1137/1272/1899 1813/1280/1906 1140/1281/1907
f 1137/1272/1899 348/1271/1898 1141/1282/1908 1813/1280/1909
f 1813/1280/1906 1141/1282/1908 328/1126/1910 1069/1125/1911
f 1140/1281/1907 1813/1280/1909 1069/1125/1680 309/1124/1679
f 329/1129/1912 1142/1283/1913 1814/1284/1914 1072/1130/1915
f 1142/1283/1913 349/1274/1901 1138/1277/1904 1814/1284/1916
f 1814/1284/1914 1138/1277/1904 305/1279/1900 1140/1285/1907
f 1072/1130/1688 1814/1284/1916 1140/1285/1907 309/1133/1679
f 326/1198/1917 1103/1201/1918 1815/1286/1919 1115/1223/1827
f 1103/1201/1789 328/1126/1681 1141/1282/1908 1815/1286/1920
f 1815/1286/1920 1141/1282/1908 348/1271/1898 1143/1287/1921
f 1115/1223/1827 1815/1286/1920 1143/1287/1922 342/1212/1809
f 349/1274/1901 1142/1283/1913 1816/1288/1923 1144/1289/1924
f 1142/1283/1913 329/1129/1687 1106/1205/1796 1816/1288/1923
f 1816/1288/1925 1106/1205/1926 327/1204/1927 1116/1224/1828
f 1144/1289/1928 1816/1288/1923 1116/1224/1828 343/1220/1820
f 296/1098/1636 1060/1107/1650 1817/1290/1929 1145/1291/1930
f 1060/1107/1650 298/1106/1666 1146/1292/1931 1817/1290/1929
f 1817/1290/1929 1146/1292/1931 318/1293/1932 1147/1294/1933
f 1145/1291/1930 1817/1290/1929 1147/1294/1933 310/1295/1934
f 319/1296/1935 1149/1297/1936 1818/1298/1937 1148/1299/1938
f 1149/1297/1936 299/1108/1939 1061/1111/1655 1818/1298/1937
f 1818/1298/1937 1061/1111/1655 297/1100/1639 1150/1300/1940
f 1148/1299/1938 1818/1298/1937 1150/1300/1940 311/1301/1941
f 76/1302/1942 1152/1303/1943 1819/1304/1944 1151/1305/1945
f 1152/1303/1943 316/1306/1946 1153/1307/1947 1819/1304/1944
f 1819/1304/1944 1153/1307/1947 324/1242/1863 1124/1239/1860
f 1151/1305/1945 1819/1304/1944 1124/1239/1860 77/1238/1859
f 325/1251/1874 1154/1308/1948 1820/1309/1949 1129/1252/1875
f 1154/1308/1948 317/1310/1950 1155/1311/1951 1820/1309/1949
f 1820/1309/1949 1155/1311/1951 76/1312/1942 1151/1313/1945
f 1129/1252/1875 1820/1309/1949 1151/1313/1945 77/1253/1859
f 302/1314/1952 1157/1315/1953 1821/1316/1954 1156/1317/1955
f 1157/1315/1953 358/1318/1956 1158/1319/1957 1821/1316/1954
f 1821/1316/1954 1158/1319/1958 356/1320/1959 1159/1321/1960
f 1156/1317/1955 1821/1316/1954 1159/1321/1961 303/1322/1962
f 357/1323/1963 1161/1324/1964 1822/1325/1965 1160/1326/1966
f 1161/1324/1967 359/1327/1968 1162/1328/1969 1822/1325/1965
f 1822/1325/1965 1162/1328/1969 302/1329/1952 1156/1330/1955
f 1160/1326/1970 1822/1325/1965 1156/1330/1955 303/1331/1962
f 303/1322/1962 1159/1321/1961 1823/1332/1971 1163/1333/1972
f 1159/1321/1961 356/1320/1959 1164/1334/1973 1823/1332/1971
f 1823/1332/1971 1164/1334/1973 354/1335/1974 1165/1336/1975
f 1163/1333/1976 1823/1332/1971 1165/1336/1975 75/1337/1977
f 355/1338/1978 1167/1339/1979 1824/1340/1980 1166/1341/1981
f 1167/1339/1979 357/1323/1963 1160/1326/1970 1824/1340/1980
f 1824/1340/1980 1160/1326/1970 303/1331/1962 1163/1342/1972
f 1166/1341/1981 1824/1340/1980 1163/1342/1976 75/1343/1977
f 75/1337/1982 1165/1336/1975 1825/1344/1983 1168/1345/1984
f 1165/1336/1975 354/1335/1974 1169/1346/1985 1825/1344/1983
f 1825/1344/1983 1169/1346/1985 316/1306/1946 1152/1303/1943
f 1168/1345/1984 1825/1344/1983 1152/1303/1943 76/1302/1942
f 317/1310/1950 1170/1347/1986 1826/1348/1987 1155/1311/1951
f 1170/1347/1986 355/1338/1978 1166/1341/1981 1826/1348/1987
f 1826/1348/1987 1166/1341/1981 75/1343/1982 1168/1349/1984
f 1155/1311/1951 1826/1348/1987 1168/1349/1984 76/1312/1942
f 292/1350/1614 1052/1351/1628 1827/1352/1988 1171/1353/1989
f 1052/1351/1628 294/1090/1627 1172/1354/1990 1827/1352/1988
f 1827/1352/1988 1172/1354/1990 362/1355/1991 1173/1356/1992
f 1171/1353/1989 1827/1352/1988 1173/1356/1993 364/1357/1994
f 363/1358/1995 1175/1359/1996 1828/1360/1997 1174/1361/1998
f 1175/1359/1996 295/1092/1629 1053/1362/1632 1828/1360/1997
f 1828/1360/1997 1053/1362/1632 293/1363/1617 1176/1364/1999
f 1174/1361/2000 1828/1360/1997 1176/1364/1999 365/1365/2001
f 364/1357/1994 1173/1356/1993 1829/1366/2002 1177/1367/2003
f 1173/1356/1992 362/1355/1991 1178/1368/2004 1829/1366/2002
f 1829/1366/2002 1178/1368/2004 368/1369/2005 1179/1370/2006
f 1177/1367/2003 1829/1366/2002 1179/1370/2006 366/1371/2007
f 369/1372/2008 1181/1373/2009 1830/1374/2010 1180/1375/2011
f 1181/1373/2009 363/1358/1995 1174/1361/1998 1830/1374/2010
f 1830/1374/2010 1174/1361/2000 365/1365/2001 1182/1376/2012
f 1180/1375/2011 1830/1374/2010 1182/1376/2012 367/1377/2013
f 366/1371/2007 1179/1370/2014 1831/1378/2015 1183/1379/2016
f 1179/1370/2006 368/1369/2005 1184/1380/2017 1831/1378/2015
f 1831/1378/2015 1184/1380/2018 370/1381/2019 1185/1382/2020
f 1183/1379/2021 1831/1378/2015 1185/1382/2020 372/1383/2022
f 371/1384/2023 1187/1385/2024 1832/1386/2025 1186/1387/2026
f 1187/1385/2027 369/1372/2008 1180/1375/2011 1832/1386/2025
f 1832/1386/2025 1180/1375/2028 367/1377/2013 1188/1388/2029
f 1186/1387/2026 1832/1386/2025 1188/1388/2030 373/1389/2031
f 372/1383/2022 1185/1382/2020 1833/1390/2032 1189/1391/2033
f 1185/1382/2020 370/1381/2019 1190/1392/2034 1833/1390/2035
f 1833/1390/2035 1190/1392/2034 376/1393/2036 1191/1394/2037
f 1189/1391/2033 1833/1390/2032 1191/1394/2038 374/1395/2039
f 377/1396/2040 1193/1397/2041 1834/1398/2042 1192/1399/2043
f 1193/1397/2041 371/1384/2023 1186/1387/2026 1834/1398/2042
f 1834/1398/2044 1186/1387/2026 373/1389/2031 1194/1400/2045
f 1192/1399/2046 1834/1398/2044 1194/1400/2045 375/1401/2047
f 314/1402/2048 1196/1403/2049 1835/1404/2050 1195/1405/2051
f 1196/1403/2052 378/1406/2053 1197/1407/2054 1835/1404/2050
f 1835/1404/2055 1197/1407/2054 374/1395/2039 1191/1394/2038
f 1195/1405/2056 1835/1404/2050 1191/1394/2038 376/1393/2036
f 375/1401/2047 1198/1408/2057 1836/1409/2058 1192/1399/2046
f 1198/1408/2057 379/1410/2059 1199/1411/2060 1836/1409/2061
f 1836/1409/2061 1199/1411/2062 315/1412/2063 1200/1413/2064
f 1192/1399/2046 1836/1409/2061 1200/1413/2065 377/1396/2040
f 316/1306/2066 1169/1346/1985 1837/1414/2067 1201/1415/2068
f 1169/1346/1985 354/1335/1974 1202/1416/2069 1837/1414/2067
f 1837/1414/2067 1202/1416/2069 374/1395/2039 1197/1407/2054
f 1201/1415/2068 1837/1414/2067 1197/1407/2070 378/1406/2053
f 375/1401/2047 1203/1417/2071 1838/1418/2072 1198/1408/2057
f 1203/1417/2071 355/1338/1978 1170/1347/1986 1838/1418/2072
f 1838/1418/2072 1170/1347/1986 317/1310/2073 1204/1419/2074
f 1198/1408/2075 1838/1418/2072 1204/1419/2074 379/1410/2059
f 354/1335/1974 1164/1334/1973 1839/1420/2076 1202/1416/2069
f 1164/1334/1973 356/1320/1959 1205/1421/2077 1839/1420/2076
f 1839/1420/2076 1205/1421/2077 372/1383/2022 1189/1391/2078
f 1202/1416/2069 1839/1420/2076 1189/1391/2033 374/1395/2039
f 373/1389/2031 1206/1422/2079 1840/1423/2080 1194/1400/2081
f 1206/1422/2079 357/1323/1963 1167/1339/1979 1840/1423/2080
f 1840/1423/2080 1167/1339/1979 355/1338/1978 1203/1417/2071
f 1194/1400/2045 1840/1423/2080 1203/1417/2071 375/1401/2047
f 356/1320/1959 1158/1319/1957 1841/1424/2082 1205/1421/2077
f 1158/1319/1958 358/1318/2083 1207/1425/2084 1841/1424/2085
f 1841/1424/2082 1207/1425/2086 366/1371/2007 1183/1379/2016
f 1205/1421/2087 1841/1424/2082 1183/1379/2016 372/1383/2022
f 367/1377/2013 1208/1426/2088 1842/1427/2089 1188/1388/2029
f 1208/1426/2090 359/1327/2091 1161/1324/1964 1842/1427/2092
f 1842/1427/2089 1161/1324/1967 357/1323/1963 1206/1422/2079
f 1188/1388/2029 1842/1427/2089 1206/1422/2093 373/1389/2031
f 358/1318/2083 1209/1428/2094 1843/1429/2095 1207/1425/2096
f 1209/1428/2097 360/1430/2098 1210/1431/2099 1843/1429/2095
f 1843/1429/2095 1210/1431/2099 364/1357/1994 1177/1367/2003
f 1207/1425/2100 1843/1429/2095 1177/1367/2003 366/1371/2007
f 365/1365/2001 1211/1432/2101 1844/1433/2102 1182/1376/2012
f 1211/1432/2101 361/1434/2103 1212/1435/2104 1844/1433/2102
f 1844/1433/2102 1212/1435/2105 359/1327/2091 1208/1426/2106
f 1182/1376/2012 1844/1433/2102 1208/1426/2107 367/1377/2013
f 290/1436/1616 1048/1437/1615 1845/1438/2108 1213/1439/2109
f 1048/1437/1615 292/1350/1614 1171/1353/2110 1845/1438/2108
f 1845/1438/2108 1171/1353/1989 364/1357/1994 1210/1431/2111
f 1213/1439/2109 1845/1438/2108 1210/1431/2099 360/1430/2112
f 365/1365/2001 1176/1364/1999 1846/1440/2113 1211/1432/2101
f 1176/1364/2114 293/1363/1617 1049/1441/1620 1846/1440/2113
f 1846/1440/2113 1049/1441/1620 291/1442/1599 1214/1443/2115
f 1211/1432/2101 1846/1440/2113 1214/1443/2115 361/1434/2116
f 74/1444/2117 1216/1445/2118 1847/1446/2119 1215/1447/2120
f 1216/1445/2118 360/1430/2112 1209/1428/2094 1847/1446/2119
f 1847/1446/2119 1209/1428/2097 358/1318/2083 1157/1315/1953
f 1215/1447/2120 1847/1446/2119 1157/1315/1953 302/1314/1952
f 359/1327/2091 1212/1435/2104 1848/1448/2121 1162/1328/1969
f 1212/1435/2105 361/1434/2116 1217/1449/2122 1848/1448/2121
f 1848/1448/2121 1217/1449/2122 74/1450/2117 1215/1451/2120
f 1162/1328/1969 1848/1448/2121 1215/1451/2120 302/1329/1952
f 284/1452/2123 1036/1453/1572 1849/1454/2124 1218/1455/2125
f 1036/1453/2126 286/1456/1571 1040/1457/1582 1849/1454/2124
f 1849/1454/2127 1040/1457/1582 288/1458/1581 1044/1459/1596
f 1218/1455/2128 1849/1454/2124 1044/1459/1596 290/1436/1616
f 289/1460/1584 1041/1461/1587 1850/1462/2129 1045/1463/1602
f 1041/1461/1587 287/1464/1573 1037/1465/2130 1850/1462/2131
f 1850/1462/2131 1037/1465/1576 285/1466/2132 1219/1467/2133
f 1045/1463/1602 1850/1462/2129 1219/1467/2134 291/1442/1599
f 284/1452/1562 1218/1455/2128 1851/1468/2135 1220/1469/2136
f 1218/1455/2125 290/1436/1616 1213/1439/2109 1851/1468/2135
f 1851/1468/2135 1213/1439/2109 360/1430/2112 1216/1445/2137
f 1220/1469/2136 1851/1468/2135 1216/1445/2137 74/1444/2117
f 361/1434/2116 1214/1443/2115 1852/1470/2138 1217/1449/2139
f 1214/1443/2115 291/1442/1599 1219/1467/2134 1852/1470/2138
f 1852/1470/2138 1219/1467/2134 285/1466/1565 1221/1471/2140
f 1217/1449/2139 1852/1470/2138 1221/1471/2140 74/1450/2117
f 73/1472/1564 1032/1473/1563 1853/1474/2141 1222/1475/2142
f 284/1452/1562 1220/1469/2143 1853/1474/2141 1032/1473/1563
f 74/1444/2117 1222/1475/2142 1853/1474/2144 1220/1469/2143
f 74/1450/2117 1221/1471/2145 1854/1476/2146 1222/1477/2142
f 285/1466/1565 1033/1478/1568 1854/1476/2146 1221/1471/2145
f 73/1479/1564 1222/1477/2142 1854/1476/2146 1033/1478/1568
f 294/1090/1627 1056/1099/1637 1855/1480/2147 1172/1354/1990
f 1056/1099/1637 296/1098/1636 1145/1291/1930 1855/1480/2147
f 1855/1480/2147 1145/1291/1930 310/1295/1934 1223/1481/2148
f 1172/1354/1990 1855/1480/2149 1223/1481/2148 362/1355/1991
f 311/1301/1941 1150/1300/1940 1856/1482/2150 1224/1483/2151
f 1150/1300/1940 297/1100/1639 1057/1103/1642 1856/1482/2150
f 1856/1482/2150 1057/1103/1642 295/1092/1629 1175/1359/1996
f 1224/1483/2151 1856/1482/2152 1175/1359/1996 363/1358/1995
f 310/1295/2153 1225/1484/2154 1857/1485/2155 1223/1481/2148
f 1225/1484/2156 312/1486/2157 1226/1487/2158 1857/1485/2155
f 1857/1485/2155 1226/1487/2158 368/1369/2005 1178/1368/2159
f 1223/1481/2148 1857/1485/2155 1178/1368/2004 362/1355/1991
f 369/1372/2008 1227/1488/2160 1858/1489/2161 1181/1373/2162
f 1227/1488/2160 313/1490/2163 1228/1491/2164 1858/1489/2161
f 1858/1489/2161 1228/1491/2165 311/1301/2166 1224/1483/2151
f 1181/1373/2009 1858/1489/2161 1224/1483/2151 363/1358/1995
f 312/1486/2167 1229/1492/2168 1859/1493/2169 1226/1487/2158
f 1229/1492/2168 382/1494/2170 1230/1495/2171 1859/1493/2172
f 1859/1493/2169 1230/1495/2171 370/1381/2019 1184/1380/2018
f 1226/1487/2158 1859/1493/2172 1184/1380/2018 368/1369/2005
f 371/1384/2023 1231/1496/2173 1860/1497/2174 1187/1385/2024
f 1231/1496/2173 383/1498/2175 1232/1499/2176 1860/1497/2177
f 1860/1497/2174 1232/1499/2176 313/1490/2178 1227/1488/2160
f 1187/1385/2024 1860/1497/2177 1227/1488/2160 369/1372/2008
f 314/1402/2048 1195/1405/2056 1861/1500/2179 1233/1501/2180
f 1195/1405/2051 376/1393/2181 1190/1392/2034 1861/1500/2179
f 1861/1500/2179 1190/1392/2034 370/1381/2019 1230/1495/2171
f 1233/1501/2180 1861/1500/2179 1230/1495/2182 382/1494/2170
f 371/1384/2023 1193/1397/2041 1862/1502/2183 1231/1496/2173
f 1193/1397/2041 377/1396/2040 1200/1413/2064 1862/1502/2183
f 1862/1502/2183 1200/1413/2065 315/1412/2063 1234/1503/2184
f 1231/1496/2185 1862/1502/2183 1234/1503/2184 383/1498/2175
f 348/1271/2186 1136/1270/1897 1863/1504/2187 1235/1505/2188
f 1136/1270/1896 350/1259/1883 1236/1506/2189 1863/1504/2187
f 1863/1504/2187 1236/1506/2189 386/1507/2190 1237/1508/2191
f 1235/1505/2188 1863/1504/2187 1237/1508/2192 384/1509/2193
f 387/1510/2194 1239/1511/2195 1864/1512/2196 1238/1513/2197
f 1239/1511/2195 351/1262/1887 1139/1275/1905 1864/1512/2196
f 1864/1512/2196 1139/1275/1902 349/1274/2198 1240/1514/2199
f 1238/1513/2200 1864/1512/2196 1240/1514/2199 385/1515/2201
f 318/1293/1932 1242/1516/2202 1865/1517/2203 1241/1518/2204
f 1242/1516/2202 384/1509/2205 1237/1508/2192 1865/1517/2203
f 1865/1517/2203 1237/1508/2192 386/1507/2190 1243/1519/2206
f 1241/1518/2207 1865/1517/2203 1243/1519/2206 320/1520/2208
f 387/1510/2194 1238/1513/2200 1866/1521/2209 1244/1522/2210
f 1238/1513/2200 385/1515/2211 1245/1523/2212 1866/1521/2209
f 1866/1521/2209 1245/1523/2212 319/1296/1935 1246/1524/2213
f 1244/1522/2210 1866/1521/2209 1246/1524/2214 321/1525/2215
f 298/1106/1649 1064/1115/1665 1867/1526/2216 1146/1292/1931
f 1064/1115/1665 300/1114/1851 1247/1527/2217 1867/1526/2216
f 1867/1526/2216 1247/1527/2218 384/1509/2205 1242/1516/2219
f 1146/1292/1931 1867/1526/2216 1242/1516/2220 318/1293/1932
f 385/1515/2211 1248/1528/2221 1868/1529/2222 1245/1523/2223
f 1248/1528/2224 301/1116/1853 1065/1119/1670 1868/1529/2222
f 1868/1529/2222 1065/1119/1670 299/1108/1652 1149/1297/1936
f 1245/1523/2225 1868/1529/2222 1149/1297/1936 319/1296/1935
f 300/1114/1851 1249/1530/2226 1869/1531/2227 1247/1527/2217
f 1249/1530/2226 344/1214/1834 1110/1213/1810 1869/1531/2228
f 1869/1531/2228 1110/1213/1810 342/1212/2229 1250/1532/2230
f 1247/1527/2217 1869/1531/2231 1250/1532/2230 384/1509/2193
f 343/1220/2232 1113/1217/1819 1870/1533/2233 1251/1534/2234
f 1113/1217/1819 345/1216/1839 1252/1535/2235 1870/1533/2233
f 1870/1533/2236 1252/1535/2235 301/1116/1853 1248/1528/2224
f 1251/1534/2234 1870/1533/2237 1248/1528/2224 385/1515/2201
f 342/1212/2229 1143/1287/1921 1871/1536/2238 1250/1532/2239
f 348/1271/1898 1235/1505/2188 1871/1536/2240 1143/1287/1922
f 384/1509/2193 1250/1532/2239 1871/1536/2240 1235/1505/2188
f 385/1515/2201 1240/1514/2199 1872/1537/2241 1251/1534/2242
f 349/1274/1901 1144/1289/1928 1872/1537/2241 1240/1514/2199
f 343/1220/2232 1251/1534/2242 1872/1537/2243 1144/1289/1924
f 300/1114/2244 1121/1235/1849 1873/1538/2245 1249/1530/2226
f 346/1229/1838 1118/1228/1835 1873/1538/2246 1121/1235/1849
f 344/1214/1811 1249/1530/2226 1873/1538/2246 1118/1228/1837
f 345/1216/1815 1119/1231/1844 1874/1539/2247 1252/1535/2235
f 347/1233/1846 1122/1236/1854 1874/1539/2247 1119/1231/1841
f 301/1116/2248 1252/1535/2235 1874/1539/2249 1122/1236/1854
f 314/1402/2048 1253/1540/2250 1875/1541/2251 1196/1403/2049
f 1253/1540/2250 322/1542/2252 1254/1543/2253 1875/1541/2251
f 1875/1541/2251 1254/1543/2253 380/1544/2254 1255/1545/2255
f 1196/1403/2049 1875/1541/2251 1255/1545/2255 378/1406/2053
f 381/1546/2256 1257/1547/2257 1876/1548/2258 1256/1549/2259
f 1257/1547/2257 323/1550/2260 1258/1551/2261 1876/1548/2258
f 1876/1548/2262 1258/1551/2261 315/1412/2063 1199/1411/2062
f 1256/1549/2259 1876/1548/2258 1199/1411/2062 379/1410/2059
f 316/1306/1946 1201/1415/2068 1877/1552/2263 1153/1307/1947
f 1201/1415/2068 378/1406/2053 1255/1545/2255 1877/1552/2263
f 1877/1552/2263 1255/1545/2255 380/1544/2264 1259/1553/2265
f 1153/1307/2266 1877/1552/2263 1259/1553/2265 324/1242/1863
f 381/1546/2267 1256/1549/2259 1878/1554/2268 1260/1555/2269
f 1256/1549/2259 379/1410/2059 1204/1419/2074 1878/1554/2268
f 1878/1554/2268 1204/1419/2074 317/1310/1950 1154/1308/1948
f 1260/1555/2269 1878/1554/2268 1154/1308/2270 325/1251/1874
f 320/1520/2271 1243/1519/2206 1879/1556/2272 1261/1557/2273
f 1243/1519/2206 386/1507/2190 1262/1558/2274 1879/1556/2275
f 1879/1556/2275 1262/1558/2274 380/1544/2276 1254/1543/2253
f 1261/1557/2273 1879/1556/2277 1254/1543/2253 322/1542/2252
f 381/1546/2278 1263/1559/2279 1880/1560/2280 1257/1547/2257
f 1263/1559/2279 387/1510/2194 1244/1522/2210 1880/1560/2280
f 1880/1560/2281 1244/1522/2210 321/1525/2282 1264/1561/2283
f 1257/1547/2257 1880/1560/2284 1264/1561/2283 323/1550/2260
f 350/1259/1883 1131/1258/1881 1881/1562/2285 1236/1506/2189
f 1131/1258/1881 352/1244/1867 1265/1563/2286 1881/1562/2287
f 1881/1562/2285 1265/1563/2288 380/1544/2264 1262/1558/2274
f 1236/1506/2189 1881/1562/2285 1262/1558/2274 386/1507/2190
f 381/1546/2267 1266/1564/2289 1882/1565/2290 1263/1559/2279
f 1266/1564/2291 353/1247/1870 1134/1263/1888 1882/1565/2292
f 1882/1565/2292 1134/1263/1888 351/1262/1887 1239/1511/2195
f 1263/1559/2279 1882/1565/2290 1239/1511/2195 387/1510/2194
f 324/1242/1863 1259/1553/2265 1883/1566/2293 1125/1243/1864
f 380/1544/2276 1265/1563/2288 1883/1566/2293 1259/1553/2265
f 352/1244/1867 1125/1243/1864 1883/1566/2293 1265/1563/2288
f 353/1247/1870 1266/1564/2289 1884/1567/2294 1128/1248/1871
f 381/1546/2278 1260/1555/2269 1884/1567/2294 1266/1564/2289
f 325/1251/1874 1128/1248/1871 1884/1567/2294 1260/1555/2269
f 400/1568/2295 1268/1569/2296 1885/1570/2297 1267/1571/2298
f 1268/1569/2299 388/1572/2300 1269/1573/2301 1885/1570/2297
f 1885/1570/2297 1269/1573/2301 414/1574/2302 1270/1575/2303
f 1267/1571/2298 1885/1570/2297 1270/1575/2303 402/1576/2304
f 415/1577/2305 1272/1578/2306 1886/1579/2307 1271/1580/2308
f 1272/1578/2306 389/1581/2309 1273/1582/2310 1886/1579/2311
f 1886/1579/2307 1273/1582/2312 401/1583/2313 1274/1584/2314
f 1271/1580/2308 1886/1579/2307 1274/1584/2314 403/1585/2315
f 400/1568/2316 1267/1571/2317 1887/1586/2318 1275/1587/2319
f 1267/1571/2317 402/1576/2320 1276/1588/2321 1887/1586/2322
f 1887/1586/2318 1276/1588/2321 404/1589/2323 1277/1590/2324
f 1275/1587/2319 1887/1586/2318 1277/1590/2324 398/1591/2325
f 405/1592/2326 1279/1593/2327 1888/1594/2328 1278/1595/2329
f 1279/1593/2327 403/1585/2330 1274/1584/2331 1888/1594/2332
f 1888/1594/2328 1274/1584/2331 401/1583/2333 1280/1596/2334
f 1278/1595/2329 1888/1594/2328 1280/1596/2334 399/1597/2335
f 398/1591/2325 1277/1590/2336 1889/1598/2337 1281/1599/2338
f 1277/1590/2324 404/1589/2323 1282/1600/2339 1889/1598/2337
f 1889/1598/2337 1282/1600/2339 406/1601/2340 1283/1602/2341
f 1281/1599/2338 1889/1598/2342 1283/1602/2341 396/1603/2343
f 407/1604/2344 1285/1605/2345 1890/1606/2346 1284/1607/2347
f 1285/1605/2345 405/1592/2326 1278/1595/2329 1890/1606/2348
f 1890/1606/2348 1278/1595/2349 399/1597/2335 1286/1608/2350
f 1284/1607/2347 1890/1606/2351 1286/1608/2350 397/1609/2352
f 396/1603/2343 1283/1602/2353 1891/1610/2354 1287/1611/2355
f 1283/1602/2341 406/1601/2340 1288/1612/2356 1891/1610/2354
f 1891/1610/2354 1288/1612/2357 408/1613/2358 1289/1614/2359
f 1287/1611/2355 1891/1610/2354 1289/1614/2359 394/1615/2360
f 409/1616/2361 1291/1617/2362 1892/1618/2363 1290/1619/2364
f 1291/1617/2365 407/1604/2344 1284/1607/2347 1892/1618/2363
f 1892/1618/2363 1284/1607/2366 397/1609/2352 1292/1620/2367
f 1290/1619/2364 1892/1618/2363 1292/1620/2367 395/1621/2368
f 394/1615/2360 1289/1614/2359 1893/1622/2369 1293/1623/2370
f 1289/1614/2359 408/1613/2358 1294/1624/2371 1893/1622/2369
f 1893/1622/2369 1294/1624/2371 410/1625/2372 1295/1626/2373
f 1293/1623/2374 1893/1622/2369 1295/1626/2375 392/1627/2376
f 411/1628/2377 1297/1629/2378 1894/1630/2379 1296/1631/2380
f 1297/1629/2378 409/1616/2361 1290/1619/2364 1894/1630/2379
f 1894/1630/2379 1290/1619/2364 395/1621/2381 1298/1632/2382
f 1296/1631/2383 1894/1630/2379 1298/1632/2384 393/1633/2385
f 392/1627/2376 1295/1626/2386 1895/1634/2387 1299/1635/2388
f 1295/1626/2386 410/1625/2372 1300/1636/2389 1895/1634/2387
f 1895/1634/2387 1300/1636/2389 412/1637/2390 1301/1638/2391
f 1299/1635/2388 1895/1634/2387 1301/1638/2391 390/1639/2392
f 413/1640/2393 1303/1641/2394 1896/1642/2395 1302/1643/2396
f 1303/1641/2394 411/1628/2377 1296/1631/2397 1896/1642/2395
f 1896/1642/2395 1296/1631/2397 393/1633/2385 1304/1644/2398
f 1302/1643/2396 1896/1642/2395 1304/1644/2398 391/1645/2399
f 410/1625/2372 1305/1646/2400 1897/1647/2401 1300/1636/2389
f 1305/1646/2402 420/1648/2403 1306/1649/2404 1897/1647/2405
f 1897/1647/2401 1306/1649/2404 418/1650/2406 1307/1651/2407
f 1300/1636/2389 1897/1647/2401 1307/1651/2407 412/1637/2390
f 419/1652/2408 1309/1653/2409 1898/1654/2410 1308/1655/2411
f 1309/1653/2409 421/1656/2412 1310/1657/2413 1898/1654/2414
f 1898/1654/2410 1310/1657/2415 411/1628/2377 1303/1641/2394
f 1308/1655/2411 1898/1654/2410 1303/1641/2394 413/1640/2393
f 408/1613/2358 1311/1658/2416 1899/1659/2417 1294/1624/2371
f 1311/1658/2416 422/1660/2418 1312/1661/2419 1899/1659/2417
f 1899/1659/2417 1312/1661/2419 420/1648/2403 1305/1646/2402
f 1294/1624/2371 1899/1659/2417 1305/1646/2420 410/1625/2372
f 421/1656/2412 1313/1662/2421 1900/1663/2422 1310/1657/2413
f 1313/1662/2421 423/1664/2423 1314/1665/2424 1900/1663/2422
f 1900/1663/2422 1314/1665/2425 409/1616/2361 1297/1629/2378
f 1310/1657/2426 1900/1663/2422 1297/1629/2378 411/1628/2377
f 406/1601/2340 1315/1666/2427 1901/1667/2428 1288/1612/2356
f 1315/1666/2429 424/1668/2430 1316/1669/2431 1901/1667/2432
f 1901/1667/2432 1316/1669/2431 422/1660/2418 1311/1658/2433
f 1288/1612/2434 1901/1667/2428 1311/1658/2433 408/1613/2358
f 423/1664/2423 1317/1670/2435 1902/1671/2436 1314/1665/2437
f 1317/1670/2435 425/1672/2438 1318/1673/2439 1902/1671/2436
f 1902/1671/2440 1318/1673/2441 407/1604/2344 1291/1617/2365
f 1314/1665/2437 1902/1671/2440 1291/1617/2442 409/1616/2361
f 404/1589/2443 1319/1674/2444 1903/1675/2445 1282/1600/2339
f 1319/1674/2444 426/1676/2446 1320/1677/2447 1903/1675/2445
f 1903/1675/2445 1320/1677/2447 424/1668/2430 1315/1666/2427
f 1282/1600/2339 1903/1675/2445 1315/1666/2427 406/1601/2340
f 425/1672/2438 1321/1678/2448 1904/1679/2449 1318/1673/2439
f 1321/1678/2448 427/1680/2450 1322/1681/2451 1904/1679/2449
f 1904/1679/2449 1322/1681/2451 405/1592/2452 1285/1605/2345
f 1318/1673/2441 1904/1679/2449 1285/1605/2345 407/1604/2344
f 402/1576/2304 1323/1682/2453 1905/1683/2454 1276/1588/2321
f 1323/1682/2453 428/1684/2455 1324/1685/2456 1905/1683/2454
f 1905/1683/2454 1324/1685/2456 426/1676/2446 1319/1674/2444
f 1276/1588/2457 1905/1683/2454 1319/1674/2444 404/1589/2443
f 427/1680/2450 1325/1686/2458 1906/1687/2459 1322/1681/2451
f 1325/1686/2458 429/1688/2460 1326/1689/2461 1906/1687/2459
f 1906/1687/2459 1326/1689/2461 403/1585/2315 1279/1593/2327
f 1322/1681/2451 1906/1687/2459 1279/1593/2327 405/1592/2452
f 402/1576/2320 1270/1575/2303 1907/1690/2462 1323/1682/2453
f 1270/1575/2303 414/1574/2302 1327/1691/2463 1907/1690/2462
f 1907/1690/2462 1327/1691/2464 416/1692/2465 1328/1693/2466
f 1323/1682/2453 1907/1690/2462 1328/1693/2466 428/1684/2455
f 417/1694/2467 1330/1695/2468 1908/1696/2469 1329/1697/2470
f 1330/1695/2471 415/1577/2305 1271/1580/2308 1908/1696/2469
f 1908/1696/2472 1271/1580/2308 403/1585/2330 1326/1689/2461
f 1329/1697/2470 1908/1696/2469 1326/1689/2461 429/1688/2460
f 318/1293/1932 1241/1518/2204 1909/1698/2473 1331/1699/2474
f 1241/1518/2204 320/1520/2271 1332/1700/2475 1909/1698/2473
f 1909/1698/2473 1332/1700/2476 444/1701/2477 1333/1702/2478
f 1331/1699/2474 1909/1698/2479 1333/1702/2478 442/1703/2480
f 445/1704/2481 1335/1705/2482 1910/1706/2483 1334/1707/2484
f 1335/1705/2485 321/1525/2282 1246/1524/2213 1910/1706/2483
f 1910/1706/2483 1246/1524/2213 319/1296/1935 1336/1708/2486
f 1334/1707/2484 1910/1706/2487 1336/1708/2486 443/1709/2488
f 320/1710/2271 1337/1711/2489 1911/1712/2490 1332/1713/2475
f 1337/1711/2489 390/1639/2392 1301/1638/2391 1911/1712/2490
f 1911/1712/2490 1301/1638/2391 412/1637/2390 1338/1714/2491
f 1332/1713/2492 1911/1712/2490 1338/1714/2491 444/1715/2493
f 413/1640/2393 1302/1643/2396 1912/1716/2494 1339/1717/2495
f 1302/1643/2396 391/1645/2399 1340/1718/2496 1912/1716/2494
f 1912/1716/2494 1340/1718/2496 321/1719/2282 1335/1720/2485
f 1339/1717/2495 1912/1716/2494 1335/1720/2497 445/1721/2498
f 310/1295/2153 1147/1294/2499 1913/1722/2500 1225/1484/2154
f 1147/1294/1933 318/1293/1932 1331/1699/2474 1913/1722/2500
f 1913/1722/2500 1331/1699/2501 442/1703/2480 1341/1723/2502
f 1225/1484/2154 1913/1722/2500 1341/1723/2503 312/1486/2167
f 443/1709/2488 1336/1708/2504 1914/1724/2505 1342/1725/2506
f 1336/1708/2486 319/1296/1935 1148/1299/1938 1914/1724/2505
f 1914/1724/2505 1148/1299/2507 311/1301/2166 1228/1491/2165
f 1342/1725/2508 1914/1724/2505 1228/1491/2165 313/1490/2178
f 382/1726/2509 1344/1727/2510 1915/1728/2511 1343/1729/2512
f 1344/1727/2510 430/1730/2513 1345/1731/2514 1915/1728/2511
f 1915/1728/2511 1345/1731/2515 414/1574/2516 1269/1573/2301
f 1343/1729/2517 1915/1728/2511 1269/1573/2301 388/1572/2300
f 415/1577/2518 1346/1732/2519 1916/1733/2520 1272/1578/2306
f 1346/1732/2521 431/1734/2522 1347/1735/2523 1916/1733/2520
f 1916/1733/2520 1347/1735/2523 383/1736/2524 1348/1737/2525
f 1272/1578/2306 1916/1733/2520 1348/1737/2526 389/1581/2309
f 412/1637/2390 1307/1651/2407 1917/1738/2527 1338/1714/2491
f 1307/1651/2407 418/1650/2406 1349/1739/2528 1917/1738/2529
f 1917/1738/2529 1349/1739/2530 440/1740/2531 1350/1741/2532
f 1338/1714/2491 1917/1738/2533 1350/1741/2534 444/1715/2493
f 441/1742/2535 1352/1743/2536 1918/1744/2537 1351/1745/2538
f 1352/1743/2539 419/1652/2408 1308/1655/2411 1918/1744/2540
f 1918/1744/2541 1308/1655/2411 413/1640/2393 1339/1717/2495
f 1351/1745/2542 1918/1744/2537 1339/1717/2495 445/1721/2498
f 438/1746/2543 1354/1747/2544 1919/1748/2545 1353/1749/2546
f 1354/1747/2544 446/1750/2547 1355/1751/2548 1919/1748/2549
f 1919/1748/2549 1355/1751/2550 444/1715/2477 1350/1741/2534
f 1353/1749/2546 1919/1748/2549 1350/1741/2551 440/1740/2531
f 445/1721/2481 1356/1752/2552 1920/1753/2553 1351/1745/2542
f 1356/1752/2552 447/1754/2554 1357/1755/2555 1920/1753/2553
f 1920/1753/2556 1357/1755/2555 439/1756/2557 1358/1757/2558
f 1351/1745/2559 1920/1753/2553 1358/1757/2558 441/1742/2535
f 434/1758/2560 1360/1759/2561 1921/1760/2562 1359/1761/2563
f 1360/1759/2561 446/1750/2547 1354/1747/2544 1921/1760/2562
f 1921/1760/2564 1354/1747/2544 438/1746/2543 1361/1762/2565
f 1359/1761/2563 1921/1760/2562 1361/1762/2565 436/1763/2566
f 439/1756/2557 1357/1755/2555 1922/1764/2567 1362/1765/2568
f 1357/1755/2555 447/1754/2554 1363/1766/2569 1922/1764/2570
f 1922/1764/2570 1363/1766/2569 435/1767/2571 1364/1768/2572
f 1362/1765/2568 1922/1764/2570 1364/1768/2572 437/1769/2573
f 432/1770/2574 1366/1771/2575 1923/1772/2576 1365/1773/2577
f 1366/1771/2575 448/1774/2578 1367/1775/2579 1923/1772/2576
f 1923/1772/2576 1367/1775/2579 446/1750/2547 1360/1759/2561
f 1365/1773/2577 1923/1772/2576 1360/1759/2561 434/1758/2560
f 447/1754/2554 1368/1776/2580 1924/1777/2581 1363/1766/2569
f 1368/1776/2580 449/1778/2582 1369/1779/2583 1924/1777/2581
f 1924/1777/2581 1369/1779/2583 433/1780/2584 1370/1781/2585
f 1363/1766/2569 1924/1777/2581 1370/1781/2585 435/1767/2571
f 430/1730/2513 1372/1782/2586 1925/1783/2587 1371/1784/2588
f 1372/1782/2586 448/1774/2578 1366/1771/2589 1925/1783/2587
f 1925/1783/2587 1366/1771/2575 432/1770/2574 1373/1785/2590
f 1371/1784/2588 1925/1783/2587 1373/1785/2590 450/1786/2591
f 433/1780/2584 1369/1779/2583 1926/1787/2592 1374/1788/2593
f 1369/1779/2583 449/1778/2582 1375/1789/2594 1926/1787/2592
f 1926/1787/2592 1375/1789/2594 431/1734/2522 1376/1790/2595
f 1374/1788/2593 1926/1787/2592 1376/1790/2595 451/1791/2596
f 414/1574/2302 1345/1731/2514 1927/1792/2597 1327/1691/2463
f 1345/1731/2514 430/1730/2513 1371/1784/2588 1927/1792/2597
f 1927/1792/2597 1371/1784/2588 450/1786/2591 1377/1793/2598
f 1327/1691/2463 1927/1792/2597 1377/1793/2599 416/1692/2465
f 451/1791/2596 1376/1790/2595 1928/1794/2600 1378/1795/2601
f 1376/1790/2595 431/1734/2522 1346/1732/2521 1928/1794/2600
f 1928/1794/2602 1346/1732/2521 415/1577/2305 1330/1695/2471
f 1378/1795/2603 1928/1794/2600 1330/1695/2471 417/1694/2467
f 312/1486/2167 1379/1796/2604 1929/1797/2605 1229/1492/2168
f 1379/1796/2604 448/1798/2578 1372/1799/2586 1929/1797/2605
f 1929/1797/2605 1372/1799/2586 430/1800/2513 1344/1801/2510
f 1229/1492/2168 1929/1797/2605 1344/1801/2510 382/1494/2509
f 431/1802/2522 1375/1803/2594 1930/1804/2606 1347/1805/2523
f 1375/1803/2594 449/1806/2582 1380/1807/2607 1930/1804/2606
f 1930/1804/2606 1380/1807/2607 313/1490/2178 1232/1499/2176
f 1347/1805/2523 1930/1804/2606 1232/1499/2176 383/1498/2524
f 312/1486/2167 1341/1723/2503 1931/1808/2608 1379/1796/2604
f 1341/1723/2502 442/1703/2480 1381/1809/2609 1931/1808/2608
f 1931/1808/2608 1381/1809/2610 446/1810/2547 1367/1811/2579
f 1379/1796/2604 1931/1808/2608 1367/1811/2579 448/1798/2578
f 447/1812/2554 1382/1813/2611 1932/1814/2612 1368/1815/2580
f 1382/1813/2611 443/1709/2488 1342/1725/2506 1932/1814/2612
f 1932/1814/2612 1342/1725/2508 313/1490/2178 1380/1807/2607
f 1368/1815/2580 1932/1814/2613 1380/1807/2607 449/1806/2582
f 442/1703/2480 1333/1702/2478 1933/1816/2614 1381/1809/2609
f 444/1701/2493 1355/1817/2548 1933/1816/2614 1333/1702/2615
f 446/1810/2547 1381/1809/2609 1933/1816/2614 1355/1817/2550
f 447/1812/2554 1356/1818/2552 1934/1819/2616 1382/1813/2611
f 445/1704/2498 1334/1707/2617 1934/1819/2616 1356/1818/2552
f 443/1709/2488 1382/1813/2611 1934/1819/2616 1334/1707/2484
f 416/1692/2618 1377/1793/2598 1935/1820/2619 1383/1821/2620
f 1377/1793/2599 450/1786/2591 1384/1822/2621 1935/1820/2619
f 1935/1820/2619 1384/1822/2621 452/1823/2622 1385/1824/2623
f 1383/1821/2620 1935/1820/2624 1385/1824/2625 476/1825/2626
f 453/1826/2627 1387/1827/2628 1936/1828/2629 1386/1829/2630
f 1387/1827/2628 451/1791/2596 1378/1795/2603 1936/1828/2629
f 1936/1828/2629 1378/1795/2601 417/1694/2631 1388/1830/2632
f 1386/1829/2633 1936/1828/2634 1388/1830/2632 477/1831/2635
f 450/1786/2591 1373/1785/2590 1937/1832/2636 1384/1822/2621
f 1373/1785/2590 432/1770/2574 1389/1833/2637 1937/1832/2636
f 1937/1832/2636 1389/1833/2637 462/1834/2638 1390/1835/2639
f 1384/1822/2621 1937/1832/2636 1390/1835/2640 452/1823/2622
f 463/1836/2641 1392/1837/2642 1938/1838/2643 1391/1839/2644
f 1392/1837/2642 433/1780/2645 1374/1788/2593 1938/1838/2643
f 1938/1838/2643 1374/1788/2593 451/1791/2596 1387/1827/2628
f 1391/1839/2646 1938/1838/2643 1387/1827/2628 453/1826/2627
f 432/1770/2574 1365/1773/2577 1939/1840/2647 1389/1833/2637
f 1365/1773/2577 434/1758/2560 1393/1841/2648 1939/1840/2647
f 1939/1840/2647 1393/1841/2648 460/1842/2649 1394/1843/2650
f 1389/1833/2637 1939/1840/2647 1394/1843/2651 462/1834/2652
f 461/1844/2653 1396/1845/2654 1940/1846/2655 1395/1847/2656
f 1396/1845/2654 435/1767/2571 1370/1781/2585 1940/1846/2655
f 1940/1846/2655 1370/1781/2585 433/1780/2584 1392/1837/2642
f 1395/1847/2656 1940/1846/2655 1392/1837/2642 463/1836/2641
f 434/1758/2560 1359/1761/2657 1941/1848/2658 1393/1841/2648
f 1359/1761/2659 436/1763/2566 1397/1849/2660 1941/1848/2658
f 1941/1848/2658 1397/1849/2660 458/1850/2661 1398/1851/2662
f 1393/1841/2648 1941/1848/2658 1398/1851/2663 460/1842/2649
f 459/1852/2664 1400/1853/2665 1942/1854/2666 1399/1855/2667
f 1400/1853/2665 437/1769/2573 1364/1768/2572 1942/1854/2666
f 1942/1854/2666 1364/1768/2668 435/1767/2571 1396/1845/2654
f 1399/1855/2669 1942/1854/2666 1396/1845/2654 461/1844/2653
f 436/1763/2566 1361/1762/2565 1943/1856/2670 1397/1849/2660
f 1361/1762/2565 438/1746/2543 1401/1857/2671 1943/1856/2670
f 1943/1856/2670 1401/1857/2671 456/1858/2672 1402/1859/2673
f 1397/1849/2660 1943/1856/2670 1402/1859/2673 458/1850/2674
f 457/1860/2675 1404/1861/2676 1944/1862/2677 1403/1863/2678
f 1404/1861/2676 439/1756/2557 1362/1765/2568 1944/1862/2677
f 1944/1862/2677 1362/1765/2568 437/1769/2573 1400/1853/2665
f 1403/1863/2678 1944/1862/2677 1400/1853/2665 459/1852/2679
f 438/1746/2543 1353/1749/2546 1945/1864/2680 1401/1857/2671
f 1353/1749/2546 440/1740/2531 1405/1865/2681 1945/1864/2680
f 1945/1864/2680 1405/1865/2682 454/1866/2683 1406/1867/2684
f 1401/1857/2671 1945/1864/2680 1406/1867/2684 456/1858/2685
f 455/1868/2686 1408/1869/2687 1946/1870/2688 1407/1871/2689
f 1408/1869/2690 441/1742/2535 1358/1757/2558 1946/1870/2688
f 1946/1870/2688 1358/1757/2558 439/1756/2557 1404/1861/2676
f 1407/1871/2689 1946/1870/2688 1404/1861/2676 457/1860/2675
f 440/1740/2691 1349/1739/2528 1947/1872/2692 1405/1865/2681
f 1349/1739/2530 418/1650/2406 1409/1873/2693 1947/1872/2692
f 1947/1872/2692 1409/1873/2694 474/1874/2695 1410/1875/2696
f 1405/1865/2681 1947/1872/2692 1410/1875/2696 454/1866/2697
f 475/1876/2698 1412/1877/2699 1948/1878/2700 1411/1879/2701
f 1412/1877/2702 419/1652/2408 1352/1743/2536 1948/1878/2700
f 1948/1878/2700 1352/1743/2539 441/1742/2535 1408/1869/2690
f 1411/1879/2701 1948/1878/2700 1408/1869/2690 455/1868/2703
f 428/1684/2455 1328/1693/2466 1949/1880/2704 1413/1881/2705
f 1328/1693/2466 416/1692/2618 1383/1821/2620 1949/1880/2706
f 1949/1880/2704 1383/1821/2620 476/1825/2626 1414/1882/2707
f 1413/1881/2708 1949/1880/2704 1414/1882/2707 464/1883/2709
f 477/1831/2635 1388/1830/2632 1950/1884/2710 1415/1885/2711
f 1388/1830/2632 417/1694/2631 1329/1697/2470 1950/1884/2712
f 1950/1884/2710 1329/1697/2470 429/1688/2460 1416/1886/2713
f 1415/1885/2711 1950/1884/2710 1416/1886/2714 465/1887/2715
f 426/1676/2446 1324/1685/2456 1951/1888/2716 1417/1889/2717
f 1324/1685/2456 428/1684/2455 1413/1881/2705 1951/1888/2718
f 1951/1888/2718 1413/1881/2705 464/1883/2709 1418/1890/2719
f 1417/1889/2717 1951/1888/2718 1418/1890/2720 466/1891/2721
f 465/1887/2715 1416/1886/2713 1952/1892/2722 1419/1893/2723
f 1416/1886/2713 429/1688/2460 1325/1686/2458 1952/1892/2722
f 1952/1892/2724 1325/1686/2458 427/1680/2450 1420/1894/2725
f 1419/1893/2726 1952/1892/2722 1420/1894/2725 467/1895/2727
f 424/1668/2430 1320/1677/2447 1953/1896/2728 1421/1897/2729
f 1320/1677/2447 426/1676/2446 1417/1889/2717 1953/1896/2730
f 1953/1896/2730 1417/1889/2717 466/1891/2721 1422/1898/2731
f 1421/1897/2729 1953/1896/2732 1422/1898/2733 468/1899/2734
f 467/1895/2727 1420/1894/2725 1954/1900/2735 1423/1901/2736
f 1420/1894/2725 427/1680/2450 1321/1678/2448 1954/1900/2737
f 1954/1900/2737 1321/1678/2448 425/1672/2438 1424/1902/2738
f 1423/1901/2736 1954/1900/2739 1424/1902/2740 469/1903/2741
f 422/1660/2418 1316/1669/2431 1955/1904/2742 1425/1905/2743
f 1316/1669/2431 424/1668/2430 1421/1897/2729 1955/1904/2744
f 1955/1904/2742 1421/1897/2729 468/1899/2745 1426/1906/2746
f 1425/1905/2743 1955/1904/2744 1426/1906/2746 470/1907/2747
f 469/1903/2748 1424/1902/2738 1956/1908/2749 1427/1909/2750
f 1424/1902/2738 425/1672/2438 1317/1670/2435 1956/1908/2749
f 1956/1908/2749 1317/1670/2435 423/1664/2423 1428/1910/2751
f 1427/1909/2750 1956/1908/2752 1428/1910/2753 471/1911/2754
f 420/1648/2403 1312/1661/2419 1957/1912/2755 1429/1913/2756
f 1312/1661/2419 422/1660/2418 1425/1905/2757 1957/1912/2755
f 1957/1912/2758 1425/1905/2743 470/1907/2747 1430/1914/2759
f 1429/1913/2760 1957/1912/2758 1430/1914/2761 472/1915/2762
f 471/1911/2754 1428/1910/2753 1958/1916/2763 1431/1917/2764
f 1428/1910/2753 423/1664/2423 1313/1662/2421 1958/1916/2765
f 1958/1916/2765 1313/1662/2421 421/1656/2412 1432/1918/2766
f 1431/1917/2767 1958/1916/2763 1432/1918/2768 473/1919/2769
f 418/1650/2406 1306/1649/2404 1959/1920/2770 1409/1873/2694
f 1306/1649/2404 420/1648/2403 1429/1913/2771 1959/1920/2770
f 1959/1920/2770 1429/1913/2760 472/1915/2762 1433/1921/2772
f 1409/1873/2694 1959/1920/2770 1433/1921/2772 474/1874/2695
f 473/1919/2769 1432/1918/2773 1960/1922/2774 1434/1923/2775
f 1432/1918/2768 421/1656/2412 1309/1653/2409 1960/1922/2774
f 1960/1922/2774 1309/1653/2409 419/1652/2408 1412/1877/2699
f 1434/1923/2775 1960/1922/2774 1412/1877/2699 475/1876/2698
f 458/1850/2661 1402/1859/2673 1961/1924/2776 1435/1925/2777
f 1402/1859/2673 456/1858/2672 1436/1926/2778 1961/1924/2776
f 1961/1924/2776 1436/1926/2778 480/1927/2779 1437/1928/2780
f 1435/1925/2777 1961/1924/2781 1437/1928/2780 478/1929/2782
f 481/1930/2783 1439/1931/2784 1962/1932/2785 1438/1933/2786
f 1439/1931/2784 457/1860/2787 1403/1863/2678 1962/1932/2785
f 1962/1932/2785 1403/1863/2678 459/1852/2664 1440/1934/2788
f 1438/1933/2786 1962/1932/2789 1440/1934/2790 479/1935/2791
f 478/1929/2782 1437/1928/2780 1963/1936/2792 1441/1937/2793
f 1437/1928/2780 480/1927/2794 1442/1938/2795 1963/1936/2792
f 1963/1936/2792 1442/1938/2795 482/1939/2796 1443/1940/2797
f 1441/1937/2793 1963/1936/2792 1443/1940/2797 484/1941/2798
f 483/1942/2799 1445/1943/2800 1964/1944/2801 1444/1945/2802
f 1445/1943/2803 481/1930/2804 1438/1933/2786 1964/1944/2805
f 1964/1944/2801 1438/1933/2786 479/1935/2791 1446/1946/2806
f 1444/1945/2802 1964/1944/2801 1446/1946/2806 485/1947/2807
f 484/1941/2798 1443/1940/2797 1965/1948/2808 1447/1949/2809
f 1443/1940/2797 482/1939/2796 1448/1950/2810 1965/1948/2808
f 1965/1948/2808 1448/1950/2810 488/1951/2811 1449/1952/2812
f 1447/1949/2809 1965/1948/2808 1449/1952/2812 486/1953/2813
f 489/1954/2814 1451/1955/2815 1966/1956/2816 1450/1957/2817
f 1451/1955/2815 483/1942/2799 1444/1945/2802 1966/1956/2816
f 1966/1956/2816 1444/1945/2802 485/1947/2807 1452/1958/2818
f 1450/1957/2817 1966/1956/2816 1452/1958/2818 487/1959/2819
f 486/1953/2813 1449/1952/2812 1967/1960/2820 1453/1961/2821
f 1449/1952/2812 488/1951/2811 1454/1962/2822 1967/1960/2820
f 1967/1960/2820 1454/1962/2823 490/1963/2824 1455/1964/2825
f 1453/1961/2821 1967/1960/2820 1455/1964/2825 492/1965/2826
f 491/1966/2827 1457/1967/2828 1968/1968/2829 1456/1969/2830
f 1457/1967/2831 489/1954/2814 1450/1957/2817 1968/1968/2829
f 1968/1968/2829 1450/1957/2817 487/1959/2819 1458/1970/2832
f 1456/1969/2830 1968/1968/2829 1458/1970/2832 493/1971/2833
f 464/1883/2709 1414/1882/2707 1969/1972/2834 1459/1973/2835
f 1414/1882/2707 476/1825/2836 1460/1974/2837 1969/1972/2834
f 1969/1972/2834 1460/1974/2837 486/1953/2813 1453/1961/2838
f 1459/1973/2835 1969/1972/2834 1453/1961/2821 492/1965/2826
f 487/1959/2819 1461/1975/2839 1970/1976/2840 1458/1970/2841
f 1461/1975/2839 477/1831/2842 1415/1885/2711 1970/1976/2840
f 1970/1976/2840 1415/1885/2711 465/1887/2715 1462/1977/2843
f 1458/1970/2832 1970/1976/2840 1462/1977/2843 493/1971/2833
f 452/1823/2622 1463/1978/2844 1971/1979/2845 1385/1824/2846
f 1463/1978/2844 484/1941/2798 1447/1949/2809 1971/1979/2845
f 1971/1979/2845 1447/1949/2809 486/1953/2813 1460/1974/2837
f 1385/1824/2846 1971/1979/2847 1460/1974/2837 476/1825/2836
f 487/1959/2819 1452/1958/2818 1972/1980/2848 1461/1975/2839
f 1452/1958/2818 485/1947/2807 1464/1981/2849 1972/1980/2848
f 1972/1980/2848 1464/1981/2849 453/1826/2627 1386/1829/2850
f 1461/1975/2839 1972/1980/2851 1386/1829/2852 477/1831/2842
f 452/1823/2622 1390/1835/2640 1973/1982/2853 1463/1978/2844
f 1390/1835/2640 462/1834/2638 1465/1983/2854 1973/1982/2853
f 1973/1982/2853 1465/1983/2855 478/1929/2782 1441/1937/2793
f 1463/1978/2844 1973/1982/2856 1441/1937/2793 484/1941/2798
f 479/1935/2791 1466/1984/2857 1974/1985/2858 1446/1946/2806
f 1466/1984/2859 463/1836/2641 1391/1839/2860 1974/1985/2858
f 1974/1985/2861 1391/1839/2860 453/1826/2627 1464/1981/2849
f 1446/1946/2806 1974/1985/2862 1464/1981/2849 485/1947/2807
f 458/1850/2674 1435/1925/2777 1975/1986/2863 1398/1851/2864
f 1435/1925/2777 478/1929/2782 1465/1983/2854 1975/1986/2863
f 1975/1986/2863 1465/1983/2854 462/1834/2638 1394/1843/2865
f 1398/1851/2866 1975/1986/2863 1394/1843/2651 460/1842/2649
f 463/1836/2641 1466/1984/2859 1976/1987/2867 1395/1847/2868
f 1466/1984/2859 479/1935/2869 1440/1934/2788 1976/1987/2867
f 1976/1987/2867 1440/1934/2788 459/1852/2679 1399/1855/2870
f 1395/1847/2868 1976/1987/2871 1399/1855/2872 461/1844/2653
f 454/1866/2697 1410/1875/2696 1977/1988/2873 1406/1867/2684
f 1410/1875/2696 474/1874/2695 1467/1989/2874 1977/1988/2875
f 1977/1988/2875 1467/1989/2876 480/1927/2779 1436/1926/2877
f 1406/1867/2684 1977/1988/2873 1436/1926/2877 456/1858/2685
f 481/1930/2783 1468/1990/2878 1978/1991/2879 1439/1931/2880
f 1468/1990/2881 475/1876/2698 1411/1879/2701 1978/1991/2879
f 1978/1991/2882 1411/1879/2701 455/1868/2703 1407/1871/2689
f 1439/1931/2880 1978/1991/2879 1407/1871/2689 457/1860/2675
f 472/1915/2883 1469/1992/2884 1979/1993/2885 1433/1921/2772
f 1469/1992/2884 482/1939/2886 1442/1938/2887 1979/1993/2885
f 1979/1993/2885 1442/1938/2795 480/1927/2779 1467/1989/2876
f 1433/1921/2772 1979/1993/2885 1467/1989/2874 474/1874/2695
f 481/1930/2783 1445/1943/2800 1980/1994/2888 1468/1990/2878
f 1445/1943/2803 483/1942/2889 1470/1995/2890 1980/1994/2888
f 1980/1994/2888 1470/1995/2890 473/1919/2891 1434/1923/2775
f 1468/1990/2881 1980/1994/2888 1434/1923/2775 475/1876/2698
f 470/1907/2747 1471/1996/2892 1981/1997/2893 1430/1914/2759
f 1471/1996/2892 488/1951/2811 1448/1950/2810 1981/1997/2894
f 1981/1997/2894 1448/1950/2810 482/1939/2796 1469/1992/2884
f 1430/1914/2895 1981/1997/2894 1469/1992/2884 472/1915/2762
f 483/1942/2799 1451/1955/2815 1982/1998/2896 1470/1995/2890
f 1451/1955/2815 489/1954/2814 1472/1999/2897 1982/1998/2896
f 1982/1998/2898 1472/1999/2897 471/1911/2754 1431/1917/2764
f 1470/1995/2890 1982/1998/2896 1431/1917/2767 473/1919/2769
f 468/1899/2745 1473/2000/2899 1983/2001/2900 1426/1906/2746
f 1473/2000/2899 490/1963/2824 1454/1962/2822 1983/2001/2900
f 1983/2001/2900 1454/1962/2822 488/1951/2811 1471/1996/2892
f 1426/1906/2746 1983/2001/2900 1471/1996/2892 470/1907/2747
f 489/1954/2814 1457/1967/2831 1984/2002/2901 1472/1999/2902
f 1457/1967/2831 491/1966/2827 1474/2003/2903 1984/2002/2901
f 1984/2002/2901 1474/2003/2903 469/1903/2748 1427/1909/2750
f 1472/1999/2897 1984/2002/2901 1427/1909/2750 471/1911/2754
f 466/1891/2721 1475/2004/2904 1985/2005/2905 1422/1898/2733
f 1475/2004/2906 492/1965/2826 1455/1964/2825 1985/2005/2907
f 1985/2005/2907 1455/1964/2825 490/1963/2824 1473/2000/2899
f 1422/1898/2733 1985/2005/2907 1473/2000/2899 468/1899/2734
f 491/1966/2827 1456/1969/2830 1986/2006/2908 1474/2003/2903
f 1456/1969/2830 493/1971/2833 1476/2007/2909 1986/2006/2908
f 1986/2006/2910 1476/2007/2911 467/1895/2727 1423/1901/2736
f 1474/2003/2903 1986/2006/2908 1423/1901/2736 469/1903/2912
f 464/1883/2913 1459/1973/2914 1987/2008/2915 1418/1890/2720
f 492/1965/2826 1475/2004/2906 1987/2008/2916 1459/1973/2914
f 466/1891/2721 1418/1890/2719 1987/2008/2915 1475/2004/2906
f 467/1895/2727 1476/2007/2911 1988/2009/2917 1419/1893/2723
f 493/1971/2833 1462/1977/2918 1988/2009/2919 1476/2007/2909
f 465/1887/2920 1419/1893/2726 1988/2009/2917 1462/1977/2918
f 392/1627/2376 1299/1635/2388 1989/2010/2921 1477/2011/2922
f 1299/1635/2388 390/1639/2392 1478/2012/2923 1989/2010/2921
f 1989/2010/2921 1478/2012/2923 504/2013/2924 1479/2014/2925
f 1477/2011/2922 1989/2010/2921 1479/2014/2926 502/2015/2927
f 505/2016/2928 1481/2017/2929 1990/2018/2930 1480/2019/2931
f 1481/2017/2929 391/1645/2399 1304/1644/2398 1990/2018/2930
f 1990/2018/2930 1304/1644/2398 393/1633/2385 1482/2020/2932
f 1480/2019/2933 1990/2018/2930 1482/2020/2932 503/2021/2934
f 394/1615/2935 1293/1623/2370 1991/2022/2936 1483/2023/2937
f 1293/1623/2370 392/1627/2376 1477/2011/2922 1991/2022/2938
f 1991/2022/2936 1477/2011/2939 502/2015/2927 1484/2024/2940
f 1483/2023/2941 1991/2022/2942 1484/2024/2940 500/2025/2943
f 503/2021/2934 1482/2020/2944 1992/2026/2945 1485/2027/2946
f 1482/2020/2932 393/1633/2385 1298/1632/2382 1992/2026/2947
f 1992/2026/2945 1298/1632/2382 395/1621/2948 1486/2028/2949
f 1485/2027/2946 1992/2026/2950 1486/2028/2951 501/2029/2952
f 396/1603/2343 1287/1611/2355 1993/2030/2953 1487/2031/2954
f 1287/1611/2955 394/1615/2360 1483/2023/2937 1993/2030/2953
f 1993/2030/2953 1483/2023/2956 500/2025/2957 1488/2032/2958
f 1487/2031/2959 1993/2030/2953 1488/2032/2958 498/2033/2960
f 501/2029/2952 1486/2028/2951 1994/2034/2961 1489/2035/2962
f 1486/2028/2949 395/1621/2381 1292/1620/2963 1994/2034/2961
f 1994/2034/2961 1292/1620/2367 397/1609/2352 1490/2036/2964
f 1489/2035/2962 1994/2034/2961 1490/2036/2965 499/2037/2966
f 398/2038/2967 1281/2039/2968 1995/2040/2969 1491/2041/2970
f 1281/2039/2968 396/1603/2343 1487/2031/2959 1995/2040/2971
f 1995/2040/2972 1487/2031/2954 498/2033/2960 1492/2042/2973
f 1491/2041/2970 1995/2040/2969 1492/2042/2973 496/2043/2974
f 499/2037/2975 1490/2036/2976 1996/2044/2977 1493/2045/2978
f 1490/2036/2965 397/1609/2352 1286/2046/2979 1996/2044/2980
f 1996/2044/2981 1286/2046/2979 399/2047/2982 1494/2048/2983
f 1493/2045/2978 1996/2044/2981 1494/2048/2983 497/2049/2984
f 400/2050/2295 1275/2051/2319 1997/2052/2985 1495/2053/2986
f 1275/2051/2319 398/2038/2987 1491/2041/2988 1997/2052/2989
f 1997/2052/2990 1491/2041/2970 496/2043/2991 1496/2054/2992
f 1495/2053/2986 1997/2052/2985 1496/2054/2993 494/2055/2994
f 497/2049/2995 1494/2048/2983 1998/2056/2996 1497/2057/2997
f 1494/2048/2998 399/2047/2999 1280/2058/2334 1998/2056/3000
f 1998/2056/3001 1280/2058/2334 401/2059/2313 1498/2060/3002
f 1497/2057/3003 1998/2056/3001 1498/2060/3002 495/2061/3004
f 388/2062/3005 1268/2063/2299 1999/2064/3006 1499/2065/3007
f 1268/2063/2299 400/2050/2295 1495/2053/3008 1999/2064/3009
f 1999/2064/3006 1495/2053/2986 494/2055/3010 1500/2066/3011
f 1499/2065/3007 1999/2064/3006 1500/2066/3011 506/2067/3012
f 495/2061/3013 1498/2060/3002 2000/2068/3014 1501/2069/3015
f 1498/2060/3016 401/2059/2313 1273/2070/2310 2000/2068/3017
f 2000/2068/3014 1273/2070/2310 389/2071/2309 1502/2072/3018
f 1501/2069/3015 2000/2068/3014 1502/2072/3018 507/2073/3019
f 494/2055/3010 1503/2074/3020 2001/2075/3021 1500/2066/3011
f 1503/2074/3020 502/2015/2927 1479/2014/3022 2001/2075/3023
f 2001/2075/3024 1479/2014/2925 504/2013/2924 1504/2076/3025
f 1500/2066/3011 2001/2075/3023 1504/2076/3026 506/2067/3027
f 505/2016/3028 1480/2019/2931 2002/2077/3029 1505/2078/3030
f 1480/2019/3031 503/2021/2934 1506/2079/3032 2002/2077/3029
f 2002/2077/3033 1506/2079/3032 495/2061/3013 1501/2069/3015
f 1505/2078/3034 2002/2077/3035 1501/2069/3015 507/2073/3036
f 494/2055/3010 1496/2054/2993 2003/2080/3037 1503/2074/3020
f 1496/2054/2993 496/2043/2991 1507/2081/3038 2003/2080/3037
f 2003/2080/3037 1507/2081/3038 500/2025/2957 1484/2024/2940
f 1503/2074/3039 2003/2080/3037 1484/2024/2940 502/2015/2927
f 501/2029/2952 1508/2082/3040 2004/2083/3041 1485/2027/2946
f 1508/2082/3040 497/2049/2995 1497/2057/3003 2004/2083/3041
f 2004/2083/3041 1497/2057/3003 495/2061/3013 1506/2079/3032
f 1485/2027/2946 2004/2083/3041 1506/2079/3042 503/2021/2934
f 496/2043/3043 1492/2042/2973 2005/2084/3044 1507/2081/3038
f 498/2033/3045 1488/2032/2958 2005/2084/3044 1492/2042/2973
f 500/2025/2957 1507/2081/3038 2005/2084/3044 1488/2032/2958
f 501/2029/2952 1489/2035/2962 2006/2085/3046 1508/2082/3040
f 499/2037/3047 1493/2045/2978 2006/2085/3046 1489/2035/2962
f 497/2049/3048 1508/2082/3040 2006/2085/3046 1493/2045/2978
f 314/2086/3049 1233/2087/2180 2007/2088/3050 1509/2089/3051
f 1233/2087/2180 382/2090/2509 1343/2091/3052 2007/2088/3053
f 2007/2088/3050 1343/2091/3052 388/2062/3054 1499/2065/3007
f 1509/2089/3051 2007/2088/3055 1499/2065/3007 506/2067/3012
f 389/2071/3056 1348/2092/2526 2008/2093/3057 1502/2072/3018
f 1348/2092/2526 383/2094/2524 1234/2095/2184 2008/2093/3058
f 2008/2093/3057 1234/2095/2184 315/2096/3059 1510/2097/3060
f 1502/2072/3018 2008/2093/3061 1510/2097/3062 507/2073/3019
f 314/2086/2048 1509/2089/3051 2009/2098/3063 1253/2099/2250
f 1509/2089/3064 506/2067/3012 1504/2076/3065 2009/2098/3063
f 2009/2098/3063 1504/2076/3065 504/2013/2924 1511/2100/3066
f 1253/2099/2250 2009/2098/3063 1511/2100/3066 322/2101/2252
f 505/2016/3028 1505/2078/3067 2010/2102/3068 1512/2103/3069
f 1505/2078/3067 507/2073/3019 1510/2097/3070 2010/2102/3068
f 2010/2102/3068 1510/2097/3062 315/2096/2063 1258/2104/2261
f 1512/2103/3069 2010/2102/3068 1258/2104/2261 323/2105/2260
f 320/1710/2208 1261/2106/2273 2011/2107/3071 1337/1711/2489
f 1261/2106/2273 322/2101/2252 1511/2100/3066 2011/2107/3071
f 2011/2107/3072 1511/2100/3066 504/2013/3073 1478/2012/2923
f 1337/1711/2489 2011/2107/3071 1478/2012/2923 390/1639/2392
f 505/2016/2928 1512/2103/3069 2012/2108/3074 1481/2017/2929
f 1512/2103/3069 323/2105/2260 1264/2109/2283 2012/2108/3075
f 2012/2108/3075 1264/2109/2283 321/1719/2215 1340/1718/2496
f 1481/2017/2929 2012/2108/3075 1340/1718/2496 391/1645/2399
